2025-01-05 12:02:58 [scrapy.utils.log] INFO: Scrapy 2.12.0 started (bot: knowledge_scraper)
2025-01-05 12:02:58 [scrapy.utils.log] INFO: Versions: lxml 5.3.0.0, libxml2 2.12.9, cssselect 1.2.0, parsel 1.9.1, w3lib 2.2.1, Twisted 24.10.0, Python 3.13.0 (main, Oct  8 2024, 00:00:00) [GCC 14.2.1 20240912 (Red Hat 14.2.1-3)], pyOpenSSL 24.2.1 (OpenSSL 3.3.2 3 Sep 2024), cryptography 43.0.3, Platform Linux-6.11.11-300.fc41.x86_64-x86_64-with-glibc2.40
2025-01-05 12:02:58 [scrapy.addons] INFO: Enabled addons:
[]
2025-01-05 12:02:58 [scrapy.extensions.telnet] INFO: Telnet Password: c2f913b9f61530a6
2025-01-05 12:02:58 [scrapy.middleware] INFO: Enabled extensions:
['scrapy.extensions.corestats.CoreStats',
 'scrapy.extensions.telnet.TelnetConsole',
 'scrapy.extensions.memusage.MemoryUsage',
 'scrapy.extensions.feedexport.FeedExporter',
 'scrapy.extensions.logstats.LogStats',
 'scrapy.extensions.throttle.AutoThrottle']
2025-01-05 12:02:58 [scrapy.crawler] INFO: Overridden settings:
{'AUTOTHROTTLE_ENABLED': True,
 'BOT_NAME': 'knowledge_scraper',
 'EDITOR': '/usr/bin/nano',
 'FEED_EXPORT_ENCODING': 'utf-8',
 'LOG_FILE': 'log.log',
 'LOG_LEVEL': 'INFO',
 'NEWSPIDER_MODULE': 'knowledge_scraper.spiders',
 'SPIDER_MODULES': ['knowledge_scraper.spiders'],
 'TWISTED_REACTOR': 'twisted.internet.asyncioreactor.AsyncioSelectorReactor',
 'USER_AGENT': None}
2025-01-05 12:02:58 [scrapy.middleware] INFO: Enabled downloader middlewares:
['scrapy.downloadermiddlewares.offsite.OffsiteMiddleware',
 'scrapy.downloadermiddlewares.httpauth.HttpAuthMiddleware',
 'scrapy.downloadermiddlewares.downloadtimeout.DownloadTimeoutMiddleware',
 'scrapy.downloadermiddlewares.defaultheaders.DefaultHeadersMiddleware',
 'scrapy.downloadermiddlewares.useragent.UserAgentMiddleware',
 'scrapy.downloadermiddlewares.retry.RetryMiddleware',
 'scrapy.downloadermiddlewares.redirect.MetaRefreshMiddleware',
 'scrapy.downloadermiddlewares.httpcompression.HttpCompressionMiddleware',
 'scrapy.downloadermiddlewares.redirect.RedirectMiddleware',
 'scrapy.downloadermiddlewares.cookies.CookiesMiddleware',
 'scrapy.downloadermiddlewares.httpproxy.HttpProxyMiddleware',
 'scrapy.downloadermiddlewares.stats.DownloaderStats']
2025-01-05 12:02:58 [scrapy.middleware] INFO: Enabled spider middlewares:
['scrapy.spidermiddlewares.httperror.HttpErrorMiddleware',
 'scrapy.spidermiddlewares.referer.RefererMiddleware',
 'scrapy.spidermiddlewares.urllength.UrlLengthMiddleware',
 'scrapy.spidermiddlewares.depth.DepthMiddleware']
2025-01-05 12:02:58 [scrapy.middleware] INFO: Enabled item pipelines:
['knowledge_scraper.pipelines.ValidationPipeline']
2025-01-05 12:02:58 [scrapy.core.engine] INFO: Spider opened
2025-01-05 12:02:58 [scrapy.extensions.logstats] INFO: Crawled 0 pages (at 0 pages/min), scraped 0 items (at 0 items/min)
2025-01-05 12:02:58 [scrapy.extensions.telnet] INFO: Telnet console listening on 127.0.0.1:6023
2025-01-05 12:02:58 [scrapy-playwright] INFO: Starting download handler
2025-01-05 12:02:58 [scrapy-playwright] INFO: Starting download handler
2025-01-05 12:03:03 [scrapy-playwright] INFO: Launching browser chromium
2025-01-05 12:03:03 [scrapy-playwright] INFO: Browser chromium launched
2025-01-05 12:03:09 [pb] INFO: Scraping: stopped parsing item - OrganizationItem - no valid organization_type found -> name: "Faculty Chemical Laboratory";
2025-01-05 12:03:09 [pb] INFO: Scraping: stopped parsing item - OrganizationItem - no valid organization_type found -> name: "Laboratory of the Faculty of Computer Science";
2025-01-05 12:03:09 [pb] INFO: Scraping: stopped parsing item - OrganizationItem - no valid organization_type found -> name: "Center of Postgraduate Education";
2025-01-05 12:03:09 [pb] INFO: Scraping: stopped parsing item - OrganizationItem - no valid organization_type found -> name: "Doctoral School";
2025-01-05 12:03:09 [pb] INFO: Scraping: stopped parsing item - OrganizationItem - no valid organization_type found -> name: "Central Administration";
2025-01-05 12:03:09 [pb] INFO: Scraping: stopped parsing item - OrganizationItem - no valid organization_type found -> name: "University Archive and History Center of BUT";
2025-01-05 12:03:09 [pb] INFO: Scraping: stopped parsing item - OrganizationItem - no valid organization_type found -> name: "Library of Bialystok University of Technology";
2025-01-05 12:03:09 [pb] INFO: Scraping: stopped parsing item - OrganizationItem - no valid organization_type found -> name: "Foreign Languages Centre";
2025-01-05 12:03:09 [pb] INFO: Scraping: stopped parsing item - OrganizationItem - no valid organization_type found -> name: "Centre for Physical Education and Sport";
2025-01-05 12:03:13 [pb] WARNING: Scraping: stopped parsing item - ScientistItem - no first_name, last_name or academic_title found -> profile_url: "https://bazawiedzy.pb.edu.pl/info/author/BUT8667f8e9c57e4adba381f4b0001928f7?r=author&tab=&title=Person%2Bprofile%2B%25E2%2580%2593%2BDawid%2BPrzemys%25C5%2582aw%2BBi%25C5%2584czyk%2B%25E2%2580%2593%2BBialystok%2BUniversity%2Bof%2BTechnology&lang=en";
2025-01-05 12:03:13 [pb] WARNING: Scraping: stopped parsing item - ScientistItem - no first_name, last_name or academic_title found -> profile_url: "https://bazawiedzy.pb.edu.pl/info/author/BUT9694982fdbe1418fab83025fca53447b?r=author&tab=&title=Person%2Bprofile%2B%25E2%2580%2593%2BMicha%25C5%2582%2BMursztyn%2B%25E2%2580%2593%2BBialystok%2BUniversity%2Bof%2BTechnology&lang=en";
2025-01-05 12:03:21 [knowledge_scraper.pipelines] INFO: Validation: set field to null - ScientistItem - validate_and_null: value corresponding to key "position" is None. Nothing to do -> identifier: "68a5ffcb-0b23-5230-9fe9-54c2886f2e7f"; name: "MSc Waldemar Szabłowski"; profile_url: "https://bazawiedzy.pb.edu.pl/info/author/BUT7aaddfe4d8b7410f9f03f3aefa2b3279?r=author&tab=&title=Person%2Bprofile%2B%25E2%2580%2593%2BWaldemar%2BSzab%25C5%2582owski%2B%25E2%2580%2593%2BBialystok%2BUniversity%2Bof%2BTechnology&lang=en";
2025-01-05 12:03:21 [knowledge_scraper.pipelines] INFO: Validation: set field to null - ScientistItem - validate_and_null: value corresponding to key "email" is None. Nothing to do -> identifier: "68a5ffcb-0b23-5230-9fe9-54c2886f2e7f"; name: "MSc Waldemar Szabłowski"; profile_url: "https://bazawiedzy.pb.edu.pl/info/author/BUT7aaddfe4d8b7410f9f03f3aefa2b3279?r=author&tab=&title=Person%2Bprofile%2B%25E2%2580%2593%2BWaldemar%2BSzab%25C5%2582owski%2B%25E2%2580%2593%2BBialystok%2BUniversity%2Bof%2BTechnology&lang=en";
2025-01-05 12:03:21 [pb] WARNING: Scraping: stopped parsing item - BibliometricsItem - no publication_count found -> scientist_id: "68a5ffcb-0b23-5230-9fe9-54c2886f2e7f"; profile_url: "https://bazawiedzy.pb.edu.pl/info/author/BUT7aaddfe4d8b7410f9f03f3aefa2b3279?r=author&tab=&title=Person%2Bprofile%2B%25E2%2580%2593%2BWaldemar%2BSzab%25C5%2582owski%2B%25E2%2580%2593%2BBialystok%2BUniversity%2Bof%2BTechnology&lang=en";
2025-01-05 12:03:28 [knowledge_scraper.pipelines] INFO: Validation: set field to null - ScientistItem - validate_and_null: value corresponding to key "position" is None. Nothing to do -> identifier: "b81ce8e6-cf6e-5190-825a-9f11584c247d"; name: "Prof. Andrzej Seweryn"; profile_url: "https://bazawiedzy.pb.edu.pl/info/author/BUT6c6e58997ce04a7bbeb190fec456edb3?r=author&tab=&title=Person%2Bprofile%2B%25E2%2580%2593%2BAndrzej%2BSeweryn%2B%25E2%2580%2593%2BBialystok%2BUniversity%2Bof%2BTechnology&lang=en";
2025-01-05 12:03:28 [knowledge_scraper.pipelines] INFO: Validation: set field to null - ScientistItem - validate_and_null: value corresponding to key "email" is None. Nothing to do -> identifier: "b81ce8e6-cf6e-5190-825a-9f11584c247d"; name: "Prof. Andrzej Seweryn"; profile_url: "https://bazawiedzy.pb.edu.pl/info/author/BUT6c6e58997ce04a7bbeb190fec456edb3?r=author&tab=&title=Person%2Bprofile%2B%25E2%2580%2593%2BAndrzej%2BSeweryn%2B%25E2%2580%2593%2BBialystok%2BUniversity%2Bof%2BTechnology&lang=en";
2025-01-05 12:03:30 [knowledge_scraper.pipelines] INFO: Validation: set field to null - ScientistItem - validate_and_null: value corresponding to key "position" is None. Nothing to do -> identifier: "8c4efdcb-dd74-5317-ba30-9caa7c0ec102"; name: "Prof. Zdzisław Gosiewski"; profile_url: "https://bazawiedzy.pb.edu.pl/info/author/BUT874a6fc4e9ca412da1576383e6a22479?r=author&tab=&title=Person%2Bprofile%2B%25E2%2580%2593%2BZdzis%25C5%2582aw%2BGosiewski%2B%25E2%2580%2593%2BBialystok%2BUniversity%2Bof%2BTechnology&lang=en";
2025-01-05 12:03:30 [knowledge_scraper.pipelines] INFO: Validation: set field to null - ScientistItem - validate_and_null: value corresponding to key "email" is None. Nothing to do -> identifier: "8c4efdcb-dd74-5317-ba30-9caa7c0ec102"; name: "Prof. Zdzisław Gosiewski"; profile_url: "https://bazawiedzy.pb.edu.pl/info/author/BUT874a6fc4e9ca412da1576383e6a22479?r=author&tab=&title=Person%2Bprofile%2B%25E2%2580%2593%2BZdzis%25C5%2582aw%2BGosiewski%2B%25E2%2580%2593%2BBialystok%2BUniversity%2Bof%2BTechnology&lang=en";
2025-01-05 12:03:32 [knowledge_scraper.pipelines] INFO: Validation: set field to null - ScientistItem - validate_and_null: value corresponding to key "email" is None. Nothing to do -> identifier: "ff84c0c4-e83d-5dcb-8771-eecb6d9b6071"; name: "DSc Agata Lulewicz-Sas"; profile_url: "https://bazawiedzy.pb.edu.pl/info/author/BUT076611f6c69b4b0887368215c6cfc57e?r=author&tab=&title=Person%2Bprofile%2B%25E2%2580%2593%2BAgata%2BLulewicz-Sas%2B%25E2%2580%2593%2BBialystok%2BUniversity%2Bof%2BTechnology&lang=en";
2025-01-05 12:03:38 [knowledge_scraper.pipelines] INFO: Validation: set field to null - ScientistItem - validate_and_null: value corresponding to key "position" is None. Nothing to do -> identifier: "f0193dbc-46b6-55ca-87f3-9557acb59dd4"; name: "DSc Katarzyna Gładyszewska-Fiedoruk"; profile_url: "https://bazawiedzy.pb.edu.pl/info/author/BUT0f42ea73a0fe4da2b6b9fbee02d9716f?r=author&tab=&title=Person%2Bprofile%2B%25E2%2580%2593%2BKatarzyna%2BG%25C5%2582adyszewska-Fiedoruk%2B%25E2%2580%2593%2BBialystok%2BUniversity%2Bof%2BTechnology&lang=en";
2025-01-05 12:03:38 [knowledge_scraper.pipelines] INFO: Validation: set field to null - ScientistItem - validate_and_null: value corresponding to key "email" is None. Nothing to do -> identifier: "f0193dbc-46b6-55ca-87f3-9557acb59dd4"; name: "DSc Katarzyna Gładyszewska-Fiedoruk"; profile_url: "https://bazawiedzy.pb.edu.pl/info/author/BUT0f42ea73a0fe4da2b6b9fbee02d9716f?r=author&tab=&title=Person%2Bprofile%2B%25E2%2580%2593%2BKatarzyna%2BG%25C5%2582adyszewska-Fiedoruk%2B%25E2%2580%2593%2BBialystok%2BUniversity%2Bof%2BTechnology&lang=en";
2025-01-05 12:03:44 [knowledge_scraper.pipelines] INFO: Validation: set field to null - ScientistItem - validate_and_null: value corresponding to key "position" is None. Nothing to do -> identifier: "e0815074-0751-53d3-86df-68e7114ef5ab"; name: "Prof. Andrzej Stanisław Zając"; profile_url: "https://bazawiedzy.pb.edu.pl/info/author/BUT3faccdc67aee472794f7a8bea127a935?r=author&tab=&title=Person%2Bprofile%2B%25E2%2580%2593%2BAndrzej%2BStanis%25C5%2582aw%2BZaj%25C4%2585c%2B%25E2%2580%2593%2BBialystok%2BUniversity%2Bof%2BTechnology&lang=en";
2025-01-05 12:03:44 [knowledge_scraper.pipelines] INFO: Validation: set field to null - ScientistItem - validate_and_null: value corresponding to key "email" is None. Nothing to do -> identifier: "e0815074-0751-53d3-86df-68e7114ef5ab"; name: "Prof. Andrzej Stanisław Zając"; profile_url: "https://bazawiedzy.pb.edu.pl/info/author/BUT3faccdc67aee472794f7a8bea127a935?r=author&tab=&title=Person%2Bprofile%2B%25E2%2580%2593%2BAndrzej%2BStanis%25C5%2582aw%2BZaj%25C4%2585c%2B%25E2%2580%2593%2BBialystok%2BUniversity%2Bof%2BTechnology&lang=en";
2025-01-05 12:03:51 [knowledge_scraper.pipelines] INFO: Validation: set field to null - ScientistItem - validate_and_null: value corresponding to key "position" is None. Nothing to do -> identifier: "bbc9f839-3707-5d18-8162-c787c106138e"; name: "PhD Katarzyna Dębkowska"; profile_url: "https://bazawiedzy.pb.edu.pl/info/author/BUTe1e17c350a064573885c226bdfd7f3a3?r=author&tab=&title=Person%2Bprofile%2B%25E2%2580%2593%2BKatarzyna%2BD%25C4%2599bkowska%2B%25E2%2580%2593%2BBialystok%2BUniversity%2Bof%2BTechnology&lang=en";
2025-01-05 12:03:51 [knowledge_scraper.pipelines] INFO: Validation: set field to null - ScientistItem - validate_and_null: value corresponding to key "email" is None. Nothing to do -> identifier: "bbc9f839-3707-5d18-8162-c787c106138e"; name: "PhD Katarzyna Dębkowska"; profile_url: "https://bazawiedzy.pb.edu.pl/info/author/BUTe1e17c350a064573885c226bdfd7f3a3?r=author&tab=&title=Person%2Bprofile%2B%25E2%2580%2593%2BKatarzyna%2BD%25C4%2599bkowska%2B%25E2%2580%2593%2BBialystok%2BUniversity%2Bof%2BTechnology&lang=en";
2025-01-05 12:03:57 [knowledge_scraper.pipelines] INFO: Validation: set field to null - ScientistItem - validate_and_null: value corresponding to key "position" is None. Nothing to do -> identifier: "c732b3e0-821b-5142-8c2c-cda43133c045"; name: "Prof. Jan Piwnik"; profile_url: "https://bazawiedzy.pb.edu.pl/info/author/BUT3e1d04e0bd10462e8bddc6a4d807a23b?r=author&tab=&title=Person%2Bprofile%2B%25E2%2580%2593%2BJan%2BPiwnik%2B%25E2%2580%2593%2BBialystok%2BUniversity%2Bof%2BTechnology&lang=en";
2025-01-05 12:03:57 [knowledge_scraper.pipelines] INFO: Validation: set field to null - ScientistItem - validate_and_null: value corresponding to key "email" is None. Nothing to do -> identifier: "c732b3e0-821b-5142-8c2c-cda43133c045"; name: "Prof. Jan Piwnik"; profile_url: "https://bazawiedzy.pb.edu.pl/info/author/BUT3e1d04e0bd10462e8bddc6a4d807a23b?r=author&tab=&title=Person%2Bprofile%2B%25E2%2580%2593%2BJan%2BPiwnik%2B%25E2%2580%2593%2BBialystok%2BUniversity%2Bof%2BTechnology&lang=en";
2025-01-05 12:03:58 [scrapy.extensions.logstats] INFO: Crawled 10 pages (at 10 pages/min), scraped 71 items (at 71 items/min)
2025-01-05 12:04:02 [knowledge_scraper.pipelines] INFO: Validation: set field to null - ScientistItem - validate_and_null: value corresponding to key "email" is None. Nothing to do -> identifier: "4f4bb4a5-b9fa-5cc2-8749-00b069d5303e"; name: "PhD Joanna Jończyk"; profile_url: "https://bazawiedzy.pb.edu.pl/info/author/BUT8e5ca2a3ee084af298d1765cff0c13aa?r=author&tab=&title=Person%2Bprofile%2B%25E2%2580%2593%2BJoanna%2BJo%25C5%2584czyk%2B%25E2%2580%2593%2BBialystok%2BUniversity%2Bof%2BTechnology&lang=en";
2025-01-05 12:04:05 [knowledge_scraper.pipelines] INFO: Validation: set field to null - ScientistItem - validate_and_null: value corresponding to key "position" is None. Nothing to do -> identifier: "cafcc30d-4911-53cb-bba8-eab76a99fb56"; name: "PhD Natalia Stocka"; profile_url: "https://bazawiedzy.pb.edu.pl/info/author/BUT3686d21f53f5425dae2f8293b89d5ec6?r=author&tab=&title=Person%2Bprofile%2B%25E2%2580%2593%2BNatalia%2BStocka%2B%25E2%2580%2593%2BBialystok%2BUniversity%2Bof%2BTechnology&lang=en";
2025-01-05 12:04:05 [knowledge_scraper.pipelines] INFO: Validation: set field to null - ScientistItem - validate_and_null: value corresponding to key "email" is None. Nothing to do -> identifier: "cafcc30d-4911-53cb-bba8-eab76a99fb56"; name: "PhD Natalia Stocka"; profile_url: "https://bazawiedzy.pb.edu.pl/info/author/BUT3686d21f53f5425dae2f8293b89d5ec6?r=author&tab=&title=Person%2Bprofile%2B%25E2%2580%2593%2BNatalia%2BStocka%2B%25E2%2580%2593%2BBialystok%2BUniversity%2Bof%2BTechnology&lang=en";
2025-01-05 12:04:09 [knowledge_scraper.pipelines] INFO: Validation: set field to null - ScientistItem - validate_and_null: value corresponding to key "position" is None. Nothing to do -> identifier: "dfbec88d-ef5d-56df-bbd7-4effd4ef1642"; name: "PhD Przemysław Zamojski"; profile_url: "https://bazawiedzy.pb.edu.pl/info/author/BUTa42364c44d9f4268a4954fd0f7c9bf72?r=author&tab=&title=Person%2Bprofile%2B%25E2%2580%2593%2BPrzemys%25C5%2582aw%2BZamojski%2B%25E2%2580%2593%2BBialystok%2BUniversity%2Bof%2BTechnology&lang=en";
2025-01-05 12:04:09 [knowledge_scraper.pipelines] INFO: Validation: set field to null - BibliometricsItem - validate_and_null: provided key "h_index_scopus" is not in item -> identifier: "7e6d4c96-7f9c-5d90-91f1-724c6b65c215"; scientist_id: "dfbec88d-ef5d-56df-bbd7-4effd4ef1642";
2025-01-05 12:04:18 [knowledge_scraper.pipelines] INFO: Validation: set field to null - ScientistItem - validate_and_null: value corresponding to key "position" is None. Nothing to do -> identifier: "8b6ae689-68f7-5f56-bea8-6161318a6011"; name: "PhD Łukasz Gadomer"; profile_url: "https://bazawiedzy.pb.edu.pl/info/author/BUT21eca65f74c24100a5c2f8c5d272af47?r=author&tab=&title=Person%2Bprofile%2B%25E2%2580%2593%2B%25C5%2581ukasz%2BGadomer%2B%25E2%2580%2593%2BBialystok%2BUniversity%2Bof%2BTechnology&lang=en";
2025-01-05 12:04:18 [knowledge_scraper.pipelines] INFO: Validation: set field to null - ScientistItem - validate_and_null: value corresponding to key "email" is None. Nothing to do -> identifier: "8b6ae689-68f7-5f56-bea8-6161318a6011"; name: "PhD Łukasz Gadomer"; profile_url: "https://bazawiedzy.pb.edu.pl/info/author/BUT21eca65f74c24100a5c2f8c5d272af47?r=author&tab=&title=Person%2Bprofile%2B%25E2%2580%2593%2B%25C5%2581ukasz%2BGadomer%2B%25E2%2580%2593%2BBialystok%2BUniversity%2Bof%2BTechnology&lang=en";
2025-01-05 12:04:24 [knowledge_scraper.pipelines] INFO: Validation: set field to null - ScientistItem - validate_and_null: value corresponding to key "email" is None. Nothing to do -> identifier: "fc00062c-d7f7-5deb-8767-6d1a1d4630d4"; name: "PhD Ewa Pirożnikow"; profile_url: "https://bazawiedzy.pb.edu.pl/info/author/BUTd3d8aa7013d048adbaef8f5c801539d5?r=author&tab=&title=Person%2Bprofile%2B%25E2%2580%2593%2BEwa%2BPiro%25C5%25BCnikow%2B%25E2%2580%2593%2BBialystok%2BUniversity%2Bof%2BTechnology&lang=en";
2025-01-05 12:04:27 [knowledge_scraper.pipelines] INFO: Validation: set field to null - ScientistItem - validate_and_null: value corresponding to key "position" is None. Nothing to do -> identifier: "aa24496a-ec13-59f1-932d-ed62d0c1ea7d"; name: "PhD Piotr Oziabło"; profile_url: "https://bazawiedzy.pb.edu.pl/info/author/BUTd8feba0bcb134e7383c873033829b836?r=author&tab=&title=Person%2Bprofile%2B%25E2%2580%2593%2BPiotr%2BOziab%25C5%2582o%2B%25E2%2580%2593%2BBialystok%2BUniversity%2Bof%2BTechnology&lang=en";
2025-01-05 12:04:27 [knowledge_scraper.pipelines] INFO: Validation: set field to null - ScientistItem - validate_and_null: value corresponding to key "email" is None. Nothing to do -> identifier: "aa24496a-ec13-59f1-932d-ed62d0c1ea7d"; name: "PhD Piotr Oziabło"; profile_url: "https://bazawiedzy.pb.edu.pl/info/author/BUTd8feba0bcb134e7383c873033829b836?r=author&tab=&title=Person%2Bprofile%2B%25E2%2580%2593%2BPiotr%2BOziab%25C5%2582o%2B%25E2%2580%2593%2BBialystok%2BUniversity%2Bof%2BTechnology&lang=en";
2025-01-05 12:04:32 [knowledge_scraper.pipelines] INFO: Validation: set field to null - ScientistItem - validate_and_null: value corresponding to key "position" is None. Nothing to do -> identifier: "4615c474-843d-5cbc-a70f-cfab4baba7b0"; name: "MSc Andrzej Kierdelewicz"; profile_url: "https://bazawiedzy.pb.edu.pl/info/author/BUT0cd705720c0c4d8390c0d6d9e2e4fee4?r=author&tab=&title=Person%2Bprofile%2B%25E2%2580%2593%2BAndrzej%2BKierdelewicz%2B%25E2%2580%2593%2BBialystok%2BUniversity%2Bof%2BTechnology&lang=en";
2025-01-05 12:04:32 [knowledge_scraper.pipelines] INFO: Validation: set field to null - ScientistItem - validate_and_null: value corresponding to key "email" is None. Nothing to do -> identifier: "4615c474-843d-5cbc-a70f-cfab4baba7b0"; name: "MSc Andrzej Kierdelewicz"; profile_url: "https://bazawiedzy.pb.edu.pl/info/author/BUT0cd705720c0c4d8390c0d6d9e2e4fee4?r=author&tab=&title=Person%2Bprofile%2B%25E2%2580%2593%2BAndrzej%2BKierdelewicz%2B%25E2%2580%2593%2BBialystok%2BUniversity%2Bof%2BTechnology&lang=en";
2025-01-05 12:04:33 [pb] WARNING: Scraping: stopped parsing item - ScientistItem - no first_name, last_name or academic_title found -> profile_url: "https://bazawiedzy.pb.edu.pl/info/author/BUT7fa12c1bf677414e94553e0a5ec4aa48?r=author&tab=&title=Person%2Bprofile%2B%25E2%2580%2593%2BWojciech%2BKaralus%2B%25E2%2580%2593%2BBialystok%2BUniversity%2Bof%2BTechnology&lang=en";
2025-01-05 12:04:33 [pb] INFO: Scraping: stopped parsing item - ScientistItem - no valid academic_title found -> name: "Anna Gogiel-Kuźmicka"; profile_url: "https://bazawiedzy.pb.edu.pl/info/author/BUT92f5f185dc6a400a98e16f350edef6db?r=author&tab=&title=Person%2Bprofile%2B%25E2%2580%2593%2BAnna%2BGogiel-Ku%25C5%25BAmicka%2B%25E2%2580%2593%2BBialystok%2BUniversity%2Bof%2BTechnology&lang=en";
2025-01-05 12:04:33 [pb] WARNING: Scraping: stopped parsing item - ScientistItem - no first_name, last_name or academic_title found -> profile_url: "https://bazawiedzy.pb.edu.pl/info/author/BUT00e3b242b67c42d293a1aa61f809a014?r=author&tab=&title=Person%2Bprofile%2B%25E2%2580%2593%2BKrzysztof%2BMatus%2B%25E2%2580%2593%2BBialystok%2BUniversity%2Bof%2BTechnology&lang=en";
2025-01-05 12:04:33 [pb] WARNING: Scraping: stopped parsing item - ScientistItem - no first_name, last_name or academic_title found -> profile_url: "https://bazawiedzy.pb.edu.pl/info/author/BUT2b35d60f532048c486cada83cb09895a?r=author&tab=&title=Person%2Bprofile%2B%25E2%2580%2593%2BJustyna%2BJa%25C5%2584czak%2B%25E2%2580%2593%2BBialystok%2BUniversity%2Bof%2BTechnology&lang=en";
2025-01-05 12:04:33 [pb] WARNING: Scraping: stopped parsing item - ScientistItem - no first_name, last_name or academic_title found -> profile_url: "https://bazawiedzy.pb.edu.pl/info/author/BUT36fd1c35c88c4ff4a4ae223f4f37a5be?r=author&tab=&title=Person%2Bprofile%2B%25E2%2580%2593%2BJakub%2BCzygier%2B%25E2%2580%2593%2BBialystok%2BUniversity%2Bof%2BTechnology&lang=en";
2025-01-05 12:04:40 [knowledge_scraper.pipelines] INFO: Validation: set field to null - ScientistItem - validate_and_null: value corresponding to key "position" is None. Nothing to do -> identifier: "23c08de1-2868-5e00-bbda-1775da8d0112"; name: "PhD Kamil Świętochowski"; profile_url: "https://bazawiedzy.pb.edu.pl/info/author/BUT1ff0464a708146e9a727b29ef95013ad?r=author&tab=&title=Person%2Bprofile%2B%25E2%2580%2593%2BKamil%2B%25C5%259Awi%25C4%2599tochowski%2B%25E2%2580%2593%2BBialystok%2BUniversity%2Bof%2BTechnology&lang=en";
2025-01-05 12:04:40 [knowledge_scraper.pipelines] INFO: Validation: set field to null - ScientistItem - validate_and_null: value corresponding to key "email" is None. Nothing to do -> identifier: "23c08de1-2868-5e00-bbda-1775da8d0112"; name: "PhD Kamil Świętochowski"; profile_url: "https://bazawiedzy.pb.edu.pl/info/author/BUT1ff0464a708146e9a727b29ef95013ad?r=author&tab=&title=Person%2Bprofile%2B%25E2%2580%2593%2BKamil%2B%25C5%259Awi%25C4%2599tochowski%2B%25E2%2580%2593%2BBialystok%2BUniversity%2Bof%2BTechnology&lang=en";
2025-01-05 12:04:42 [knowledge_scraper.pipelines] INFO: Validation: set field to null - PublicationItem - validate_and_null: provided key "journal" is not in item -> identifier: "594fab8b-8abc-5941-b9b2-b292da842f9b"; title: "Modelowanie właściwości zmęczeniowych metamateriałów ze stopu Ti-6Al-4V wytwarzanych przyrostowo z uwzględnieniem kształtu mezostruktury"; scientist_id: "b81ce8e6-cf6e-5190-825a-9f11584c247d";
2025-01-05 12:04:42 [knowledge_scraper.pipelines] INFO: Validation: set field to null - PublicationItem - validate_and_null: provided key "publisher" is not in item -> identifier: "594fab8b-8abc-5941-b9b2-b292da842f9b"; title: "Modelowanie właściwości zmęczeniowych metamateriałów ze stopu Ti-6Al-4V wytwarzanych przyrostowo z uwzględnieniem kształtu mezostruktury"; scientist_id: "b81ce8e6-cf6e-5190-825a-9f11584c247d";
2025-01-05 12:04:42 [knowledge_scraper.pipelines] INFO: Validation: set field to null - PublicationItem - validate_and_null: provided key "ministerial_score" is not in item -> identifier: "594fab8b-8abc-5941-b9b2-b292da842f9b"; title: "Modelowanie właściwości zmęczeniowych metamateriałów ze stopu Ti-6Al-4V wytwarzanych przyrostowo z uwzględnieniem kształtu mezostruktury"; scientist_id: "b81ce8e6-cf6e-5190-825a-9f11584c247d";
2025-01-05 12:04:42 [knowledge_scraper.pipelines] INFO: Validation: set field to null - PublicationItem - validate_and_null: provided key "journal" is not in item -> identifier: "8f5d85bf-08cf-52bc-81ea-14a80c0a5571"; title: "Badania doświadczalne i modelowanie numeryczne procesów pękania PMMA elementów z karbami podczas w warunkach dwuosiowego stanu obciążenia"; scientist_id: "b81ce8e6-cf6e-5190-825a-9f11584c247d";
2025-01-05 12:04:42 [knowledge_scraper.pipelines] INFO: Validation: set field to null - PublicationItem - validate_and_null: provided key "publisher" is not in item -> identifier: "8f5d85bf-08cf-52bc-81ea-14a80c0a5571"; title: "Badania doświadczalne i modelowanie numeryczne procesów pękania PMMA elementów z karbami podczas w warunkach dwuosiowego stanu obciążenia"; scientist_id: "b81ce8e6-cf6e-5190-825a-9f11584c247d";
2025-01-05 12:04:42 [knowledge_scraper.pipelines] INFO: Validation: set field to null - PublicationItem - validate_and_null: provided key "ministerial_score" is not in item -> identifier: "8f5d85bf-08cf-52bc-81ea-14a80c0a5571"; title: "Badania doświadczalne i modelowanie numeryczne procesów pękania PMMA elementów z karbami podczas w warunkach dwuosiowego stanu obciążenia"; scientist_id: "b81ce8e6-cf6e-5190-825a-9f11584c247d";
2025-01-05 12:04:42 [knowledge_scraper.pipelines] INFO: Validation: set field to null - PublicationItem - validate_and_null: provided key "journal" is not in item -> identifier: "52b6684e-0bd0-5d3b-8e99-2b4d4c154adc"; title: "Prognozowanie pękania elementów wykonanych z PMMA osłabionych karbami, w warunkach dwuosiowego stanu obciążenia"; scientist_id: "b81ce8e6-cf6e-5190-825a-9f11584c247d";
2025-01-05 12:04:42 [knowledge_scraper.pipelines] INFO: Validation: set field to null - PublicationItem - validate_and_null: provided key "publisher" is not in item -> identifier: "52b6684e-0bd0-5d3b-8e99-2b4d4c154adc"; title: "Prognozowanie pękania elementów wykonanych z PMMA osłabionych karbami, w warunkach dwuosiowego stanu obciążenia"; scientist_id: "b81ce8e6-cf6e-5190-825a-9f11584c247d";
2025-01-05 12:04:42 [knowledge_scraper.pipelines] INFO: Validation: set field to null - PublicationItem - validate_and_null: provided key "ministerial_score" is not in item -> identifier: "52b6684e-0bd0-5d3b-8e99-2b4d4c154adc"; title: "Prognozowanie pękania elementów wykonanych z PMMA osłabionych karbami, w warunkach dwuosiowego stanu obciążenia"; scientist_id: "b81ce8e6-cf6e-5190-825a-9f11584c247d";
2025-01-05 12:04:42 [knowledge_scraper.pipelines] INFO: Validation: set field to null - PublicationItem - validate_and_null: provided key "journal" is not in item -> identifier: "b8d405b6-1f99-57f1-b413-e57653f2dbc5"; title: "The fracture in notched PMMA specimens under torsion – experimental and numerical investigation"; scientist_id: "b81ce8e6-cf6e-5190-825a-9f11584c247d";
2025-01-05 12:04:42 [knowledge_scraper.pipelines] INFO: Validation: set field to null - PublicationItem - validate_and_null: provided key "publisher" is not in item -> identifier: "b8d405b6-1f99-57f1-b413-e57653f2dbc5"; title: "The fracture in notched PMMA specimens under torsion – experimental and numerical investigation"; scientist_id: "b81ce8e6-cf6e-5190-825a-9f11584c247d";
2025-01-05 12:04:42 [knowledge_scraper.pipelines] INFO: Validation: set field to null - PublicationItem - validate_and_null: provided key "ministerial_score" is not in item -> identifier: "b8d405b6-1f99-57f1-b413-e57653f2dbc5"; title: "The fracture in notched PMMA specimens under torsion – experimental and numerical investigation"; scientist_id: "b81ce8e6-cf6e-5190-825a-9f11584c247d";
2025-01-05 12:04:42 [knowledge_scraper.pipelines] INFO: Validation: set field to null - PublicationItem - validate_and_null: provided key "journal" is not in item -> identifier: "b1b7c744-5064-5c45-ab53-9b9b7dc74d08"; title: "FEM modeling of the deformation behavior of Ti–6Al–4V lattice structures based on cross-sectional imaging"; scientist_id: "b81ce8e6-cf6e-5190-825a-9f11584c247d";
2025-01-05 12:04:42 [knowledge_scraper.pipelines] INFO: Validation: set field to null - PublicationItem - validate_and_null: provided key "publisher" is not in item -> identifier: "b1b7c744-5064-5c45-ab53-9b9b7dc74d08"; title: "FEM modeling of the deformation behavior of Ti–6Al–4V lattice structures based on cross-sectional imaging"; scientist_id: "b81ce8e6-cf6e-5190-825a-9f11584c247d";
2025-01-05 12:04:42 [knowledge_scraper.pipelines] INFO: Validation: set field to null - PublicationItem - validate_and_null: provided key "ministerial_score" is not in item -> identifier: "b1b7c744-5064-5c45-ab53-9b9b7dc74d08"; title: "FEM modeling of the deformation behavior of Ti–6Al–4V lattice structures based on cross-sectional imaging"; scientist_id: "b81ce8e6-cf6e-5190-825a-9f11584c247d";
2025-01-05 12:04:58 [scrapy.extensions.logstats] INFO: Crawled 24 pages (at 14 pages/min), scraped 94 items (at 23 items/min)
2025-01-05 12:05:03 [knowledge_scraper.pipelines] INFO: Validation: set field to null - PublicationItem - validate_and_null: provided key "journal" is not in item -> identifier: "88313994-f195-58e8-aff8-3004aa944766"; title: "Obrazowanie tkanek w oświetleniu przestrajalnym — eksperymentalna ocena szerokopasmowego wielokanałowego oświetlacza LED"; scientist_id: "e0815074-0751-53d3-86df-68e7114ef5ab";
2025-01-05 12:05:03 [knowledge_scraper.pipelines] INFO: Validation: set field to null - PublicationItem - validate_and_null: provided key "publisher" is not in item -> identifier: "88313994-f195-58e8-aff8-3004aa944766"; title: "Obrazowanie tkanek w oświetleniu przestrajalnym — eksperymentalna ocena szerokopasmowego wielokanałowego oświetlacza LED"; scientist_id: "e0815074-0751-53d3-86df-68e7114ef5ab";
2025-01-05 12:05:03 [knowledge_scraper.pipelines] INFO: Validation: set field to null - PublicationItem - validate_and_null: provided key "ministerial_score" is not in item -> identifier: "88313994-f195-58e8-aff8-3004aa944766"; title: "Obrazowanie tkanek w oświetleniu przestrajalnym — eksperymentalna ocena szerokopasmowego wielokanałowego oświetlacza LED"; scientist_id: "e0815074-0751-53d3-86df-68e7114ef5ab";
2025-01-05 12:05:22 [pb] INFO: get_page_count: total page count could no be found - assuming it's 1
2025-01-05 12:05:28 [pb] INFO: get_page_count: total page count could no be found - assuming it's 1
2025-01-05 12:05:28 [knowledge_scraper.pipelines] INFO: Validation: set field to null - PublicationItem - validate_and_null: provided key "journal" is not in item -> identifier: "3bc90a67-d4bc-5d43-be11-3024def782d2"; title: "Two Calculation Schemes of the Temperature Due to the Frictional Heating for the Functionally Graded Materials"; scientist_id: "dfbec88d-ef5d-56df-bbd7-4effd4ef1642";
2025-01-05 12:05:28 [knowledge_scraper.pipelines] INFO: Validation: set field to null - PublicationItem - validate_and_null: provided key "publisher" is not in item -> identifier: "3bc90a67-d4bc-5d43-be11-3024def782d2"; title: "Two Calculation Schemes of the Temperature Due to the Frictional Heating for the Functionally Graded Materials"; scientist_id: "dfbec88d-ef5d-56df-bbd7-4effd4ef1642";
2025-01-05 12:05:28 [knowledge_scraper.pipelines] INFO: Validation: set field to null - PublicationItem - validate_and_null: provided key "ministerial_score" is not in item -> identifier: "3bc90a67-d4bc-5d43-be11-3024def782d2"; title: "Two Calculation Schemes of the Temperature Due to the Frictional Heating for the Functionally Graded Materials"; scientist_id: "dfbec88d-ef5d-56df-bbd7-4effd4ef1642";
2025-01-05 12:05:28 [knowledge_scraper.pipelines] INFO: Validation: set field to null - PublicationItem - validate_and_null: provided key "journal" is not in item -> identifier: "d5f2bd1a-6e02-5f5b-8fb5-cf78bcc78dbe"; title: "Experimental and Analytical Study of the Temperature in a Railway Disc Brake with Composite Brake Shoes"; scientist_id: "dfbec88d-ef5d-56df-bbd7-4effd4ef1642";
2025-01-05 12:05:28 [knowledge_scraper.pipelines] INFO: Validation: set field to null - PublicationItem - validate_and_null: provided key "publisher" is not in item -> identifier: "d5f2bd1a-6e02-5f5b-8fb5-cf78bcc78dbe"; title: "Experimental and Analytical Study of the Temperature in a Railway Disc Brake with Composite Brake Shoes"; scientist_id: "dfbec88d-ef5d-56df-bbd7-4effd4ef1642";
2025-01-05 12:05:28 [knowledge_scraper.pipelines] INFO: Validation: set field to null - PublicationItem - validate_and_null: provided key "ministerial_score" is not in item -> identifier: "d5f2bd1a-6e02-5f5b-8fb5-cf78bcc78dbe"; title: "Experimental and Analytical Study of the Temperature in a Railway Disc Brake with Composite Brake Shoes"; scientist_id: "dfbec88d-ef5d-56df-bbd7-4effd4ef1642";
2025-01-05 12:05:28 [knowledge_scraper.pipelines] INFO: Validation: set field to null - PublicationItem - validate_and_null: provided key "journal" is not in item -> identifier: "63193de4-1bcd-5084-b2a6-938b49e1a81d"; title: "Experimental verification of analytical solution to the thermal friction problem during braking"; scientist_id: "dfbec88d-ef5d-56df-bbd7-4effd4ef1642";
2025-01-05 12:05:28 [knowledge_scraper.pipelines] INFO: Validation: set field to null - PublicationItem - validate_and_null: provided key "publisher" is not in item -> identifier: "63193de4-1bcd-5084-b2a6-938b49e1a81d"; title: "Experimental verification of analytical solution to the thermal friction problem during braking"; scientist_id: "dfbec88d-ef5d-56df-bbd7-4effd4ef1642";
2025-01-05 12:05:28 [knowledge_scraper.pipelines] INFO: Validation: set field to null - PublicationItem - validate_and_null: provided key "ministerial_score" is not in item -> identifier: "63193de4-1bcd-5084-b2a6-938b49e1a81d"; title: "Experimental verification of analytical solution to the thermal friction problem during braking"; scientist_id: "dfbec88d-ef5d-56df-bbd7-4effd4ef1642";
2025-01-05 12:05:28 [knowledge_scraper.pipelines] INFO: Validation: set field to null - PublicationItem - validate_and_null: provided key "journal" is not in item -> identifier: "3005f983-e611-521e-b9cf-4f553865d7a0"; title: "Analytical model of the frictional heating in a disc-pad system with functionally graded materials during braking"; scientist_id: "dfbec88d-ef5d-56df-bbd7-4effd4ef1642";
2025-01-05 12:05:28 [knowledge_scraper.pipelines] INFO: Validation: set field to null - PublicationItem - validate_and_null: provided key "publisher" is not in item -> identifier: "3005f983-e611-521e-b9cf-4f553865d7a0"; title: "Analytical model of the frictional heating in a disc-pad system with functionally graded materials during braking"; scientist_id: "dfbec88d-ef5d-56df-bbd7-4effd4ef1642";
2025-01-05 12:05:28 [knowledge_scraper.pipelines] INFO: Validation: set field to null - PublicationItem - validate_and_null: provided key "ministerial_score" is not in item -> identifier: "3005f983-e611-521e-b9cf-4f553865d7a0"; title: "Analytical model of the frictional heating in a disc-pad system with functionally graded materials during braking"; scientist_id: "dfbec88d-ef5d-56df-bbd7-4effd4ef1642";
2025-01-05 12:05:35 [pb] INFO: get_page_count: total page count could no be found - assuming it's 1
2025-01-05 12:05:39 [pb] INFO: get_page_count: total page count could no be found - assuming it's 1
2025-01-05 12:05:45 [pb] INFO: get_page_count: total page count could no be found - assuming it's 1
2025-01-05 12:05:48 [pb] INFO: get_page_count: total page count could no be found - assuming it's 1
2025-01-05 12:05:51 [pb] INFO: Scraping: stopped parsing item - ScientistItem - no valid academic_title found -> name: "Anna Sidorczuk"; profile_url: "https://bazawiedzy.pb.edu.pl/info/author/BUT8b6252c33faa4d1bb520e620d3bcbe51?r=author&tab=&title=Person%2Bprofile%2B%25E2%2580%2593%2BAnna%2BSidorczuk%2B%25E2%2580%2593%2BBialystok%2BUniversity%2Bof%2BTechnology&lang=en";
2025-01-05 12:05:51 [pb] WARNING: Scraping: stopped parsing item - ScientistItem - no first_name, last_name or academic_title found -> profile_url: "https://bazawiedzy.pb.edu.pl/info/author/BUTa1dc69ca870843d4b5af10cd88098d91?r=author&tab=&title=Person%2Bprofile%2B%25E2%2580%2593%2BJoanna%2BIrena%2BOdzijewicz%2B%25E2%2580%2593%2BBialystok%2BUniversity%2Bof%2BTechnology&lang=en";
2025-01-05 12:05:51 [pb] WARNING: Scraping: stopped parsing item - ScientistItem - no first_name, last_name or academic_title found -> profile_url: "https://bazawiedzy.pb.edu.pl/info/author/BUT7429556dcc65495c866971ad406f59c3?r=author&tab=&title=Person%2Bprofile%2B%25E2%2580%2593%2BBarbara%2BWojsznis%2B%25E2%2580%2593%2BBialystok%2BUniversity%2Bof%2BTechnology&lang=en";
2025-01-05 12:05:51 [pb] WARNING: Scraping: stopped parsing item - ScientistItem - no first_name, last_name or academic_title found -> profile_url: "https://bazawiedzy.pb.edu.pl/info/author/BUT75ec81f7cdbf46cc9794a248e91ffdc1?r=author&tab=&title=Person%2Bprofile%2B%25E2%2580%2593%2BAneta%2B%25C5%2581ukowska%2B%25E2%2580%2593%2BBialystok%2BUniversity%2Bof%2BTechnology&lang=en";
2025-01-05 12:05:58 [scrapy.extensions.logstats] INFO: Crawled 37 pages (at 13 pages/min), scraped 99 items (at 5 items/min)
2025-01-05 12:05:58 [knowledge_scraper.pipelines] INFO: Validation: set field to null - PublicationItem - validate_and_null: provided key "journal" is not in item -> identifier: "659c6c19-c7e2-5425-85cc-09ded2a9e0e3"; title: "Investigation of influence of Ti64 lattice defects on mechanical properties using image-based FEA"; scientist_id: "b81ce8e6-cf6e-5190-825a-9f11584c247d";
2025-01-05 12:05:58 [knowledge_scraper.pipelines] INFO: Validation: set field to null - PublicationItem - validate_and_null: provided key "publisher" is not in item -> identifier: "659c6c19-c7e2-5425-85cc-09ded2a9e0e3"; title: "Investigation of influence of Ti64 lattice defects on mechanical properties using image-based FEA"; scientist_id: "b81ce8e6-cf6e-5190-825a-9f11584c247d";
2025-01-05 12:05:58 [knowledge_scraper.pipelines] INFO: Validation: set field to null - PublicationItem - validate_and_null: provided key "ministerial_score" is not in item -> identifier: "659c6c19-c7e2-5425-85cc-09ded2a9e0e3"; title: "Investigation of influence of Ti64 lattice defects on mechanical properties using image-based FEA"; scientist_id: "b81ce8e6-cf6e-5190-825a-9f11584c247d";
2025-01-05 12:05:58 [knowledge_scraper.pipelines] INFO: Validation: set field to null - PublicationItem - validate_and_null: provided key "journal" is not in item -> identifier: "33908f58-24a6-5197-b143-6d99093bbce9"; title: "Numeryczne modelowanie i analiza procesu pękania w skali mezo metali porowatych z użyciem obrazów mikrotomograficznych"; scientist_id: "b81ce8e6-cf6e-5190-825a-9f11584c247d";
2025-01-05 12:05:58 [knowledge_scraper.pipelines] INFO: Validation: set field to null - PublicationItem - validate_and_null: provided key "publisher" is not in item -> identifier: "33908f58-24a6-5197-b143-6d99093bbce9"; title: "Numeryczne modelowanie i analiza procesu pękania w skali mezo metali porowatych z użyciem obrazów mikrotomograficznych"; scientist_id: "b81ce8e6-cf6e-5190-825a-9f11584c247d";
2025-01-05 12:05:58 [knowledge_scraper.pipelines] INFO: Validation: set field to null - PublicationItem - validate_and_null: provided key "ministerial_score" is not in item -> identifier: "33908f58-24a6-5197-b143-6d99093bbce9"; title: "Numeryczne modelowanie i analiza procesu pękania w skali mezo metali porowatych z użyciem obrazów mikrotomograficznych"; scientist_id: "b81ce8e6-cf6e-5190-825a-9f11584c247d";
2025-01-05 12:05:58 [knowledge_scraper.pipelines] INFO: Validation: set field to null - PublicationItem - validate_and_null: provided key "journal" is not in item -> identifier: "316bf8c7-0e6e-5749-9c1f-d5d817330d58"; title: "Numeryczne modelowanie pól naprężeń i odkształceń w rozciąganych metamateriałach ze stopu Ti-6Al-4V z wykorzystaniem tomografii komputerowej "; scientist_id: "b81ce8e6-cf6e-5190-825a-9f11584c247d";
2025-01-05 12:05:58 [knowledge_scraper.pipelines] INFO: Validation: set field to null - PublicationItem - validate_and_null: provided key "publisher" is not in item -> identifier: "316bf8c7-0e6e-5749-9c1f-d5d817330d58"; title: "Numeryczne modelowanie pól naprężeń i odkształceń w rozciąganych metamateriałach ze stopu Ti-6Al-4V z wykorzystaniem tomografii komputerowej "; scientist_id: "b81ce8e6-cf6e-5190-825a-9f11584c247d";
2025-01-05 12:05:58 [knowledge_scraper.pipelines] INFO: Validation: set field to null - PublicationItem - validate_and_null: provided key "ministerial_score" is not in item -> identifier: "316bf8c7-0e6e-5749-9c1f-d5d817330d58"; title: "Numeryczne modelowanie pól naprężeń i odkształceń w rozciąganych metamateriałach ze stopu Ti-6Al-4V z wykorzystaniem tomografii komputerowej "; scientist_id: "b81ce8e6-cf6e-5190-825a-9f11584c247d";
2025-01-05 12:05:58 [knowledge_scraper.pipelines] INFO: Validation: set field to null - PublicationItem - validate_and_null: provided key "journal" is not in item -> identifier: "6d517120-d2e1-5424-b33c-a665dee55ba7"; title: "Creep of EN-AW 2024 Aluminum Alloy: Experiment and Damage Evolution Model"; scientist_id: "b81ce8e6-cf6e-5190-825a-9f11584c247d";
2025-01-05 12:05:58 [knowledge_scraper.pipelines] INFO: Validation: set field to null - PublicationItem - validate_and_null: provided key "publisher" is not in item -> identifier: "6d517120-d2e1-5424-b33c-a665dee55ba7"; title: "Creep of EN-AW 2024 Aluminum Alloy: Experiment and Damage Evolution Model"; scientist_id: "b81ce8e6-cf6e-5190-825a-9f11584c247d";
2025-01-05 12:05:58 [knowledge_scraper.pipelines] INFO: Validation: set field to null - PublicationItem - validate_and_null: provided key "ministerial_score" is not in item -> identifier: "6d517120-d2e1-5424-b33c-a665dee55ba7"; title: "Creep of EN-AW 2024 Aluminum Alloy: Experiment and Damage Evolution Model"; scientist_id: "b81ce8e6-cf6e-5190-825a-9f11584c247d";
2025-01-05 12:05:58 [knowledge_scraper.pipelines] INFO: Validation: set field to null - PublicationItem - validate_and_null: provided key "journal" is not in item -> identifier: "3ee8b2f0-515b-52cc-bb2f-36f40317a816"; title: "Fracture in PMMA notched specimens under torsion"; scientist_id: "b81ce8e6-cf6e-5190-825a-9f11584c247d";
2025-01-05 12:05:58 [knowledge_scraper.pipelines] INFO: Validation: set field to null - PublicationItem - validate_and_null: provided key "publisher" is not in item -> identifier: "3ee8b2f0-515b-52cc-bb2f-36f40317a816"; title: "Fracture in PMMA notched specimens under torsion"; scientist_id: "b81ce8e6-cf6e-5190-825a-9f11584c247d";
2025-01-05 12:05:58 [knowledge_scraper.pipelines] INFO: Validation: set field to null - PublicationItem - validate_and_null: provided key "ministerial_score" is not in item -> identifier: "3ee8b2f0-515b-52cc-bb2f-36f40317a816"; title: "Fracture in PMMA notched specimens under torsion"; scientist_id: "b81ce8e6-cf6e-5190-825a-9f11584c247d";
2025-01-05 12:05:58 [knowledge_scraper.pipelines] INFO: Validation: set field to null - PublicationItem - validate_and_null: provided key "journal" is not in item -> identifier: "1c928d84-25d2-5d59-bcaa-24eb33137507"; title: "Prediction of damage growth in EN-AW 2024 aluminum alloy under LCF regime"; scientist_id: "b81ce8e6-cf6e-5190-825a-9f11584c247d";
2025-01-05 12:05:58 [knowledge_scraper.pipelines] INFO: Validation: set field to null - PublicationItem - validate_and_null: provided key "publisher" is not in item -> identifier: "1c928d84-25d2-5d59-bcaa-24eb33137507"; title: "Prediction of damage growth in EN-AW 2024 aluminum alloy under LCF regime"; scientist_id: "b81ce8e6-cf6e-5190-825a-9f11584c247d";
2025-01-05 12:05:58 [knowledge_scraper.pipelines] INFO: Validation: set field to null - PublicationItem - validate_and_null: provided key "ministerial_score" is not in item -> identifier: "1c928d84-25d2-5d59-bcaa-24eb33137507"; title: "Prediction of damage growth in EN-AW 2024 aluminum alloy under LCF regime"; scientist_id: "b81ce8e6-cf6e-5190-825a-9f11584c247d";
2025-01-05 12:06:28 [knowledge_scraper.pipelines] INFO: Validation: set field to null - PublicationItem - validate_and_null: provided key "publisher" is not in item -> identifier: "ed31e0a4-3dd3-5dd1-9974-a889dc6fb5a1"; title: "Analiza wiązania wody w wybranych surowcach zielarskich"; scientist_id: "cafcc30d-4911-53cb-bba8-eab76a99fb56";
2025-01-05 12:06:28 [knowledge_scraper.pipelines] INFO: Validation: set field to null - PublicationItem - validate_and_null: provided key "ministerial_score" is not in item -> identifier: "ed31e0a4-3dd3-5dd1-9974-a889dc6fb5a1"; title: "Analiza wiązania wody w wybranych surowcach zielarskich"; scientist_id: "cafcc30d-4911-53cb-bba8-eab76a99fb56";
2025-01-05 12:06:32 [knowledge_scraper.pipelines] INFO: Validation: set field to null - PublicationItem - validate_and_null: provided key "publisher" is not in item -> identifier: "bbbfeaad-ee62-5967-9ec0-a8065d731649"; title: "Effect of Pressure Fluctuations on the Temperature During Braking"; scientist_id: "dfbec88d-ef5d-56df-bbd7-4effd4ef1642";
2025-01-05 12:06:35 [knowledge_scraper.pipelines] INFO: Validation: set field to null - PublicationItem - validate_and_null: provided key "publisher" is not in item -> identifier: "0d8dcec3-1ce0-5605-8bb5-1b25c13429c3"; title: "Real time gesture recognition in 3D space using selected classifiers"; scientist_id: "8b6ae689-68f7-5f56-bea8-6161318a6011";
2025-01-05 12:06:36 [knowledge_scraper.pipelines] INFO: Validation: set field to null - PublicationItem - validate_and_null: provided key "publisher" is not in item -> identifier: "931b2d39-6a93-5301-aefd-dae12806ecd1"; title: "Rola pożywienia zbieranego z natury w życiu Polaków deportowanych do ZSRR w okresie drugiej wojny światowej"; scientist_id: "fc00062c-d7f7-5deb-8767-6d1a1d4630d4";
2025-01-05 12:06:36 [knowledge_scraper.pipelines] INFO: Validation: set field to null - PublicationItem - validate_and_null: provided key "publisher" is not in item -> identifier: "a33b5730-55be-5eaa-88a2-48448d5f71b5"; title: "Numerical simulations for fractional variable-order equations"; scientist_id: "aa24496a-ec13-59f1-932d-ed62d0c1ea7d";
2025-01-05 12:06:39 [knowledge_scraper.pipelines] INFO: Validation: set field to null - PublicationItem - validate_and_null: provided key "journal" is not in item -> identifier: "c5361b16-a95a-5bba-858a-0f1a883d2a4b"; title: "Flux measurement and monitoring system of active magnetic bearing using ultra-thin and flexible Hall sensors"; scientist_id: "4615c474-843d-5cbc-a70f-cfab4baba7b0";
2025-01-05 12:06:39 [knowledge_scraper.pipelines] INFO: Validation: set field to null - PublicationItem - validate_and_null: provided key "publisher" is not in item -> identifier: "c5361b16-a95a-5bba-858a-0f1a883d2a4b"; title: "Flux measurement and monitoring system of active magnetic bearing using ultra-thin and flexible Hall sensors"; scientist_id: "4615c474-843d-5cbc-a70f-cfab4baba7b0";
2025-01-05 12:06:42 [pb] WARNING: Scraping: stopped parsing item - ScientistItem - no first_name, last_name or academic_title found -> profile_url: "https://bazawiedzy.pb.edu.pl/info/author/BUTa5c65e59f82f4af68cc18a0ee10eeb1e?r=author&tab=&title=Person%2Bprofile%2B%25E2%2580%2593%2BIgor%2BTylman%2B%25E2%2580%2593%2BBialystok%2BUniversity%2Bof%2BTechnology&lang=en";
2025-01-05 12:06:42 [pb] INFO: Scraping: stopped parsing item - ScientistItem - no valid academic_title found -> name: "Elżbieta Kierejczuk"; profile_url: "https://bazawiedzy.pb.edu.pl/info/author/BUTdcedf84dc2c24a138f050aa151e59c35?r=author&tab=&title=Person%2Bprofile%2B%25E2%2580%2593%2BEl%25C5%25BCbieta%2BKierejczuk%2B%25E2%2580%2593%2BBialystok%2BUniversity%2Bof%2BTechnology&lang=en";
2025-01-05 12:06:42 [pb] WARNING: Scraping: stopped parsing item - ScientistItem - no first_name, last_name or academic_title found -> profile_url: "https://bazawiedzy.pb.edu.pl/info/author/BUTe8ecba5294d741f3ba8fb8183b3eb845?r=author&tab=&title=Person%2Bprofile%2B%25E2%2580%2593%2BJoanna%2BOksiuta%2B%25E2%2580%2593%2BBialystok%2BUniversity%2Bof%2BTechnology&lang=en";
2025-01-05 12:06:42 [pb] WARNING: Scraping: stopped parsing item - ScientistItem - no first_name, last_name or academic_title found -> profile_url: "https://bazawiedzy.pb.edu.pl/info/author/BUT0339abb2b8844650bebc80cce44b01de?r=author&tab=&title=Person%2Bprofile%2B%25E2%2580%2593%2BSzymon%2BSkar%25C5%25BCy%25C5%2584ski%2B%25E2%2580%2593%2BBialystok%2BUniversity%2Bof%2BTechnology&lang=en";
2025-01-05 12:06:42 [pb] WARNING: Scraping: stopped parsing item - ScientistItem - no first_name, last_name or academic_title found -> profile_url: "https://bazawiedzy.pb.edu.pl/info/author/BUT04597698a1704d509d811e8b83e32de6?r=author&tab=&title=Person%2Bprofile%2B%25E2%2580%2593%2BMonika%2BBorkowska%2B%25E2%2580%2593%2BBialystok%2BUniversity%2Bof%2BTechnology&lang=en";
2025-01-05 12:06:42 [pb] WARNING: Scraping: stopped parsing item - ScientistItem - no first_name, last_name or academic_title found -> profile_url: "https://bazawiedzy.pb.edu.pl/info/author/BUT04a8ef2253fb42529544555b1adaab2f?r=author&tab=&title=Person%2Bprofile%2B%25E2%2580%2593%2BKrzysztof%2BDembi%25C5%2584ski%2B%25E2%2580%2593%2BBialystok%2BUniversity%2Bof%2BTechnology&lang=en";
2025-01-05 12:06:42 [pb] WARNING: Scraping: stopped parsing item - ScientistItem - no first_name, last_name or academic_title found -> profile_url: "https://bazawiedzy.pb.edu.pl/info/author/BUT051161cca5df4d448d24d55c32f51f45?r=author&tab=&title=Person%2Bprofile%2B%25E2%2580%2593%2BPiotr%2BFalkowski%2B%25E2%2580%2593%2BBialystok%2BUniversity%2Bof%2BTechnology&lang=en";
2025-01-05 12:06:42 [pb] WARNING: Scraping: stopped parsing item - ScientistItem - no first_name, last_name or academic_title found -> profile_url: "https://bazawiedzy.pb.edu.pl/info/author/BUT054c2e6c2a2e495cb1c50de59dc7ca92?r=author&tab=&title=Person%2Bprofile%2B%25E2%2580%2593%2BMarta%2BKapturczak%2B%25E2%2580%2593%2BBialystok%2BUniversity%2Bof%2BTechnology&lang=en";
2025-01-05 12:06:42 [pb] WARNING: Scraping: stopped parsing item - ScientistItem - no first_name, last_name or academic_title found -> profile_url: "https://bazawiedzy.pb.edu.pl/info/author/BUT075cb476244a45d3a6f612739e43aea3?r=author&tab=&title=Person%2Bprofile%2B%25E2%2580%2593%2BAgnieszka%2BKis%25C5%2582o%2B%25E2%2580%2593%2BBialystok%2BUniversity%2Bof%2BTechnology&lang=en";
2025-01-05 12:06:50 [knowledge_scraper.pipelines] INFO: Validation: set field to null - PublicationItem - validate_and_null: provided key "publisher" is not in item -> identifier: "3f2ab49b-963a-5b54-9b80-c96ebdde316f"; title: "Wpływ podejmowanych przez przedsiębiorstwa inicjatyw społecznie odpowiedzialnych na wartość organizacji"; scientist_id: "ff84c0c4-e83d-5dcb-8771-eecb6d9b6071";
2025-01-05 12:06:58 [scrapy.extensions.logstats] INFO: Crawled 59 pages (at 22 pages/min), scraped 112 items (at 13 items/min)
2025-01-05 12:07:01 [knowledge_scraper.pipelines] INFO: Validation: set field to null - PublicationItem - validate_and_null: provided key "publisher" is not in item -> identifier: "0a0c55b6-00df-5845-bcfc-66f8e9fd4f1c"; title: "Kwalifikacja czynników stymulujących proinnowacyjną kulturę organizacyjną w szpitalu – wyniki badań empirycznych"; scientist_id: "4f4bb4a5-b9fa-5cc2-8749-00b069d5303e";
2025-01-05 12:07:04 [knowledge_scraper.pipelines] INFO: Validation: set field to null - PublicationItem - validate_and_null: provided key "publisher" is not in item -> identifier: "49023bd1-5818-582b-87cc-28640f8f2600"; title: "Istota innowacji w publicznych szpitalach"; scientist_id: "4f4bb4a5-b9fa-5cc2-8749-00b069d5303e";
2025-01-05 12:07:05 [knowledge_scraper.pipelines] INFO: Validation: set field to null - PublicationItem - validate_and_null: provided key "publisher" is not in item -> identifier: "5e403dc3-c098-5796-b584-d9276eb8bdf6"; title: "The Relationship Between Organizational Culture and Innovation in the Opinion of the Medical Staff of Public Hospitals"; scientist_id: "4f4bb4a5-b9fa-5cc2-8749-00b069d5303e";
2025-01-05 12:07:06 [knowledge_scraper.pipelines] INFO: Validation: set field to null - PublicationItem - validate_and_null: provided key "publisher" is not in item -> identifier: "a97152b2-fa74-56d5-b204-fa5dbdb95474"; title: "Sytuacja demograficzno-epidemiologiczna a zarządzanie opieką zdrowotną w regionie-studium województwa podlasiego"; scientist_id: "4f4bb4a5-b9fa-5cc2-8749-00b069d5303e";
2025-01-05 12:07:07 [knowledge_scraper.pipelines] INFO: Validation: set field to null - PublicationItem - validate_and_null: provided key "publisher" is not in item -> identifier: "a8d0eca6-64c5-5fa5-bae7-3621159c1913"; title: "Doctors’ Opinions on the Pro-innovation Attributes of Organisational Culture – The Results of Empirical Research"; scientist_id: "4f4bb4a5-b9fa-5cc2-8749-00b069d5303e";
2025-01-05 12:07:07 [knowledge_scraper.pipelines] INFO: Validation: set field to null - PublicationItem - validate_and_null: provided key "publisher" is not in item -> identifier: "3e183d42-6b48-5832-95fb-b9f820d029ec"; title: "Diagnosis of Organizational Efficiency as a Condition of Changes in Public Management (on the example of Public Hospitals in Poland)"; scientist_id: "4f4bb4a5-b9fa-5cc2-8749-00b069d5303e";
2025-01-05 12:07:08 [knowledge_scraper.pipelines] INFO: Validation: set field to null - PublicationItem - validate_and_null: provided key "journal" is not in item -> identifier: "829669c4-6707-50d1-b3af-cb422895fcde"; title: "Metody poszukiwania, pobierania i analizy próbek gleby pod kątem występowania indykatorów istnienia w nich życia"; scientist_id: "c1e35883-9dc2-5ed8-8b5a-207afaebe9ea";
2025-01-05 12:07:08 [knowledge_scraper.pipelines] INFO: Validation: set field to null - PublicationItem - validate_and_null: provided key "publisher" is not in item -> identifier: "829669c4-6707-50d1-b3af-cb422895fcde"; title: "Metody poszukiwania, pobierania i analizy próbek gleby pod kątem występowania indykatorów istnienia w nich życia"; scientist_id: "c1e35883-9dc2-5ed8-8b5a-207afaebe9ea";
2025-01-05 12:07:08 [knowledge_scraper.pipelines] INFO: Validation: set field to null - PublicationItem - validate_and_null: provided key "journal" is not in item -> identifier: "3bda19aa-5221-5e62-bcd2-41ec9185ef9a"; title: "Analog łazika marsjańskiego #Next jako przykład wszechstronnej robotycznej platformy mobilnej"; scientist_id: "c1e35883-9dc2-5ed8-8b5a-207afaebe9ea";
2025-01-05 12:07:08 [knowledge_scraper.pipelines] INFO: Validation: set field to null - PublicationItem - validate_and_null: provided key "publisher" is not in item -> identifier: "3bda19aa-5221-5e62-bcd2-41ec9185ef9a"; title: "Analog łazika marsjańskiego #Next jako przykład wszechstronnej robotycznej platformy mobilnej"; scientist_id: "c1e35883-9dc2-5ed8-8b5a-207afaebe9ea";
2025-01-05 12:07:09 [knowledge_scraper.pipelines] INFO: Validation: set field to null - PublicationItem - validate_and_null: provided key "publisher" is not in item -> identifier: "59b974af-6f96-5cc9-8dcb-5202facef3a6"; title: "Lokalizacja wycieku w przewodach wodociągowych wykonanych z tworzyw sztucznych"; scientist_id: "23c08de1-2868-5e00-bbda-1775da8d0112";
2025-01-05 12:07:10 [pb] WARNING: Scraping: stopped parsing item - ScientistItem - no first_name, last_name or academic_title found -> profile_url: "https://bazawiedzy.pb.edu.pl/info/author/BUT07eb5ebdf6c142b99c488736387a65c5?r=author&tab=&title=Person%2Bprofile%2B%25E2%2580%2593%2BKamil%2BKukli%25C5%2584ski%2B%25E2%2580%2593%2BBialystok%2BUniversity%2Bof%2BTechnology&lang=en";
2025-01-05 12:07:10 [pb] WARNING: Scraping: stopped parsing item - ScientistItem - no first_name, last_name or academic_title found -> profile_url: "https://bazawiedzy.pb.edu.pl/info/author/BUT082ccfa3ce9e475487646d96906a60af?r=author&tab=&title=Person%2Bprofile%2B%25E2%2580%2593%2BMilena%2BJanusz%2B%25E2%2580%2593%2BBialystok%2BUniversity%2Bof%2BTechnology&lang=en";
2025-01-05 12:07:10 [pb] WARNING: Scraping: stopped parsing item - ScientistItem - no first_name, last_name or academic_title found -> profile_url: "https://bazawiedzy.pb.edu.pl/info/author/BUT09328e95e3424b30b95bb2af64dcfa8e?r=author&tab=&title=Person%2Bprofile%2B%25E2%2580%2593%2BMateusz%2BMackiewicz%2B%25E2%2580%2593%2BBialystok%2BUniversity%2Bof%2BTechnology&lang=en";
2025-01-05 12:07:10 [pb] WARNING: Scraping: stopped parsing item - ScientistItem - no first_name, last_name or academic_title found -> profile_url: "https://bazawiedzy.pb.edu.pl/info/author/BUT09899a2797184eaa8aae09a470aa31fa?r=author&tab=&title=Person%2Bprofile%2B%25E2%2580%2593%2BUrszula%2BWidelska%2B%25E2%2580%2593%2BBialystok%2BUniversity%2Bof%2BTechnology&lang=en";
2025-01-05 12:07:10 [pb] WARNING: Scraping: stopped parsing item - ScientistItem - no first_name, last_name or academic_title found -> profile_url: "https://bazawiedzy.pb.edu.pl/info/author/BUT0bdd083242c946a4a3c003ae5b9e4dc2?r=author&tab=&title=Person%2Bprofile%2B%25E2%2580%2593%2BKacper%2BChociej%2B%25E2%2580%2593%2BBialystok%2BUniversity%2Bof%2BTechnology&lang=en";
2025-01-05 12:07:10 [pb] WARNING: Scraping: stopped parsing item - ScientistItem - no first_name, last_name or academic_title found -> profile_url: "https://bazawiedzy.pb.edu.pl/info/author/BUT0c365ab2bd3142d3b5a49d1982ce1d90?r=author&tab=&title=Person%2Bprofile%2B%25E2%2580%2593%2BAlan%2BKondrusik%2B%25E2%2580%2593%2BBialystok%2BUniversity%2Bof%2BTechnology&lang=en";
2025-01-05 12:07:10 [pb] WARNING: Scraping: stopped parsing item - ScientistItem - no first_name, last_name or academic_title found -> profile_url: "https://bazawiedzy.pb.edu.pl/info/author/BUT0ec4d3c8874643ddaf0bcdec4a92419f?r=author&tab=&title=Person%2Bprofile%2B%25E2%2580%2593%2BMa%25C5%2582gorzata%2BBorkowska-Niszczota%2B%25E2%2580%2593%2BBialystok%2BUniversity%2Bof%2BTechnology&lang=en";
2025-01-05 12:07:10 [pb] WARNING: Scraping: stopped parsing item - ScientistItem - no first_name, last_name or academic_title found -> profile_url: "https://bazawiedzy.pb.edu.pl/info/author/BUT0f51130ee13743358ea9a373899bc657?r=author&tab=&title=Person%2Bprofile%2B%25E2%2580%2593%2BKamil%2BPogorzelski%2B%25E2%2580%2593%2BBialystok%2BUniversity%2Bof%2BTechnology&lang=en";
2025-01-05 12:07:10 [pb] WARNING: Scraping: stopped parsing item - ScientistItem - no first_name, last_name or academic_title found -> profile_url: "https://bazawiedzy.pb.edu.pl/info/author/BUT0f5b50534bc54b029e8d7fc16845ecca?r=author&tab=&title=Person%2Bprofile%2B%25E2%2580%2593%2BPaulina%2BNiewi%25C5%2584ska%2B%25E2%2580%2593%2BBialystok%2BUniversity%2Bof%2BTechnology&lang=en";
2025-01-05 12:07:10 [pb] WARNING: Scraping: stopped parsing item - ScientistItem - no first_name, last_name or academic_title found -> profile_url: "https://bazawiedzy.pb.edu.pl/info/author/BUT1028ccf0cee64573b6d02adb35db099c?r=author&tab=&title=Person%2Bprofile%2B%25E2%2580%2593%2BMagdalena%2B%2BHorysz%2B%25E2%2580%2593%2BBialystok%2BUniversity%2Bof%2BTechnology&lang=en";
2025-01-05 12:07:10 [pb] WARNING: Scraping: stopped parsing item - ScientistItem - no first_name, last_name or academic_title found -> profile_url: "https://bazawiedzy.pb.edu.pl/info/author/BUT1171482854064b14bf18a3432e5d9bb7?r=author&tab=&title=Person%2Bprofile%2B%25E2%2580%2593%2BMarta%2B%2BWysocka%2B%25E2%2580%2593%2BBialystok%2BUniversity%2Bof%2BTechnology&lang=en";
2025-01-05 12:07:10 [pb] WARNING: Scraping: stopped parsing item - ScientistItem - no first_name, last_name or academic_title found -> profile_url: "https://bazawiedzy.pb.edu.pl/info/author/BUT125a385acf0d49a5adb0334324766636?r=author&tab=&title=Person%2Bprofile%2B%25E2%2580%2593%2BMonika%2BMaciejewska%2B%25E2%2580%2593%2BBialystok%2BUniversity%2Bof%2BTechnology&lang=en";
2025-01-05 12:07:10 [pb] WARNING: Scraping: stopped parsing item - ScientistItem - no first_name, last_name or academic_title found -> profile_url: "https://bazawiedzy.pb.edu.pl/info/author/BUT12693099a06a4ef2b4fdd79bc7360bb8?r=author&tab=&title=Person%2Bprofile%2B%25E2%2580%2593%2BBo%25C5%25BCena%2BNazaruk%2B%25E2%2580%2593%2BBialystok%2BUniversity%2Bof%2BTechnology&lang=en";
2025-01-05 12:07:10 [pb] WARNING: Scraping: stopped parsing item - ScientistItem - no first_name, last_name or academic_title found -> profile_url: "https://bazawiedzy.pb.edu.pl/info/author/BUT13a69c5b68af4286983460964f7e039a?r=author&tab=&title=Person%2Bprofile%2B%25E2%2580%2593%2BMarta%2BRoszczyc%2B%25E2%2580%2593%2BBialystok%2BUniversity%2Bof%2BTechnology&lang=en";
2025-01-05 12:07:12 [knowledge_scraper.pipelines] INFO: Validation: set field to null - PublicationItem - validate_and_null: provided key "journal" is not in item -> identifier: "9406bd3b-6871-5c49-a876-08933c1213f3"; title: "Koncepcja budowy impulsopwej wyrzutni magnetycznej"; scientist_id: "8c4efdcb-dd74-5317-ba30-9caa7c0ec102";
2025-01-05 12:07:12 [knowledge_scraper.pipelines] INFO: Validation: set field to null - PublicationItem - validate_and_null: provided key "publisher" is not in item -> identifier: "9406bd3b-6871-5c49-a876-08933c1213f3"; title: "Koncepcja budowy impulsopwej wyrzutni magnetycznej"; scientist_id: "8c4efdcb-dd74-5317-ba30-9caa7c0ec102";
2025-01-05 12:07:18 [knowledge_scraper.pipelines] INFO: Validation: set field to null - PublicationItem - validate_and_null: provided key "journal" is not in item -> identifier: "5e6a6cd6-b7d2-5bee-a509-c9882b2dcc72"; title: "Optoelectronic set for measuring the absorption spectrum of the thin biological media"; scientist_id: "e0815074-0751-53d3-86df-68e7114ef5ab";
2025-01-05 12:07:18 [knowledge_scraper.pipelines] INFO: Validation: set field to null - PublicationItem - validate_and_null: provided key "publisher" is not in item -> identifier: "5e6a6cd6-b7d2-5bee-a509-c9882b2dcc72"; title: "Optoelectronic set for measuring the absorption spectrum of the thin biological media"; scientist_id: "e0815074-0751-53d3-86df-68e7114ef5ab";
2025-01-05 12:07:23 [knowledge_scraper.pipelines] INFO: Validation: set field to null - PublicationItem - validate_and_null: provided key "publisher" is not in item -> identifier: "bd475663-75ed-56a2-8405-df2d9759bab3"; title: "The use of correspondence analysis for Delphi survey results interpretation"; scientist_id: "bbc9f839-3707-5d18-8162-c787c106138e";
2025-01-05 12:07:26 [knowledge_scraper.pipelines] INFO: Validation: set field to null - PublicationItem - validate_and_null: provided key "journal" is not in item -> identifier: "2be1bb48-75e2-5300-a1cc-ce815d45203b"; title: "Tribological properties of super field weld with micro-jet process"; scientist_id: "c732b3e0-821b-5142-8c2c-cda43133c045";
2025-01-05 12:07:26 [knowledge_scraper.pipelines] INFO: Validation: set field to null - PublicationItem - validate_and_null: provided key "publisher" is not in item -> identifier: "2be1bb48-75e2-5300-a1cc-ce815d45203b"; title: "Tribological properties of super field weld with micro-jet process"; scientist_id: "c732b3e0-821b-5142-8c2c-cda43133c045";
2025-01-05 12:07:26 [knowledge_scraper.pipelines] INFO: Validation: set field to null - PublicationItem - validate_and_null: provided key "journal" is not in item -> identifier: "b3ec895c-6cf6-58ff-a5ec-22bd9fbbd967"; title: "Steel welding with micro-jet injector"; scientist_id: "c732b3e0-821b-5142-8c2c-cda43133c045";
2025-01-05 12:07:26 [knowledge_scraper.pipelines] INFO: Validation: set field to null - PublicationItem - validate_and_null: provided key "publisher" is not in item -> identifier: "b3ec895c-6cf6-58ff-a5ec-22bd9fbbd967"; title: "Steel welding with micro-jet injector"; scientist_id: "c732b3e0-821b-5142-8c2c-cda43133c045";
2025-01-05 12:07:27 [knowledge_scraper.pipelines] INFO: Validation: set field to null - PublicationItem - validate_and_null: provided key "journal" is not in item -> identifier: "7c9aab88-3d74-5201-b314-ee63db18edaa"; title: "Plastic properties of welds after micro-jet cooling with different cooling gases"; scientist_id: "c732b3e0-821b-5142-8c2c-cda43133c045";
2025-01-05 12:07:27 [knowledge_scraper.pipelines] INFO: Validation: set field to null - PublicationItem - validate_and_null: provided key "publisher" is not in item -> identifier: "7c9aab88-3d74-5201-b314-ee63db18edaa"; title: "Plastic properties of welds after micro-jet cooling with different cooling gases"; scientist_id: "c732b3e0-821b-5142-8c2c-cda43133c045";
2025-01-05 12:07:27 [knowledge_scraper.pipelines] INFO: Validation: set field to null - PublicationItem - validate_and_null: provided key "journal" is not in item -> identifier: "108dd616-24a6-54a7-bcf6-7202357249f3"; title: "Oxidation resistance of surface-modified coating for energy boilers"; scientist_id: "c732b3e0-821b-5142-8c2c-cda43133c045";
2025-01-05 12:07:27 [knowledge_scraper.pipelines] INFO: Validation: set field to null - PublicationItem - validate_and_null: provided key "publisher" is not in item -> identifier: "108dd616-24a6-54a7-bcf6-7202357249f3"; title: "Oxidation resistance of surface-modified coating for energy boilers"; scientist_id: "c732b3e0-821b-5142-8c2c-cda43133c045";
2025-01-05 12:07:28 [knowledge_scraper.pipelines] INFO: Validation: set field to null - PublicationItem - validate_and_null: provided key "publisher" is not in item -> identifier: "d1e4c44b-0682-5eb5-bc30-db8a4a408205"; title: "The motion storage characteristics as the indicator of stability of internal combustion engine - receiver cooperation"; scientist_id: "c732b3e0-821b-5142-8c2c-cda43133c045";
2025-01-05 12:07:30 [knowledge_scraper.pipelines] INFO: Validation: set field to null - PublicationItem - validate_and_null: provided key "publisher" is not in item -> identifier: "e2ff1b49-06c8-5470-a8d1-e0a4733b5b6f"; title: "Experimental modeling to facilitate removal of inclusion contaminants from the contact surface in transversal extrusion processes"; scientist_id: "c732b3e0-821b-5142-8c2c-cda43133c045";
2025-01-05 12:07:32 [knowledge_scraper.pipelines] INFO: Validation: set field to null - PublicationItem - validate_and_null: provided key "publisher" is not in item -> identifier: "ad876de5-5cce-5459-a15e-070606285d2e"; title: "Welding with microjet cooling as a method of improving the plastic properties of welds"; scientist_id: "c732b3e0-821b-5142-8c2c-cda43133c045";
2025-01-05 12:07:34 [knowledge_scraper.pipelines] INFO: Validation: set field to null - PublicationItem - validate_and_null: provided key "publisher" is not in item -> identifier: "2818df93-e63c-5a15-a774-519a0ddfc380"; title: "Plastic properties of fine-grained WMD after micro-jet cooling"; scientist_id: "c732b3e0-821b-5142-8c2c-cda43133c045";
2025-01-05 12:07:36 [pb] INFO: Reached upper limit for scientists to process - 100  - stopping parse_people
2025-01-05 12:07:39 [knowledge_scraper.pipelines] INFO: Validation: set field to null - ScientistItem - validate_and_null: value corresponding to key "position" is None. Nothing to do -> identifier: "52eaee10-1c69-5f5f-888b-1fd86854cb4d"; name: "PhD Piotr Kłoskowski"; profile_url: "https://bazawiedzy.pb.edu.pl/info/author/BUT14c702c0636d4eda834eb20da55a5018?r=author&tab=&title=Person%2Bprofile%2B%25E2%2580%2593%2BPiotr%2BK%25C5%2582oskowski%2B%25E2%2580%2593%2BBialystok%2BUniversity%2Bof%2BTechnology&lang=en";
2025-01-05 12:07:39 [knowledge_scraper.pipelines] INFO: Validation: set field to null - ScientistItem - validate_and_null: value corresponding to key "email" is None. Nothing to do -> identifier: "52eaee10-1c69-5f5f-888b-1fd86854cb4d"; name: "PhD Piotr Kłoskowski"; profile_url: "https://bazawiedzy.pb.edu.pl/info/author/BUT14c702c0636d4eda834eb20da55a5018?r=author&tab=&title=Person%2Bprofile%2B%25E2%2580%2593%2BPiotr%2BK%25C5%2582oskowski%2B%25E2%2580%2593%2BBialystok%2BUniversity%2Bof%2BTechnology&lang=en";
2025-01-05 12:07:39 [knowledge_scraper.pipelines] INFO: Validation: set field to null - BibliometricsItem - validate_and_null: provided key "h_index_scopus" is not in item -> identifier: "2265d719-859b-5a3e-9cae-6b743f33960d"; scientist_id: "52eaee10-1c69-5f5f-888b-1fd86854cb4d";
2025-01-05 12:07:45 [knowledge_scraper.pipelines] INFO: Validation: set field to null - PublicationItem - validate_and_null: provided key "publisher" is not in item -> identifier: "36f52709-bf0a-54f3-9413-5d167181ee31"; title: "Wpływ parametrów mikroklimatu w komorze chłodniczej na skład chemiczny owoców i warzyw. Cz. 2. Badania owoców i warzyw"; scientist_id: "f0193dbc-46b6-55ca-87f3-9557acb59dd4";
2025-01-05 12:07:49 [knowledge_scraper.pipelines] INFO: Validation: set field to null - PublicationItem - validate_and_null: provided key "publisher" is not in item -> identifier: "e538d082-8bcb-5dc9-8e6f-7b79ae296d97"; title: "Wpływ parametrów mikroklimatu w komorze chłodniczej na skład chemiczny owoców i warzyw. Cz. 1. Parametry mikroklimatu"; scientist_id: "f0193dbc-46b6-55ca-87f3-9557acb59dd4";
2025-01-05 12:07:50 [knowledge_scraper.pipelines] INFO: Validation: set field to null - PublicationItem - validate_and_null: provided key "publisher" is not in item -> identifier: "40d88531-45df-5b3e-8fd6-f1c83c3c2f30"; title: "The possibilities of energy consumption reduction and a maintenance of indoor air quality in doctor's offices located in north-eastern Poland"; scientist_id: "f0193dbc-46b6-55ca-87f3-9557acb59dd4";
2025-01-05 12:07:51 [knowledge_scraper.pipelines] INFO: Validation: set field to null - PublicationItem - validate_and_null: provided key "publisher" is not in item -> identifier: "fb96736d-a209-5a71-ac8c-6b354a2ff5b7"; title: "Porównanie różnych systemów chłodniczych w analizowanym obiekcie hotelowym - wskaźniki ekonomiczne"; scientist_id: "f0193dbc-46b6-55ca-87f3-9557acb59dd4";
2025-01-05 12:07:52 [knowledge_scraper.pipelines] INFO: Validation: set field to null - PublicationItem - validate_and_null: provided key "publisher" is not in item -> identifier: "66fee015-d14c-52a4-b810-3299e0d4b93b"; title: "Porównanie dwóch technologii kanałów wentylacji mechanicznej w domu jednorodzinnym"; scientist_id: "f0193dbc-46b6-55ca-87f3-9557acb59dd4";
2025-01-05 12:07:52 [knowledge_scraper.pipelines] INFO: Validation: set field to null - PublicationItem - validate_and_null: provided key "publisher" is not in item -> identifier: "1b23d15a-c859-534c-bf67-be960e46458c"; title: "Ocena powszechności stosowania systemów wentylacji"; scientist_id: "f0193dbc-46b6-55ca-87f3-9557acb59dd4";
2025-01-05 12:07:53 [knowledge_scraper.pipelines] INFO: Validation: set field to null - PublicationItem - validate_and_null: provided key "publisher" is not in item -> identifier: "2b6fb54e-6382-5712-82d5-8c013cdc6719"; title: "Empirical study on a coefficient of discharge μ from the flexible ducts"; scientist_id: "f0193dbc-46b6-55ca-87f3-9557acb59dd4";
2025-01-05 12:07:53 [knowledge_scraper.pipelines] INFO: Validation: set field to null - PublicationItem - validate_and_null: provided key "publisher" is not in item -> identifier: "463f5902-071b-57d6-8484-397ec60592d7"; title: "Charakterystyka wybranych systemów chłodniczych w pomieszczeniach hotelowych"; scientist_id: "f0193dbc-46b6-55ca-87f3-9557acb59dd4";
2025-01-05 12:07:54 [knowledge_scraper.pipelines] INFO: Validation: set field to null - PublicationItem - validate_and_null: provided key "publisher" is not in item -> identifier: "0eb4fa80-a81c-5b95-9f25-bb8f0a702097"; title: "Wykorzystanie termowizji do badań biotribologii stawu łokciowego"; scientist_id: "c732b3e0-821b-5142-8c2c-cda43133c045";
2025-01-05 12:07:54 [knowledge_scraper.pipelines] INFO: Validation: set field to null - PublicationItem - validate_and_null: provided key "publisher" is not in item -> identifier: "421e2bc6-85d7-58a4-8f93-80f62a1b046c"; title: "Plastic properties of weld after micro-jet cooling"; scientist_id: "c732b3e0-821b-5142-8c2c-cda43133c045";
2025-01-05 12:07:54 [knowledge_scraper.pipelines] INFO: Validation: set field to null - PublicationItem - validate_and_null: provided key "publisher" is not in item -> identifier: "a1f76257-dd47-5f84-8b8a-cb4cdbb8be80"; title: "Oxygen in steel WMD after welding with micro-jet cooling"; scientist_id: "c732b3e0-821b-5142-8c2c-cda43133c045";
2025-01-05 12:07:55 [knowledge_scraper.pipelines] INFO: Validation: set field to null - PublicationItem - validate_and_null: provided key "publisher" is not in item -> identifier: "91f9a063-c7cd-545a-9c93-66e69f0d2349"; title: "Ocena szybkości schładzania mięsa wieprzowego za pomocą mikrostrumieni"; scientist_id: "c732b3e0-821b-5142-8c2c-cda43133c045";
2025-01-05 12:07:55 [knowledge_scraper.pipelines] INFO: Validation: set field to null - PublicationItem - validate_and_null: provided key "publisher" is not in item -> identifier: "eb1a3d91-c905-5894-a3c8-b8614f55b052"; title: "Main micro-jet cooling gases steel welding"; scientist_id: "c732b3e0-821b-5142-8c2c-cda43133c045";
2025-01-05 12:07:56 [knowledge_scraper.pipelines] INFO: Validation: set field to null - PublicationItem - validate_and_null: provided key "journal" is not in item -> identifier: "7b754919-d24c-575e-b610-7de338285861"; title: "The robust control of magnetic bearings for rotating machinery"; scientist_id: "8c4efdcb-dd74-5317-ba30-9caa7c0ec102";
2025-01-05 12:07:56 [knowledge_scraper.pipelines] INFO: Validation: set field to null - PublicationItem - validate_and_null: provided key "publisher" is not in item -> identifier: "7b754919-d24c-575e-b610-7de338285861"; title: "The robust control of magnetic bearings for rotating machinery"; scientist_id: "8c4efdcb-dd74-5317-ba30-9caa7c0ec102";
2025-01-05 12:07:57 [knowledge_scraper.pipelines] INFO: Validation: set field to null - PublicationItem - validate_and_null: provided key "journal" is not in item -> identifier: "3543821b-16fa-55b4-a7e3-37ce314cced6"; title: "Energy consumption in small doctor's offices in Poland"; scientist_id: "f0193dbc-46b6-55ca-87f3-9557acb59dd4";
2025-01-05 12:07:57 [knowledge_scraper.pipelines] INFO: Validation: set field to null - PublicationItem - validate_and_null: provided key "publisher" is not in item -> identifier: "3543821b-16fa-55b4-a7e3-37ce314cced6"; title: "Energy consumption in small doctor's offices in Poland"; scientist_id: "f0193dbc-46b6-55ca-87f3-9557acb59dd4";
2025-01-05 12:07:57 [knowledge_scraper.pipelines] INFO: Validation: set field to null - PublicationItem - validate_and_null: provided key "journal" is not in item -> identifier: "fff30f40-d09e-5471-9411-0fbb63b535f8"; title: "Indoor air quality in small doctor's offices in Poland"; scientist_id: "f0193dbc-46b6-55ca-87f3-9557acb59dd4";
2025-01-05 12:07:57 [knowledge_scraper.pipelines] INFO: Validation: set field to null - PublicationItem - validate_and_null: provided key "publisher" is not in item -> identifier: "fff30f40-d09e-5471-9411-0fbb63b535f8"; title: "Indoor air quality in small doctor's offices in Poland"; scientist_id: "f0193dbc-46b6-55ca-87f3-9557acb59dd4";
2025-01-05 12:07:57 [pb] INFO: get_page_count: total page count could no be found - assuming it's 1
2025-01-05 12:07:58 [scrapy.extensions.logstats] INFO: Crawled 110 pages (at 51 pages/min), scraped 151 items (at 39 items/min)
2025-01-05 12:08:00 [knowledge_scraper.pipelines] INFO: Validation: set field to null - PublicationItem - validate_and_null: provided key "publisher" is not in item -> identifier: "5854e553-f693-5744-90aa-87c7713e24d8"; title: "Pobyt pracowników Wydziału Budownictwa i Inżynierii Środowiska na Uniwersytecie w Cordobie"; scientist_id: "f0193dbc-46b6-55ca-87f3-9557acb59dd4";
2025-01-05 12:08:02 [knowledge_scraper.pipelines] INFO: Validation: set field to null - PublicationItem - validate_and_null: provided key "publisher" is not in item -> identifier: "49ac3f5a-7a5a-5f3c-8480-4d1e9252d06f"; title: "Jakość powietrza w gabinetach lekarskich, a zużycie energii po termomodernizacji"; scientist_id: "f0193dbc-46b6-55ca-87f3-9557acb59dd4";
2025-01-05 12:08:03 [knowledge_scraper.pipelines] INFO: Validation: set field to null - PublicationItem - validate_and_null: provided key "publisher" is not in item -> identifier: "e65f4f03-186e-5a55-a21d-3555efc08b38"; title: "Analiza zmienności zużycia ciepła w przedszkolu w Białymstoku"; scientist_id: "f0193dbc-46b6-55ca-87f3-9557acb59dd4";
2025-01-05 12:08:03 [knowledge_scraper.pipelines] INFO: Validation: set field to null - PublicationItem - validate_and_null: provided key "publisher" is not in item -> identifier: "3450ee4f-7695-548f-858d-432eb9e83c1e"; title: "Wpływ wiatru na skuteczności wentylacji grawitacyjnej"; scientist_id: "f0193dbc-46b6-55ca-87f3-9557acb59dd4";
2025-01-05 12:08:04 [knowledge_scraper.pipelines] INFO: Validation: set field to null - PublicationItem - validate_and_null: provided key "publisher" is not in item -> identifier: "715ad50d-79bc-562a-8c97-923170d93341"; title: "Wentylacja mechaniczna dla domu - porównanie systemów"; scientist_id: "f0193dbc-46b6-55ca-87f3-9557acb59dd4";
2025-01-05 12:08:04 [knowledge_scraper.pipelines] INFO: Validation: set field to null - PublicationItem - validate_and_null: provided key "publisher" is not in item -> identifier: "51e7a9ab-2e35-515a-81b6-a27e7e2b6a11"; title: "Porównanie dwóch układów klimatyzacyjnych w budynku biurowym. Część 2"; scientist_id: "f0193dbc-46b6-55ca-87f3-9557acb59dd4";
2025-01-05 12:08:04 [knowledge_scraper.pipelines] INFO: Validation: set field to null - PublicationItem - validate_and_null: provided key "publisher" is not in item -> identifier: "21b8d1a5-3a22-5650-9862-8574183e0793"; title: "Poprawa efektywności wentylacji grawitacyjnej"; scientist_id: "f0193dbc-46b6-55ca-87f3-9557acb59dd4";
2025-01-05 12:08:05 [knowledge_scraper.pipelines] INFO: Validation: set field to null - PublicationItem - validate_and_null: provided key "publisher" is not in item -> identifier: "b3e31e9d-df1e-5252-8240-38f93a53b281"; title: "Correlations of air humidity and carbon dioxide concentration in the kindergarten"; scientist_id: "f0193dbc-46b6-55ca-87f3-9557acb59dd4";
2025-01-05 12:08:05 [knowledge_scraper.pipelines] INFO: Validation: set field to null - PublicationItem - validate_and_null: provided key "publisher" is not in item -> identifier: "3c4e1f39-2c95-5e94-9eff-1b13a6f1e334"; title: "Badanie komfortu cieplnego w salach dydaktycznych przed modernizacją. Cz. 2. Eksperyment"; scientist_id: "f0193dbc-46b6-55ca-87f3-9557acb59dd4";
2025-01-05 12:08:06 [knowledge_scraper.pipelines] INFO: Validation: set field to null - PublicationItem - validate_and_null: provided key "publisher" is not in item -> identifier: "f83836f1-45ae-5573-a7e7-d890dca429d9"; title: "Badanie komfortu cieplnego w salach dydaktycznych przed modernizacją. Cz. 1. Badania ankietowe"; scientist_id: "f0193dbc-46b6-55ca-87f3-9557acb59dd4";
2025-01-05 12:08:06 [knowledge_scraper.pipelines] INFO: Validation: set field to null - PublicationItem - validate_and_null: provided key "journal" is not in item -> identifier: "c423536a-57c9-54d8-aab6-a2971dcf08d6"; title: "Indoor air quality in a small kindergarten - a case study"; scientist_id: "f0193dbc-46b6-55ca-87f3-9557acb59dd4";
2025-01-05 12:08:06 [knowledge_scraper.pipelines] INFO: Validation: set field to null - PublicationItem - validate_and_null: provided key "publisher" is not in item -> identifier: "c423536a-57c9-54d8-aab6-a2971dcf08d6"; title: "Indoor air quality in a small kindergarten - a case study"; scientist_id: "f0193dbc-46b6-55ca-87f3-9557acb59dd4";
2025-01-05 12:08:06 [knowledge_scraper.pipelines] INFO: Validation: set field to null - PublicationItem - validate_and_null: provided key "journal" is not in item -> identifier: "71cef0df-da75-52a6-bf06-537dae14ec4f"; title: "Analiza jakości powietrza wewnętrznego w przedszkolu - studium przypadku"; scientist_id: "f0193dbc-46b6-55ca-87f3-9557acb59dd4";
2025-01-05 12:08:06 [knowledge_scraper.pipelines] INFO: Validation: set field to null - PublicationItem - validate_and_null: provided key "publisher" is not in item -> identifier: "71cef0df-da75-52a6-bf06-537dae14ec4f"; title: "Analiza jakości powietrza wewnętrznego w przedszkolu - studium przypadku"; scientist_id: "f0193dbc-46b6-55ca-87f3-9557acb59dd4";
2025-01-05 12:08:07 [knowledge_scraper.pipelines] INFO: Validation: set field to null - PublicationItem - validate_and_null: provided key "journal" is not in item -> identifier: "06e28f47-d6da-5e22-a9d0-5f0a0c2778a5"; title: "Wentylacja : Podręcznik do ćwiczeń laboratoryjnych"; scientist_id: "f0193dbc-46b6-55ca-87f3-9557acb59dd4";
2025-01-05 12:08:08 [knowledge_scraper.pipelines] INFO: Validation: set field to null - PublicationItem - validate_and_null: provided key "publisher" is not in item -> identifier: "839ca2ad-3b5f-54f0-ac25-4a6cee764cec"; title: "Brittle fracture in plane elements with sharp notches under mixed-mode loading"; scientist_id: "b81ce8e6-cf6e-5190-825a-9f11584c247d";
2025-01-05 12:08:08 [knowledge_scraper.pipelines] INFO: Validation: set field to null - PublicationItem - validate_and_null: provided key "publisher" is not in item -> identifier: "0bdc692b-3859-5d32-be39-231b76ed032f"; title: "Numerical analysis of strain and stress state in cylindrical notched tensile specimens"; scientist_id: "b81ce8e6-cf6e-5190-825a-9f11584c247d";
2025-01-05 12:08:09 [knowledge_scraper.pipelines] INFO: Validation: set field to null - PublicationItem - validate_and_null: provided key "journal" is not in item -> identifier: "2e87f76a-65be-5576-9b17-209d3f99be17"; title: "Badania symulacyjne i pomiarówparametrów pracy impulsowej wyrzutni magnetycznej"; scientist_id: "52eaee10-1c69-5f5f-888b-1fd86854cb4d";
2025-01-05 12:08:09 [knowledge_scraper.pipelines] INFO: Validation: set field to null - PublicationItem - validate_and_null: provided key "publisher" is not in item -> identifier: "2e87f76a-65be-5576-9b17-209d3f99be17"; title: "Badania symulacyjne i pomiarówparametrów pracy impulsowej wyrzutni magnetycznej"; scientist_id: "52eaee10-1c69-5f5f-888b-1fd86854cb4d";
2025-01-05 12:08:09 [knowledge_scraper.pipelines] INFO: Validation: set field to null - PublicationItem - validate_and_null: provided key "journal" is not in item -> identifier: "f3f4c631-c288-558b-afe7-adf1a49840b8"; title: "Model kumulacji uszkodzeń zmęczeniowych w warunkach obciążeń jednoosiowych w podwyższonej temperaturze"; scientist_id: "b81ce8e6-cf6e-5190-825a-9f11584c247d";
2025-01-05 12:08:09 [knowledge_scraper.pipelines] INFO: Validation: set field to null - PublicationItem - validate_and_null: provided key "publisher" is not in item -> identifier: "f3f4c631-c288-558b-afe7-adf1a49840b8"; title: "Model kumulacji uszkodzeń zmęczeniowych w warunkach obciążeń jednoosiowych w podwyższonej temperaturze"; scientist_id: "b81ce8e6-cf6e-5190-825a-9f11584c247d";
2025-01-05 12:08:09 [knowledge_scraper.pipelines] INFO: Validation: set field to null - PublicationItem - validate_and_null: provided key "journal" is not in item -> identifier: "e50c0bbf-6aea-5060-843d-865a9af10eb9"; title: "Modelowanie metodą elementów skończonych procesu odkształcania ściskanego/rozciąganego spieku porowatego stali 316L na podstawie obrazów mikrotomograficznych"; scientist_id: "b81ce8e6-cf6e-5190-825a-9f11584c247d";
2025-01-05 12:08:09 [knowledge_scraper.pipelines] INFO: Validation: set field to null - PublicationItem - validate_and_null: provided key "publisher" is not in item -> identifier: "e50c0bbf-6aea-5060-843d-865a9af10eb9"; title: "Modelowanie metodą elementów skończonych procesu odkształcania ściskanego/rozciąganego spieku porowatego stali 316L na podstawie obrazów mikrotomograficznych"; scientist_id: "b81ce8e6-cf6e-5190-825a-9f11584c247d";
2025-01-05 12:08:10 [knowledge_scraper.pipelines] INFO: Validation: set field to null - PublicationItem - validate_and_null: provided key "journal" is not in item -> identifier: "ae5e492f-2f19-5739-affe-6e446d9a5ec8"; title: "Finite element modeling of the compression/tension behavior of 316L porous sinters using X-ray mikrotomography"; scientist_id: "b81ce8e6-cf6e-5190-825a-9f11584c247d";
2025-01-05 12:08:10 [knowledge_scraper.pipelines] INFO: Validation: set field to null - PublicationItem - validate_and_null: provided key "publisher" is not in item -> identifier: "ae5e492f-2f19-5739-affe-6e446d9a5ec8"; title: "Finite element modeling of the compression/tension behavior of 316L porous sinters using X-ray mikrotomography"; scientist_id: "b81ce8e6-cf6e-5190-825a-9f11584c247d";
2025-01-05 12:08:11 [knowledge_scraper.pipelines] INFO: Validation: set field to null - PublicationItem - validate_and_null: provided key "journal" is not in item -> identifier: "0edec4bb-a741-5254-93e6-6fb70776205d"; title: "Badania trwałości zmęczeniowej spieku porowatego stali implantacyjnej 316L"; scientist_id: "b81ce8e6-cf6e-5190-825a-9f11584c247d";
2025-01-05 12:08:11 [knowledge_scraper.pipelines] INFO: Validation: set field to null - PublicationItem - validate_and_null: provided key "publisher" is not in item -> identifier: "0edec4bb-a741-5254-93e6-6fb70776205d"; title: "Badania trwałości zmęczeniowej spieku porowatego stali implantacyjnej 316L"; scientist_id: "b81ce8e6-cf6e-5190-825a-9f11584c247d";
2025-01-05 12:08:11 [knowledge_scraper.pipelines] INFO: Validation: set field to null - PublicationItem - validate_and_null: provided key "journal" is not in item -> identifier: "cce75f42-eea4-5c1a-8053-611dfc8d2238"; title: "Badania trwałości zmęczeniowej kół zębatych"; scientist_id: "b81ce8e6-cf6e-5190-825a-9f11584c247d";
2025-01-05 12:08:11 [knowledge_scraper.pipelines] INFO: Validation: set field to null - PublicationItem - validate_and_null: provided key "publisher" is not in item -> identifier: "cce75f42-eea4-5c1a-8053-611dfc8d2238"; title: "Badania trwałości zmęczeniowej kół zębatych"; scientist_id: "b81ce8e6-cf6e-5190-825a-9f11584c247d";
2025-01-05 12:08:12 [knowledge_scraper.pipelines] INFO: Validation: set field to null - PublicationItem - validate_and_null: provided key "journal" is not in item -> identifier: "0261e8b1-2506-5c7f-9dfd-b533c311ae6a"; title: "Bezdotykowy pomiar wydłużenia i kąta skręcenia bazy pomiarowej próbki w złożonym stanie obciążenia"; scientist_id: "b81ce8e6-cf6e-5190-825a-9f11584c247d";
2025-01-05 12:08:12 [knowledge_scraper.pipelines] INFO: Validation: set field to null - PublicationItem - validate_and_null: provided key "publisher" is not in item -> identifier: "0261e8b1-2506-5c7f-9dfd-b533c311ae6a"; title: "Bezdotykowy pomiar wydłużenia i kąta skręcenia bazy pomiarowej próbki w złożonym stanie obciążenia"; scientist_id: "b81ce8e6-cf6e-5190-825a-9f11584c247d";
2025-01-05 12:08:13 [knowledge_scraper.pipelines] INFO: Validation: set field to null - PublicationItem - validate_and_null: provided key "publisher" is not in item -> identifier: "0e770b08-8d28-569e-9f45-bf3f9ff2ea06"; title: "Trwałość zmęczeniowa stopów aluminium w podwyższonej tempteraturze : Cz.2 Model obliczeniowy"; scientist_id: "b81ce8e6-cf6e-5190-825a-9f11584c247d";
2025-01-05 12:08:13 [knowledge_scraper.pipelines] INFO: Validation: set field to null - PublicationItem - validate_and_null: provided key "publisher" is not in item -> identifier: "3f3f0a49-08ad-5054-82ca-03b4752cd2da"; title: "Trwałość zmęczeniowa stopów aluminium w podwyższonej tempteraturze : Cz.1 Badania doświadczalne"; scientist_id: "b81ce8e6-cf6e-5190-825a-9f11584c247d";
2025-01-05 12:08:14 [knowledge_scraper.pipelines] INFO: Validation: set field to null - PublicationItem - validate_and_null: provided key "journal" is not in item -> identifier: "4b0a9453-51df-5a5d-9204-eeeea207b70c"; title: "Wytrzymałość i trwałość zmęczeniowa spieków porowatych na przykładzie stali 316L o różnym stopniu zagęszczenia"; scientist_id: "b81ce8e6-cf6e-5190-825a-9f11584c247d";
2025-01-05 12:08:14 [knowledge_scraper.pipelines] INFO: Validation: set field to null - PublicationItem - validate_and_null: provided key "publisher" is not in item -> identifier: "4b0a9453-51df-5a5d-9204-eeeea207b70c"; title: "Wytrzymałość i trwałość zmęczeniowa spieków porowatych na przykładzie stali 316L o różnym stopniu zagęszczenia"; scientist_id: "b81ce8e6-cf6e-5190-825a-9f11584c247d";
2025-01-05 12:08:14 [knowledge_scraper.pipelines] INFO: Validation: set field to null - PublicationItem - validate_and_null: provided key "journal" is not in item -> identifier: "c5e62405-a028-5976-8301-20f71ee7b712"; title: "Numeryczne modelowanie rozciągania spieków stali 316L z uwzględnieniem kształtu struktur porowatych w skali mezoskopowej"; scientist_id: "b81ce8e6-cf6e-5190-825a-9f11584c247d";
2025-01-05 12:08:14 [knowledge_scraper.pipelines] INFO: Validation: set field to null - PublicationItem - validate_and_null: provided key "publisher" is not in item -> identifier: "c5e62405-a028-5976-8301-20f71ee7b712"; title: "Numeryczne modelowanie rozciągania spieków stali 316L z uwzględnieniem kształtu struktur porowatych w skali mezoskopowej"; scientist_id: "b81ce8e6-cf6e-5190-825a-9f11584c247d";
2025-01-05 12:08:14 [knowledge_scraper.pipelines] INFO: Validation: set field to null - PublicationItem - validate_and_null: provided key "publisher" is not in item -> identifier: "fb73b0ee-11f8-5d94-a5a4-f48a7a50c5d0"; title: "Damage accumulation modeling under uniaxial low cycle fatigue at elevated temperatures"; scientist_id: "b81ce8e6-cf6e-5190-825a-9f11584c247d";
2025-01-05 12:08:15 [knowledge_scraper.pipelines] INFO: Validation: set field to null - PublicationItem - validate_and_null: provided key "publisher" is not in item -> identifier: "d36d8a87-9ec9-54eb-9969-631ffd257502"; title: "The gas consumption in households in Poland - case study"; scientist_id: "f0193dbc-46b6-55ca-87f3-9557acb59dd4";
2025-01-05 12:08:15 [knowledge_scraper.pipelines] INFO: Validation: set field to null - PublicationItem - validate_and_null: provided key "publisher" is not in item -> identifier: "bd76af9b-f48c-56c5-9728-db053a60e547"; title: "Kompleksowa termomodernizacja budynku WBiIŚ. Stan techniczny instalacji grzewczo-wentylacyjnych przed termomodernizacją i możliwości poprawy ich efektywności"; scientist_id: "f0193dbc-46b6-55ca-87f3-9557acb59dd4";
2025-01-05 12:08:16 [knowledge_scraper.pipelines] INFO: Validation: set field to null - PublicationItem - validate_and_null: provided key "publisher" is not in item -> identifier: "627d85d4-f118-5955-b544-8ba469b56171"; title: "Robust control of active magnetic suspension: Analytical and experimental results"; scientist_id: "8c4efdcb-dd74-5317-ba30-9caa7c0ec102";
2025-01-05 12:08:16 [knowledge_scraper.pipelines] INFO: Validation: set field to null - PublicationItem - validate_and_null: provided key "publisher" is not in item -> identifier: "f67db0b6-7f50-5e21-976e-2bf8fd89e69a"; title: "The robust control of magnetic suspension with rapidly changing of rotor speed"; scientist_id: "8c4efdcb-dd74-5317-ba30-9caa7c0ec102";
2025-01-05 12:08:16 [knowledge_scraper.pipelines] INFO: Validation: set field to null - PublicationItem - validate_and_null: provided key "journal" is not in item -> identifier: "7978b0a2-d96b-5a4a-938b-9334d3b94d54"; title: "Uncertainty modeling in robust control of active magnetic suspension"; scientist_id: "8c4efdcb-dd74-5317-ba30-9caa7c0ec102";
2025-01-05 12:08:16 [knowledge_scraper.pipelines] INFO: Validation: set field to null - PublicationItem - validate_and_null: provided key "publisher" is not in item -> identifier: "7978b0a2-d96b-5a4a-938b-9334d3b94d54"; title: "Uncertainty modeling in robust control of active magnetic suspension"; scientist_id: "8c4efdcb-dd74-5317-ba30-9caa7c0ec102";
2025-01-05 12:08:17 [knowledge_scraper.pipelines] INFO: Validation: set field to null - PublicationItem - validate_and_null: provided key "journal" is not in item -> identifier: "0353e12d-ce03-572b-821c-b5eceb609bb4"; title: "Analysis of robustness of vibration control system for a magnetically supported shaft"; scientist_id: "8c4efdcb-dd74-5317-ba30-9caa7c0ec102";
2025-01-05 12:08:17 [knowledge_scraper.pipelines] INFO: Validation: set field to null - PublicationItem - validate_and_null: provided key "publisher" is not in item -> identifier: "0353e12d-ce03-572b-821c-b5eceb609bb4"; title: "Analysis of robustness of vibration control system for a magnetically supported shaft"; scientist_id: "8c4efdcb-dd74-5317-ba30-9caa7c0ec102";
2025-01-05 12:08:17 [knowledge_scraper.pipelines] INFO: Validation: set field to null - PublicationItem - validate_and_null: provided key "journal" is not in item -> identifier: "54ddac2e-584e-50ab-bf8d-1dfe7c7b59a4"; title: "Selection of Coils Parameters in Magnetic Launchers"; scientist_id: "8c4efdcb-dd74-5317-ba30-9caa7c0ec102";
2025-01-05 12:08:17 [knowledge_scraper.pipelines] INFO: Validation: set field to null - PublicationItem - validate_and_null: provided key "publisher" is not in item -> identifier: "54ddac2e-584e-50ab-bf8d-1dfe7c7b59a4"; title: "Selection of Coils Parameters in Magnetic Launchers"; scientist_id: "8c4efdcb-dd74-5317-ba30-9caa7c0ec102";
2025-01-05 12:08:18 [knowledge_scraper.pipelines] INFO: Validation: set field to null - PublicationItem - validate_and_null: provided key "journal" is not in item -> identifier: "18417ea7-f11a-5c6c-ae1c-f617ae50a6ec"; title: "Vision-based obstacle avoidance for unmanned aerial vehicles"; scientist_id: "8c4efdcb-dd74-5317-ba30-9caa7c0ec102";
2025-01-05 12:08:18 [knowledge_scraper.pipelines] INFO: Validation: set field to null - PublicationItem - validate_and_null: provided key "publisher" is not in item -> identifier: "18417ea7-f11a-5c6c-ae1c-f617ae50a6ec"; title: "Vision-based obstacle avoidance for unmanned aerial vehicles"; scientist_id: "8c4efdcb-dd74-5317-ba30-9caa7c0ec102";
2025-01-05 12:08:18 [knowledge_scraper.pipelines] INFO: Validation: set field to null - PublicationItem - validate_and_null: provided key "journal" is not in item -> identifier: "31aaf645-73f0-5c86-b4ed-f0872c89056b"; title: "Formation flight control scheme for unmanned aerial vehicles"; scientist_id: "8c4efdcb-dd74-5317-ba30-9caa7c0ec102";
2025-01-05 12:08:18 [knowledge_scraper.pipelines] INFO: Validation: set field to null - PublicationItem - validate_and_null: provided key "publisher" is not in item -> identifier: "31aaf645-73f0-5c86-b4ed-f0872c89056b"; title: "Formation flight control scheme for unmanned aerial vehicles"; scientist_id: "8c4efdcb-dd74-5317-ba30-9caa7c0ec102";
2025-01-05 12:08:19 [knowledge_scraper.pipelines] INFO: Validation: set field to null - PublicationItem - validate_and_null: provided key "journal" is not in item -> identifier: "54571303-7f16-5244-afa4-d1a628c781b0"; title: "Virtual collocation of sensors and actuators for a flexible rotor supported by active magnetic bearings"; scientist_id: "8c4efdcb-dd74-5317-ba30-9caa7c0ec102";
2025-01-05 12:08:19 [knowledge_scraper.pipelines] INFO: Validation: set field to null - PublicationItem - validate_and_null: provided key "publisher" is not in item -> identifier: "54571303-7f16-5244-afa4-d1a628c781b0"; title: "Virtual collocation of sensors and actuators for a flexible rotor supported by active magnetic bearings"; scientist_id: "8c4efdcb-dd74-5317-ba30-9caa7c0ec102";
2025-01-05 12:08:19 [knowledge_scraper.pipelines] INFO: Validation: set field to null - PublicationItem - validate_and_null: provided key "publisher" is not in item -> identifier: "ced521fa-b255-5abb-869e-6a9861b54289"; title: "Modelling of the seat suspension system for the vibration control system"; scientist_id: "8c4efdcb-dd74-5317-ba30-9caa7c0ec102";
2025-01-05 12:08:20 [knowledge_scraper.pipelines] INFO: Validation: set field to null - PublicationItem - validate_and_null: provided key "publisher" is not in item -> identifier: "9380aadb-a63f-5147-b881-645a1166102d"; title: "Simulation Model of an Electromagnetic Multi-Coil Launcher for Micro Aerial Vehicles"; scientist_id: "8c4efdcb-dd74-5317-ba30-9caa7c0ec102";
2025-01-05 12:08:20 [knowledge_scraper.pipelines] INFO: Validation: set field to null - PublicationItem - validate_and_null: provided key "publisher" is not in item -> identifier: "e8759822-c13c-576b-b019-a1dbec446a0b"; title: "Numerical modeling of the tensile deformation process of sintered 316L based on microtomography of porous mesostructures"; scientist_id: "b81ce8e6-cf6e-5190-825a-9f11584c247d";
2025-01-05 12:08:21 [knowledge_scraper.pipelines] INFO: Validation: set field to null - PublicationItem - validate_and_null: provided key "publisher" is not in item -> identifier: "27ba6ae9-dcd9-5a05-a33b-5702af6adf08"; title: "Modeling of the tension and compression behavior of sintered 316L using micro computed tomography"; scientist_id: "b81ce8e6-cf6e-5190-825a-9f11584c247d";
2025-01-05 12:08:21 [knowledge_scraper.pipelines] INFO: Validation: set field to null - PublicationItem - validate_and_null: provided key "publisher" is not in item -> identifier: "4871ae29-e888-5251-b519-11d2c438aff8"; title: "Fatigue testing of transmission gear"; scientist_id: "b81ce8e6-cf6e-5190-825a-9f11584c247d";
2025-01-05 12:08:21 [knowledge_scraper.pipelines] INFO: Validation: set field to null - PublicationItem - validate_and_null: provided key "publisher" is not in item -> identifier: "e1a5d9dd-d779-5f59-a9d0-1e0bd865c850"; title: "Fatigue of sintered porous materials based on 316L stainless steel under uniaxial loading"; scientist_id: "b81ce8e6-cf6e-5190-825a-9f11584c247d";
2025-01-05 12:08:22 [knowledge_scraper.pipelines] INFO: Validation: set field to null - PublicationItem - validate_and_null: provided key "publisher" is not in item -> identifier: "94e4c3be-d909-5beb-b665-4a9831c5a36d"; title: "Analysis of fatigue life of sintered porous 316L steel with different density"; scientist_id: "b81ce8e6-cf6e-5190-825a-9f11584c247d";
2025-01-05 12:08:22 [knowledge_scraper.pipelines] INFO: Validation: set field to null - PublicationItem - validate_and_null: provided key "journal" is not in item -> identifier: "4a9dc700-81a5-53a7-a4b3-0020d7a42b61"; title: "Trwałość zmęczeniowa stopów aluminium w warunkach złożonych obciążeń zmęczeniowych w podwyższonej temperaturze"; scientist_id: "b81ce8e6-cf6e-5190-825a-9f11584c247d";
2025-01-05 12:08:22 [knowledge_scraper.pipelines] INFO: Validation: set field to null - PublicationItem - validate_and_null: provided key "publisher" is not in item -> identifier: "4a9dc700-81a5-53a7-a4b3-0020d7a42b61"; title: "Trwałość zmęczeniowa stopów aluminium w warunkach złożonych obciążeń zmęczeniowych w podwyższonej temperaturze"; scientist_id: "b81ce8e6-cf6e-5190-825a-9f11584c247d";
2025-01-05 12:08:23 [knowledge_scraper.pipelines] INFO: Validation: set field to null - PublicationItem - validate_and_null: provided key "journal" is not in item -> identifier: "5d3f863f-da42-5641-adf0-69cd19fbf4b2"; title: "Fatigue life prediction of materials at elevated temperatures"; scientist_id: "b81ce8e6-cf6e-5190-825a-9f11584c247d";
2025-01-05 12:08:23 [knowledge_scraper.pipelines] INFO: Validation: set field to null - PublicationItem - validate_and_null: provided key "publisher" is not in item -> identifier: "5d3f863f-da42-5641-adf0-69cd19fbf4b2"; title: "Fatigue life prediction of materials at elevated temperatures"; scientist_id: "b81ce8e6-cf6e-5190-825a-9f11584c247d";
2025-01-05 12:08:23 [knowledge_scraper.pipelines] INFO: Validation: set field to null - PublicationItem - validate_and_null: provided key "journal" is not in item -> identifier: "693a1158-ed4c-5531-b477-cdfd66170d53"; title: "Numeryczne modelowanie procesu deformacji spieków porowatych z wykorzystaniem mikrotomografii komputerowej"; scientist_id: "b81ce8e6-cf6e-5190-825a-9f11584c247d";
2025-01-05 12:08:23 [knowledge_scraper.pipelines] INFO: Validation: set field to null - PublicationItem - validate_and_null: provided key "publisher" is not in item -> identifier: "693a1158-ed4c-5531-b477-cdfd66170d53"; title: "Numeryczne modelowanie procesu deformacji spieków porowatych z wykorzystaniem mikrotomografii komputerowej"; scientist_id: "b81ce8e6-cf6e-5190-825a-9f11584c247d";
2025-01-05 12:08:24 [knowledge_scraper.pipelines] INFO: Validation: set field to null - PublicationItem - validate_and_null: provided key "journal" is not in item -> identifier: "17757a2f-42eb-5b37-9af9-ff41688cb973"; title: "Numerical modelling of the deformation behavior of sintered 316L mesostructures using X-ray microtomography"; scientist_id: "b81ce8e6-cf6e-5190-825a-9f11584c247d";
2025-01-05 12:08:24 [knowledge_scraper.pipelines] INFO: Validation: set field to null - PublicationItem - validate_and_null: provided key "publisher" is not in item -> identifier: "17757a2f-42eb-5b37-9af9-ff41688cb973"; title: "Numerical modelling of the deformation behavior of sintered 316L mesostructures using X-ray microtomography"; scientist_id: "b81ce8e6-cf6e-5190-825a-9f11584c247d";
2025-01-05 12:08:24 [knowledge_scraper.pipelines] INFO: Validation: set field to null - PublicationItem - validate_and_null: provided key "journal" is not in item -> identifier: "761abf17-218f-53ad-aa7f-0912f18bd211"; title: "Numerical modeling of tension and compression of 316L porous mesostructures using microtomography"; scientist_id: "b81ce8e6-cf6e-5190-825a-9f11584c247d";
2025-01-05 12:08:24 [knowledge_scraper.pipelines] INFO: Validation: set field to null - PublicationItem - validate_and_null: provided key "publisher" is not in item -> identifier: "761abf17-218f-53ad-aa7f-0912f18bd211"; title: "Numerical modeling of tension and compression of 316L porous mesostructures using microtomography"; scientist_id: "b81ce8e6-cf6e-5190-825a-9f11584c247d";
2025-01-05 12:08:25 [knowledge_scraper.pipelines] INFO: Validation: set field to null - PublicationItem - validate_and_null: provided key "journal" is not in item -> identifier: "99a19bc8-5478-5ecf-bbba-b0e35325cc72"; title: "Modelowanie pól naprężeń i odkształceń w ściskanych i rozciąganych spiekach stali 316L z zastosowaniem miktoromografii komputerowej"; scientist_id: "b81ce8e6-cf6e-5190-825a-9f11584c247d";
2025-01-05 12:08:25 [knowledge_scraper.pipelines] INFO: Validation: set field to null - PublicationItem - validate_and_null: provided key "publisher" is not in item -> identifier: "99a19bc8-5478-5ecf-bbba-b0e35325cc72"; title: "Modelowanie pól naprężeń i odkształceń w ściskanych i rozciąganych spiekach stali 316L z zastosowaniem miktoromografii komputerowej"; scientist_id: "b81ce8e6-cf6e-5190-825a-9f11584c247d";
2025-01-05 12:08:25 [knowledge_scraper.pipelines] INFO: Validation: set field to null - PublicationItem - validate_and_null: provided key "journal" is not in item -> identifier: "eb89442a-9fae-5749-849c-da83b8c69b2f"; title: "Impact of technological parameters on the mechanical properties of porous sintered 316L stainless steel"; scientist_id: "b81ce8e6-cf6e-5190-825a-9f11584c247d";
2025-01-05 12:08:25 [knowledge_scraper.pipelines] INFO: Validation: set field to null - PublicationItem - validate_and_null: provided key "publisher" is not in item -> identifier: "eb89442a-9fae-5749-849c-da83b8c69b2f"; title: "Impact of technological parameters on the mechanical properties of porous sintered 316L stainless steel"; scientist_id: "b81ce8e6-cf6e-5190-825a-9f11584c247d";
2025-01-05 12:08:25 [knowledge_scraper.pipelines] INFO: Validation: set field to null - PublicationItem - validate_and_null: provided key "journal" is not in item -> identifier: "461abca5-d7e0-5c0e-bcd6-fb51c7a228a3"; title: "Finite element modeling of the tensile behavior of pourous 316 L using X-ray microtomography"; scientist_id: "b81ce8e6-cf6e-5190-825a-9f11584c247d";
2025-01-05 12:08:25 [knowledge_scraper.pipelines] INFO: Validation: set field to null - PublicationItem - validate_and_null: provided key "publisher" is not in item -> identifier: "461abca5-d7e0-5c0e-bcd6-fb51c7a228a3"; title: "Finite element modeling of the tensile behavior of pourous 316 L using X-ray microtomography"; scientist_id: "b81ce8e6-cf6e-5190-825a-9f11584c247d";
2025-01-05 12:08:26 [knowledge_scraper.pipelines] INFO: Validation: set field to null - PublicationItem - validate_and_null: provided key "journal" is not in item -> identifier: "5e1d0600-ee1d-5f6f-aad2-4ddd5ed6d2ce"; title: "Badania trwałości zmęczeniowej spieków porowatych na przykładzie stali 316L o różnym stopniu zagęszczenia"; scientist_id: "b81ce8e6-cf6e-5190-825a-9f11584c247d";
2025-01-05 12:08:26 [knowledge_scraper.pipelines] INFO: Validation: set field to null - PublicationItem - validate_and_null: provided key "publisher" is not in item -> identifier: "5e1d0600-ee1d-5f6f-aad2-4ddd5ed6d2ce"; title: "Badania trwałości zmęczeniowej spieków porowatych na przykładzie stali 316L o różnym stopniu zagęszczenia"; scientist_id: "b81ce8e6-cf6e-5190-825a-9f11584c247d";
2025-01-05 12:08:26 [knowledge_scraper.pipelines] INFO: Validation: set field to null - PublicationItem - validate_and_null: provided key "journal" is not in item -> identifier: "d90b4b83-a1ad-5670-9aaf-e53eadbf3fca"; title: "Stresses intensity factors at corner points chevron crack in orthotropic plate"; scientist_id: "b81ce8e6-cf6e-5190-825a-9f11584c247d";
2025-01-05 12:08:26 [knowledge_scraper.pipelines] INFO: Validation: set field to null - PublicationItem - validate_and_null: provided key "publisher" is not in item -> identifier: "d90b4b83-a1ad-5670-9aaf-e53eadbf3fca"; title: "Stresses intensity factors at corner points chevron crack in orthotropic plate"; scientist_id: "b81ce8e6-cf6e-5190-825a-9f11584c247d";
2025-01-05 12:08:27 [knowledge_scraper.pipelines] INFO: Validation: set field to null - PublicationItem - validate_and_null: provided key "journal" is not in item -> identifier: "020b40e1-7eb4-52c4-8fec-e71b23531b02"; title: "Pękanie ciągliwe próbek z karbami w dwuosiowym stanie obciążenia"; scientist_id: "b81ce8e6-cf6e-5190-825a-9f11584c247d";
2025-01-05 12:08:27 [knowledge_scraper.pipelines] INFO: Validation: set field to null - PublicationItem - validate_and_null: provided key "publisher" is not in item -> identifier: "020b40e1-7eb4-52c4-8fec-e71b23531b02"; title: "Pękanie ciągliwe próbek z karbami w dwuosiowym stanie obciążenia"; scientist_id: "b81ce8e6-cf6e-5190-825a-9f11584c247d";
2025-01-05 12:08:27 [knowledge_scraper.pipelines] INFO: Validation: set field to null - PublicationItem - validate_and_null: provided key "journal" is not in item -> identifier: "065c949e-4d2f-548a-90fc-369d3dca354d"; title: "Ductile fracture of elements with notches under complex loading state"; scientist_id: "b81ce8e6-cf6e-5190-825a-9f11584c247d";
2025-01-05 12:08:27 [knowledge_scraper.pipelines] INFO: Validation: set field to null - PublicationItem - validate_and_null: provided key "publisher" is not in item -> identifier: "065c949e-4d2f-548a-90fc-369d3dca354d"; title: "Ductile fracture of elements with notches under complex loading state"; scientist_id: "b81ce8e6-cf6e-5190-825a-9f11584c247d";
2025-01-05 12:08:28 [knowledge_scraper.pipelines] INFO: Validation: set field to null - PublicationItem - validate_and_null: provided key "journal" is not in item -> identifier: "081dd012-30ae-55b6-b5e4-c76e3afdf5bf"; title: "Finite element modeling of anisotropic deformation behavior of the porous materials based on microtomographic images"; scientist_id: "b81ce8e6-cf6e-5190-825a-9f11584c247d";
2025-01-05 12:08:28 [knowledge_scraper.pipelines] INFO: Validation: set field to null - PublicationItem - validate_and_null: provided key "publisher" is not in item -> identifier: "081dd012-30ae-55b6-b5e4-c76e3afdf5bf"; title: "Finite element modeling of anisotropic deformation behavior of the porous materials based on microtomographic images"; scientist_id: "b81ce8e6-cf6e-5190-825a-9f11584c247d";
2025-01-05 12:08:28 [knowledge_scraper.pipelines] INFO: Validation: set field to null - PublicationItem - validate_and_null: provided key "publisher" is not in item -> identifier: "0a0f3948-1e47-59cf-86a9-bcbaf1f4f4aa"; title: "Ductile fracture of EN-AW 2024 aluminum alloy specimens with notches under biaxial loading. P. 2. Numerical research and ductile fracture criterion"; scientist_id: "b81ce8e6-cf6e-5190-825a-9f11584c247d";
2025-01-05 12:08:29 [knowledge_scraper.pipelines] INFO: Validation: set field to null - PublicationItem - validate_and_null: provided key "publisher" is not in item -> identifier: "9e607cc3-657e-560f-8426-6e92bdfd94e9"; title: "Ductile fracture of EN-AW 2024 aluminum alloy specimens with notches under biaxial loading. P. 1. Experimental research"; scientist_id: "b81ce8e6-cf6e-5190-825a-9f11584c247d";
2025-01-05 12:08:29 [knowledge_scraper.pipelines] INFO: Validation: set field to null - PublicationItem - validate_and_null: provided key "publisher" is not in item -> identifier: "ac22031b-1539-57a9-ad82-665b454168aa"; title: "Innovative surface welding with micro-jet cooling"; scientist_id: "c732b3e0-821b-5142-8c2c-cda43133c045";
2025-01-05 12:08:29 [knowledge_scraper.pipelines] INFO: Validation: set field to null - PublicationItem - validate_and_null: provided key "publisher" is not in item -> identifier: "1703d326-c261-5d2a-ae7a-02e3513ef864"; title: "Doświadczalne modelowanie kształtu powierzchni kontaktu wlewków aluminiowych w procesie wyciskania współbieżnego"; scientist_id: "c732b3e0-821b-5142-8c2c-cda43133c045";
2025-01-05 12:08:30 [knowledge_scraper.pipelines] INFO: Validation: set field to null - PublicationItem - validate_and_null: provided key "publisher" is not in item -> identifier: "2ed6ea1f-f7f3-59f2-b6d6-c1a17c8ee454"; title: "Analiza numeryczna wpływu współczynnika tarcia i geometrii matrycy na właściwości mechaniczne wyciskanych elektrod rurkowych"; scientist_id: "c732b3e0-821b-5142-8c2c-cda43133c045";
2025-01-05 12:08:30 [knowledge_scraper.pipelines] INFO: Validation: set field to null - PublicationItem - validate_and_null: provided key "journal" is not in item -> identifier: "f6147104-0291-56df-b58f-23a3acb5b3a7"; title: "Zagrożenia i ocena ryzyka personelu zakładu radiologicznego przy badaniu pacjentów ze schorzeniami układu kostno-stawowego"; scientist_id: "c732b3e0-821b-5142-8c2c-cda43133c045";
2025-01-05 12:08:30 [knowledge_scraper.pipelines] INFO: Validation: set field to null - PublicationItem - validate_and_null: provided key "publisher" is not in item -> identifier: "f6147104-0291-56df-b58f-23a3acb5b3a7"; title: "Zagrożenia i ocena ryzyka personelu zakładu radiologicznego przy badaniu pacjentów ze schorzeniami układu kostno-stawowego"; scientist_id: "c732b3e0-821b-5142-8c2c-cda43133c045";
2025-01-05 12:08:31 [knowledge_scraper.pipelines] INFO: Validation: set field to null - PublicationItem - validate_and_null: provided key "journal" is not in item -> identifier: "da4e4d93-80ea-5a46-8802-771223e0bf47"; title: "Plastic properties of weld after micro-jet cooling"; scientist_id: "c732b3e0-821b-5142-8c2c-cda43133c045";
2025-01-05 12:08:31 [knowledge_scraper.pipelines] INFO: Validation: set field to null - PublicationItem - validate_and_null: provided key "publisher" is not in item -> identifier: "da4e4d93-80ea-5a46-8802-771223e0bf47"; title: "Plastic properties of weld after micro-jet cooling"; scientist_id: "c732b3e0-821b-5142-8c2c-cda43133c045";
2025-01-05 12:08:31 [knowledge_scraper.pipelines] INFO: Validation: set field to null - PublicationItem - validate_and_null: provided key "journal" is not in item -> identifier: "c2b54a32-4c56-5929-88ec-b638d96d725b"; title: "Micro-jet technology in welding"; scientist_id: "c732b3e0-821b-5142-8c2c-cda43133c045";
2025-01-05 12:08:31 [knowledge_scraper.pipelines] INFO: Validation: set field to null - PublicationItem - validate_and_null: provided key "publisher" is not in item -> identifier: "c2b54a32-4c56-5929-88ec-b638d96d725b"; title: "Micro-jet technology in welding"; scientist_id: "c732b3e0-821b-5142-8c2c-cda43133c045";
2025-01-05 12:08:32 [knowledge_scraper.pipelines] INFO: Validation: set field to null - PublicationItem - validate_and_null: provided key "journal" is not in item -> identifier: "d507c102-2dc6-55bb-af7d-56fbec2290e8"; title: "Innovative surface welding with micro-jet cooling"; scientist_id: "c732b3e0-821b-5142-8c2c-cda43133c045";
2025-01-05 12:08:32 [knowledge_scraper.pipelines] INFO: Validation: set field to null - PublicationItem - validate_and_null: provided key "publisher" is not in item -> identifier: "d507c102-2dc6-55bb-af7d-56fbec2290e8"; title: "Innovative surface welding with micro-jet cooling"; scientist_id: "c732b3e0-821b-5142-8c2c-cda43133c045";
2025-01-05 12:08:32 [knowledge_scraper.pipelines] INFO: Validation: set field to null - PublicationItem - validate_and_null: provided key "journal" is not in item -> identifier: "13b055de-730c-5a38-86a2-2195f3868a67"; title: "Innovation in welding technology through the use of micro-jet injector"; scientist_id: "c732b3e0-821b-5142-8c2c-cda43133c045";
2025-01-05 12:08:32 [knowledge_scraper.pipelines] INFO: Validation: set field to null - PublicationItem - validate_and_null: provided key "publisher" is not in item -> identifier: "13b055de-730c-5a38-86a2-2195f3868a67"; title: "Innovation in welding technology through the use of micro-jet injector"; scientist_id: "c732b3e0-821b-5142-8c2c-cda43133c045";
2025-01-05 12:08:33 [knowledge_scraper.pipelines] INFO: Validation: set field to null - PublicationItem - validate_and_null: provided key "journal" is not in item -> identifier: "f7984ff5-00d4-5925-b078-547fb5c763be"; title: "Bezpieczeństwo bierne motocykla i motocyklisty"; scientist_id: "c732b3e0-821b-5142-8c2c-cda43133c045";
2025-01-05 12:08:33 [knowledge_scraper.pipelines] INFO: Validation: set field to null - PublicationItem - validate_and_null: provided key "publisher" is not in item -> identifier: "f7984ff5-00d4-5925-b078-547fb5c763be"; title: "Bezpieczeństwo bierne motocykla i motocyklisty"; scientist_id: "c732b3e0-821b-5142-8c2c-cda43133c045";
2025-01-05 12:08:33 [knowledge_scraper.pipelines] INFO: Validation: set field to null - PublicationItem - validate_and_null: provided key "journal" is not in item -> identifier: "b13d82dd-42d7-53ea-9a31-ef2f0175b893"; title: "Izomorfizm wykresów fazowych jako metoda sterowania układem kroczącym człowiek-egzoskeleton"; scientist_id: "c732b3e0-821b-5142-8c2c-cda43133c045";
2025-01-05 12:08:33 [knowledge_scraper.pipelines] INFO: Validation: set field to null - PublicationItem - validate_and_null: provided key "publisher" is not in item -> identifier: "b13d82dd-42d7-53ea-9a31-ef2f0175b893"; title: "Izomorfizm wykresów fazowych jako metoda sterowania układem kroczącym człowiek-egzoskeleton"; scientist_id: "c732b3e0-821b-5142-8c2c-cda43133c045";
2025-01-05 12:08:33 [knowledge_scraper.pipelines] INFO: Validation: set field to null - PublicationItem - validate_and_null: provided key "journal" is not in item -> identifier: "782f3083-325c-5870-a437-1b901361965f"; title: "Bezpieczeństwo w organizacji i technice"; scientist_id: "c732b3e0-821b-5142-8c2c-cda43133c045";
2025-01-05 12:08:34 [knowledge_scraper.pipelines] INFO: Validation: set field to null - PublicationItem - validate_and_null: provided key "journal" is not in item -> identifier: "16f0e8d6-2a1b-5a6f-8dff-1ce616899421"; title: "Plasticity analysis in extrusion processes"; scientist_id: "c732b3e0-821b-5142-8c2c-cda43133c045";
2025-01-05 12:08:35 [knowledge_scraper.pipelines] INFO: Validation: set field to null - PublicationItem - validate_and_null: provided key "publisher" is not in item -> identifier: "d74dadeb-4c1e-5ea3-a0c3-a6121970c2e5"; title: "Tribological properties of super field weld with micro-jet process"; scientist_id: "c732b3e0-821b-5142-8c2c-cda43133c045";
2025-01-05 12:08:35 [knowledge_scraper.pipelines] INFO: Validation: set field to null - PublicationItem - validate_and_null: provided key "publisher" is not in item -> identifier: "a5f28105-ffef-56d4-8de8-de7b7e5e7555"; title: "Steel welding with micro-jet injector"; scientist_id: "c732b3e0-821b-5142-8c2c-cda43133c045";
2025-01-05 12:08:35 [knowledge_scraper.pipelines] INFO: Validation: set field to null - PublicationItem - validate_and_null: provided key "publisher" is not in item -> identifier: "f3a9da81-5ca7-55c8-81c1-991938224b19"; title: "Plastic Properties of Welds after Micro-Jet Cooling with Different Cooling Gases"; scientist_id: "c732b3e0-821b-5142-8c2c-cda43133c045";
2025-01-05 12:08:36 [knowledge_scraper.pipelines] INFO: Validation: set field to null - PublicationItem - validate_and_null: provided key "journal" is not in item -> identifier: "74e9a1c0-11dc-5ff0-87be-54404352adf9"; title: "Ocena przyzwyczajeń Polaków oraz korzystania z wentylacji i klimatyzacji w świetle badań ankietowych"; scientist_id: "f0193dbc-46b6-55ca-87f3-9557acb59dd4";
2025-01-05 12:08:36 [knowledge_scraper.pipelines] INFO: Validation: set field to null - PublicationItem - validate_and_null: provided key "publisher" is not in item -> identifier: "74e9a1c0-11dc-5ff0-87be-54404352adf9"; title: "Ocena przyzwyczajeń Polaków oraz korzystania z wentylacji i klimatyzacji w świetle badań ankietowych"; scientist_id: "f0193dbc-46b6-55ca-87f3-9557acb59dd4";
2025-01-05 12:08:36 [knowledge_scraper.pipelines] INFO: Validation: set field to null - PublicationItem - validate_and_null: provided key "publisher" is not in item -> identifier: "fcf773ad-1522-5b11-ad21-c5ea2266f654"; title: "Wpływ parametrów mikroklimatu w komorze chłodniczej na jakościowe wskaźniki papryki"; scientist_id: "f0193dbc-46b6-55ca-87f3-9557acb59dd4";
2025-01-05 12:08:36 [knowledge_scraper.pipelines] INFO: Validation: set field to null - PublicationItem - validate_and_null: provided key "publisher" is not in item -> identifier: "3bbec49c-a147-5611-9606-d5cda52e71eb"; title: "Analiza wykorzystania odnawialnych źródeł energii w Hiszpanii – systemy słoneczne"; scientist_id: "f0193dbc-46b6-55ca-87f3-9557acb59dd4";
2025-01-05 12:08:37 [knowledge_scraper.pipelines] INFO: Validation: set field to null - PublicationItem - validate_and_null: provided key "publisher" is not in item -> identifier: "001dbb9b-f80e-5c6e-b098-b9db0d35930e"; title: "Wybór koncepcji klimatyzacji dwóch sal operacyjnych w szpitalu dnia jednego. Cz. 2. Rozwiązanie problemu"; scientist_id: "f0193dbc-46b6-55ca-87f3-9557acb59dd4";
2025-01-05 12:08:37 [knowledge_scraper.pipelines] INFO: Validation: set field to null - PublicationItem - validate_and_null: provided key "publisher" is not in item -> identifier: "004e1102-d07d-5a80-ae79-48f5c2b5763e"; title: "Wybór koncepcji klimatyzacji dwóch sal operacyjnych w szpitalu dnia jednego. Cz. 1. Podstawy prawne i teoretyczne"; scientist_id: "f0193dbc-46b6-55ca-87f3-9557acb59dd4";
2025-01-05 12:08:38 [knowledge_scraper.pipelines] INFO: Validation: set field to null - PublicationItem - validate_and_null: provided key "publisher" is not in item -> identifier: "14c05c38-4f04-5a1b-b20d-9fc6db6b401f"; title: "Wpływ parametrów mikroklimatu w komorze chłodniczej na jakościowe wskaźniki owoców i warzyw"; scientist_id: "f0193dbc-46b6-55ca-87f3-9557acb59dd4";
2025-01-05 12:08:38 [knowledge_scraper.pipelines] INFO: Validation: set field to null - PublicationItem - validate_and_null: provided key "publisher" is not in item -> identifier: "1c9d5011-05f1-5dab-9db3-319593e82b9d"; title: "Wpływ parametrów mikroklimatu w chłodni na jakościowe wskaźniki owoców i warzyw"; scientist_id: "f0193dbc-46b6-55ca-87f3-9557acb59dd4";
2025-01-05 12:08:38 [knowledge_scraper.pipelines] INFO: Validation: set field to null - PublicationItem - validate_and_null: provided key "publisher" is not in item -> identifier: "6dac3dc6-809e-5cd8-884d-9d5cb08474ca"; title: "Instalacje wentylacyjne - porównanie technologii wykonania"; scientist_id: "f0193dbc-46b6-55ca-87f3-9557acb59dd4";
2025-01-05 12:08:39 [knowledge_scraper.pipelines] INFO: Validation: set field to null - PublicationItem - validate_and_null: provided key "publisher" is not in item -> identifier: "9a7f36a8-dd85-541f-86d8-8600d572f6ae"; title: "Charakterystyka wewnętrznych instalacji wentylacyjnych w budynku Wydziału Budownictwa i Inżynierii Środowiska Politechniki Białostockiej po termomodernizacji"; scientist_id: "f0193dbc-46b6-55ca-87f3-9557acb59dd4";
2025-01-05 12:08:39 [knowledge_scraper.pipelines] INFO: Validation: set field to null - PublicationItem - validate_and_null: provided key "publisher" is not in item -> identifier: "54002731-2421-5760-b4b4-4c15627fb247"; title: "Badania jakości powietrza w obiekcie użyteczności publicznej"; scientist_id: "f0193dbc-46b6-55ca-87f3-9557acb59dd4";
2025-01-05 12:08:40 [knowledge_scraper.pipelines] INFO: Validation: set field to null - PublicationItem - validate_and_null: provided key "journal" is not in item -> identifier: "32408659-b3b0-5f29-b765-7904254a5a62"; title: "Changes in Energy Consumption, Greenhouse Gasses Emission and Microclimate in Classrooms after Thermal Modernization"; scientist_id: "f0193dbc-46b6-55ca-87f3-9557acb59dd4";
2025-01-05 12:08:40 [knowledge_scraper.pipelines] INFO: Validation: set field to null - PublicationItem - validate_and_null: provided key "publisher" is not in item -> identifier: "32408659-b3b0-5f29-b765-7904254a5a62"; title: "Changes in Energy Consumption, Greenhouse Gasses Emission and Microclimate in Classrooms after Thermal Modernization"; scientist_id: "f0193dbc-46b6-55ca-87f3-9557acb59dd4";
2025-01-05 12:08:40 [knowledge_scraper.pipelines] INFO: Validation: set field to null - PublicationItem - validate_and_null: provided key "journal" is not in item -> identifier: "b86df9a5-9b17-53db-b21b-72037bd60716"; title: "Analysis of Microclimate in Public Buildings in North-Eastern Poland"; scientist_id: "f0193dbc-46b6-55ca-87f3-9557acb59dd4";
2025-01-05 12:08:40 [knowledge_scraper.pipelines] INFO: Validation: set field to null - PublicationItem - validate_and_null: provided key "publisher" is not in item -> identifier: "b86df9a5-9b17-53db-b21b-72037bd60716"; title: "Analysis of Microclimate in Public Buildings in North-Eastern Poland"; scientist_id: "f0193dbc-46b6-55ca-87f3-9557acb59dd4";
2025-01-05 12:08:41 [knowledge_scraper.pipelines] INFO: Validation: set field to null - PublicationItem - validate_and_null: provided key "publisher" is not in item -> identifier: "b7fc22f5-f018-5689-a3c0-d0db73ff6014"; title: "Laboratory stand of an electromagnetic multi-coil launcher for micro aerial vehicles"; scientist_id: "8c4efdcb-dd74-5317-ba30-9caa7c0ec102";
2025-01-05 12:08:41 [knowledge_scraper.pipelines] INFO: Validation: set field to null - PublicationItem - validate_and_null: provided key "publisher" is not in item -> identifier: "d31c4383-da45-5e14-9b4a-9c52ebfce4f2"; title: "UAV autonomous formation flight experiment with virtual leader control structure"; scientist_id: "8c4efdcb-dd74-5317-ba30-9caa7c0ec102";
2025-01-05 12:08:42 [knowledge_scraper.pipelines] INFO: Validation: set field to null - PublicationItem - validate_and_null: provided key "publisher" is not in item -> identifier: "d51ec388-00e4-5e1d-b37e-eccc14951e57"; title: "Preliminary UAV autopilot integration and in-flight testing"; scientist_id: "8c4efdcb-dd74-5317-ba30-9caa7c0ec102";
2025-01-05 12:08:42 [knowledge_scraper.pipelines] INFO: Validation: set field to null - PublicationItem - validate_and_null: provided key "publisher" is not in item -> identifier: "340da257-aedb-55ae-be4f-d9da6fb520e4"; title: "Numerical and experimental testing of bearingless induction motor"; scientist_id: "8c4efdcb-dd74-5317-ba30-9caa7c0ec102";
2025-01-05 12:08:43 [knowledge_scraper.pipelines] INFO: Validation: set field to null - PublicationItem - validate_and_null: provided key "publisher" is not in item -> identifier: "6606a980-49ff-5d04-bfef-1a946c24f678"; title: "Modelling of dynamic and control of six-rotor autonomous unmanned aerial vehicle"; scientist_id: "8c4efdcb-dd74-5317-ba30-9caa7c0ec102";
2025-01-05 12:08:43 [knowledge_scraper.pipelines] INFO: Validation: set field to null - PublicationItem - validate_and_null: provided key "publisher" is not in item -> identifier: "c80344a6-19be-5315-ae93-03dc101b214e"; title: "Base station for monitoring of unmanned aerial vehicle flight"; scientist_id: "8c4efdcb-dd74-5317-ba30-9caa7c0ec102";
2025-01-05 12:08:43 [knowledge_scraper.pipelines] INFO: Validation: set field to null - PublicationItem - validate_and_null: provided key "publisher" is not in item -> identifier: "77baa788-4160-5210-9dc0-74b3eb658373"; title: "A stereovision system for real time obstacle avoidance by unmanned aerial vehicle"; scientist_id: "8c4efdcb-dd74-5317-ba30-9caa7c0ec102";
2025-01-05 12:08:44 [knowledge_scraper.pipelines] INFO: Validation: set field to null - PublicationItem - validate_and_null: provided key "journal" is not in item -> identifier: "f086bbb5-9971-5e09-8d78-45c0e5bf422e"; title: "Modeling of seat suspension for the vibration control system"; scientist_id: "8c4efdcb-dd74-5317-ba30-9caa7c0ec102";
2025-01-05 12:08:44 [knowledge_scraper.pipelines] INFO: Validation: set field to null - PublicationItem - validate_and_null: provided key "publisher" is not in item -> identifier: "f086bbb5-9971-5e09-8d78-45c0e5bf422e"; title: "Modeling of seat suspension for the vibration control system"; scientist_id: "8c4efdcb-dd74-5317-ba30-9caa7c0ec102";
2025-01-05 12:08:44 [knowledge_scraper.pipelines] INFO: Validation: set field to null - PublicationItem - validate_and_null: provided key "journal" is not in item -> identifier: "eeb32826-0eb2-57da-a9a8-19d95957dff7"; title: "Laboratory and field tests of the magnetic coil launcher for micro aerial vehicles"; scientist_id: "8c4efdcb-dd74-5317-ba30-9caa7c0ec102";
2025-01-05 12:08:44 [knowledge_scraper.pipelines] INFO: Validation: set field to null - PublicationItem - validate_and_null: provided key "publisher" is not in item -> identifier: "eeb32826-0eb2-57da-a9a8-19d95957dff7"; title: "Laboratory and field tests of the magnetic coil launcher for micro aerial vehicles"; scientist_id: "8c4efdcb-dd74-5317-ba30-9caa7c0ec102";
2025-01-05 12:08:45 [knowledge_scraper.pipelines] INFO: Validation: set field to null - PublicationItem - validate_and_null: provided key "journal" is not in item -> identifier: "2c8b1103-f73e-59d2-8b7a-1cf07502f3fd"; title: "Comparison of Simulated and Measured Signals of the Electromagnetic Coil Launcher for Micro Aerial Vehicles"; scientist_id: "8c4efdcb-dd74-5317-ba30-9caa7c0ec102";
2025-01-05 12:08:45 [knowledge_scraper.pipelines] INFO: Validation: set field to null - PublicationItem - validate_and_null: provided key "publisher" is not in item -> identifier: "2c8b1103-f73e-59d2-8b7a-1cf07502f3fd"; title: "Comparison of Simulated and Measured Signals of the Electromagnetic Coil Launcher for Micro Aerial Vehicles"; scientist_id: "8c4efdcb-dd74-5317-ba30-9caa7c0ec102";
2025-01-05 12:08:45 [knowledge_scraper.pipelines] INFO: Validation: set field to null - PublicationItem - validate_and_null: provided key "journal" is not in item -> identifier: "052edd44-0257-5723-8d60-1a5e0f51c946"; title: "Zastosowanie różnicowych pomiarów DGPS w nawigacji bezzałogowych aparatów latających"; scientist_id: "8c4efdcb-dd74-5317-ba30-9caa7c0ec102";
2025-01-05 12:08:45 [knowledge_scraper.pipelines] INFO: Validation: set field to null - PublicationItem - validate_and_null: provided key "publisher" is not in item -> identifier: "052edd44-0257-5723-8d60-1a5e0f51c946"; title: "Zastosowanie różnicowych pomiarów DGPS w nawigacji bezzałogowych aparatów latających"; scientist_id: "8c4efdcb-dd74-5317-ba30-9caa7c0ec102";
2025-01-05 12:08:46 [knowledge_scraper.pipelines] INFO: Validation: set field to null - PublicationItem - validate_and_null: provided key "journal" is not in item -> identifier: "528f8226-3fe1-574c-9343-6f5f596af2d5"; title: "Wyrzutnie dla małych bezzałogowych aparatów latających"; scientist_id: "8c4efdcb-dd74-5317-ba30-9caa7c0ec102";
2025-01-05 12:08:46 [knowledge_scraper.pipelines] INFO: Validation: set field to null - PublicationItem - validate_and_null: provided key "publisher" is not in item -> identifier: "528f8226-3fe1-574c-9343-6f5f596af2d5"; title: "Wyrzutnie dla małych bezzałogowych aparatów latających"; scientist_id: "8c4efdcb-dd74-5317-ba30-9caa7c0ec102";
2025-01-05 12:08:46 [knowledge_scraper.pipelines] INFO: Validation: set field to null - PublicationItem - validate_and_null: provided key "journal" is not in item -> identifier: "fc66973a-0903-54d2-be45-b8caa53aca0b"; title: "Wykorzystanie pola magnetycznego i elektromagnetycznego na potrzeby wyrzutni"; scientist_id: "8c4efdcb-dd74-5317-ba30-9caa7c0ec102";
2025-01-05 12:08:46 [knowledge_scraper.pipelines] INFO: Validation: set field to null - PublicationItem - validate_and_null: provided key "publisher" is not in item -> identifier: "fc66973a-0903-54d2-be45-b8caa53aca0b"; title: "Wykorzystanie pola magnetycznego i elektromagnetycznego na potrzeby wyrzutni"; scientist_id: "8c4efdcb-dd74-5317-ba30-9caa7c0ec102";
2025-01-05 12:08:47 [knowledge_scraper.pipelines] INFO: Validation: set field to null - PublicationItem - validate_and_null: provided key "journal" is not in item -> identifier: "b4401c8a-fc13-5d84-bae2-881cb172f585"; title: "Układ kontroli jasności obrazu wspomagający system omijania przeszkód bezzałogowego statku powietrznego"; scientist_id: "8c4efdcb-dd74-5317-ba30-9caa7c0ec102";
2025-01-05 12:08:47 [knowledge_scraper.pipelines] INFO: Validation: set field to null - PublicationItem - validate_and_null: provided key "publisher" is not in item -> identifier: "b4401c8a-fc13-5d84-bae2-881cb172f585"; title: "Układ kontroli jasności obrazu wspomagający system omijania przeszkód bezzałogowego statku powietrznego"; scientist_id: "8c4efdcb-dd74-5317-ba30-9caa7c0ec102";
2025-01-05 12:08:47 [knowledge_scraper.pipelines] INFO: Validation: set field to null - PublicationItem - validate_and_null: provided key "journal" is not in item -> identifier: "f1fe9dcd-5b7c-592e-a322-50ef22490717"; title: "Simulation of planning trajectory of flight based on GPS positioning system"; scientist_id: "8c4efdcb-dd74-5317-ba30-9caa7c0ec102";
2025-01-05 12:08:47 [knowledge_scraper.pipelines] INFO: Validation: set field to null - PublicationItem - validate_and_null: provided key "publisher" is not in item -> identifier: "f1fe9dcd-5b7c-592e-a322-50ef22490717"; title: "Simulation of planning trajectory of flight based on GPS positioning system"; scientist_id: "8c4efdcb-dd74-5317-ba30-9caa7c0ec102";
2025-01-05 12:08:47 [knowledge_scraper.pipelines] INFO: Validation: set field to null - PublicationItem - validate_and_null: provided key "journal" is not in item -> identifier: "bec82f1a-baea-5feb-a913-f7df16c4ef8e"; title: "Simmulation of planning trajectory of flight based on GPS navigational system"; scientist_id: "8c4efdcb-dd74-5317-ba30-9caa7c0ec102";
2025-01-05 12:08:47 [knowledge_scraper.pipelines] INFO: Validation: set field to null - PublicationItem - validate_and_null: provided key "publisher" is not in item -> identifier: "bec82f1a-baea-5feb-a913-f7df16c4ef8e"; title: "Simmulation of planning trajectory of flight based on GPS navigational system"; scientist_id: "8c4efdcb-dd74-5317-ba30-9caa7c0ec102";
2025-01-05 12:08:48 [knowledge_scraper.pipelines] INFO: Validation: set field to null - PublicationItem - validate_and_null: provided key "journal" is not in item -> identifier: "ec9fbd47-4ad6-5b45-93ad-eefbe6c9e73f"; title: "Serowizyjny system nawigacji grupy bezzałogowych aparatów latających wykonujących zadania przy niskim pułapie lotu"; scientist_id: "8c4efdcb-dd74-5317-ba30-9caa7c0ec102";
2025-01-05 12:08:48 [knowledge_scraper.pipelines] INFO: Validation: set field to null - PublicationItem - validate_and_null: provided key "publisher" is not in item -> identifier: "ec9fbd47-4ad6-5b45-93ad-eefbe6c9e73f"; title: "Serowizyjny system nawigacji grupy bezzałogowych aparatów latających wykonujących zadania przy niskim pułapie lotu"; scientist_id: "8c4efdcb-dd74-5317-ba30-9caa7c0ec102";
2025-01-05 12:08:48 [knowledge_scraper.pipelines] INFO: Validation: set field to null - PublicationItem - validate_and_null: provided key "journal" is not in item -> identifier: "c0b03e32-16a7-531c-ab6e-2dc7585a853c"; title: "Rezultaty badań i wnioski"; scientist_id: "8c4efdcb-dd74-5317-ba30-9caa7c0ec102";
2025-01-05 12:08:48 [knowledge_scraper.pipelines] INFO: Validation: set field to null - PublicationItem - validate_and_null: provided key "publisher" is not in item -> identifier: "c0b03e32-16a7-531c-ab6e-2dc7585a853c"; title: "Rezultaty badań i wnioski"; scientist_id: "8c4efdcb-dd74-5317-ba30-9caa7c0ec102";
2025-01-05 12:08:49 [knowledge_scraper.pipelines] INFO: Validation: set field to null - PublicationItem - validate_and_null: provided key "journal" is not in item -> identifier: "f5c0de5e-9a3f-584d-a8ca-d287642b1f6b"; title: "Projektowanie praw sterowania lotem grupowym bezzałogowych aparatów latających"; scientist_id: "8c4efdcb-dd74-5317-ba30-9caa7c0ec102";
2025-01-05 12:08:49 [knowledge_scraper.pipelines] INFO: Validation: set field to null - PublicationItem - validate_and_null: provided key "publisher" is not in item -> identifier: "f5c0de5e-9a3f-584d-a8ca-d287642b1f6b"; title: "Projektowanie praw sterowania lotem grupowym bezzałogowych aparatów latających"; scientist_id: "8c4efdcb-dd74-5317-ba30-9caa7c0ec102";
2025-01-05 12:08:49 [knowledge_scraper.pipelines] INFO: Validation: set field to null - PublicationItem - validate_and_null: provided key "journal" is not in item -> identifier: "c24e3d61-0384-589c-aa1a-66a62f76e5e8"; title: "Metody i struktury sterowania lotem grupowym"; scientist_id: "8c4efdcb-dd74-5317-ba30-9caa7c0ec102";
2025-01-05 12:08:49 [knowledge_scraper.pipelines] INFO: Validation: set field to null - PublicationItem - validate_and_null: provided key "publisher" is not in item -> identifier: "c24e3d61-0384-589c-aa1a-66a62f76e5e8"; title: "Metody i struktury sterowania lotem grupowym"; scientist_id: "8c4efdcb-dd74-5317-ba30-9caa7c0ec102";
2025-01-05 12:08:50 [knowledge_scraper.pipelines] INFO: Validation: set field to null - PublicationItem - validate_and_null: provided key "publisher" is not in item -> identifier: "66fae87e-6b34-52d2-9850-fa87b2c4d6d5"; title: "Ductile fracture criterion for specimens with notches made of aluminium alloy EN-AW 2024"; scientist_id: "b81ce8e6-cf6e-5190-825a-9f11584c247d";
2025-01-05 12:08:50 [knowledge_scraper.pipelines] INFO: Validation: set field to null - PublicationItem - validate_and_null: provided key "journal" is not in item -> identifier: "31709948-f2dd-5fd1-9d71-0d8d929612b6"; title: "Modelowanie kumulacji uszkodzeń oraz pękania próbek z karbami w złożonym stanie obciążenia"; scientist_id: "b81ce8e6-cf6e-5190-825a-9f11584c247d";
2025-01-05 12:08:50 [knowledge_scraper.pipelines] INFO: Validation: set field to null - PublicationItem - validate_and_null: provided key "publisher" is not in item -> identifier: "31709948-f2dd-5fd1-9d71-0d8d929612b6"; title: "Modelowanie kumulacji uszkodzeń oraz pękania próbek z karbami w złożonym stanie obciążenia"; scientist_id: "b81ce8e6-cf6e-5190-825a-9f11584c247d";
2025-01-05 12:08:50 [knowledge_scraper.pipelines] INFO: Validation: set field to null - PublicationItem - validate_and_null: provided key "journal" is not in item -> identifier: "fa8325dc-6551-5913-9bb4-eb7a621618d9"; title: "Wykorzystanie pomiarów mikrotomograficznych mezostruktury spieków porowatych do numerycznego modelowania procesu ich deformacji"; scientist_id: "b81ce8e6-cf6e-5190-825a-9f11584c247d";
2025-01-05 12:08:50 [knowledge_scraper.pipelines] INFO: Validation: set field to null - PublicationItem - validate_and_null: provided key "publisher" is not in item -> identifier: "fa8325dc-6551-5913-9bb4-eb7a621618d9"; title: "Wykorzystanie pomiarów mikrotomograficznych mezostruktury spieków porowatych do numerycznego modelowania procesu ich deformacji"; scientist_id: "b81ce8e6-cf6e-5190-825a-9f11584c247d";
2025-01-05 12:08:51 [knowledge_scraper.pipelines] INFO: Validation: set field to null - PublicationItem - validate_and_null: provided key "journal" is not in item -> identifier: "21edf5cb-988f-59ce-8bf3-c41c926d5d20"; title: "Pore-scale modeling of the sintered porous 316L deformation process using micro computed tomography"; scientist_id: "b81ce8e6-cf6e-5190-825a-9f11584c247d";
2025-01-05 12:08:51 [knowledge_scraper.pipelines] INFO: Validation: set field to null - PublicationItem - validate_and_null: provided key "publisher" is not in item -> identifier: "21edf5cb-988f-59ce-8bf3-c41c926d5d20"; title: "Pore-scale modeling of the sintered porous 316L deformation process using micro computed tomography"; scientist_id: "b81ce8e6-cf6e-5190-825a-9f11584c247d";
2025-01-05 12:08:51 [knowledge_scraper.pipelines] INFO: Validation: set field to null - PublicationItem - validate_and_null: provided key "journal" is not in item -> identifier: "b8da7da0-ee97-58c2-9bba-881bdc9efea5"; title: "Modelowanie za pomocą MES procesu deformacji materiałów porowatych na podstawie obrazów micro-CT"; scientist_id: "b81ce8e6-cf6e-5190-825a-9f11584c247d";
2025-01-05 12:08:51 [knowledge_scraper.pipelines] INFO: Validation: set field to null - PublicationItem - validate_and_null: provided key "publisher" is not in item -> identifier: "b8da7da0-ee97-58c2-9bba-881bdc9efea5"; title: "Modelowanie za pomocą MES procesu deformacji materiałów porowatych na podstawie obrazów micro-CT"; scientist_id: "b81ce8e6-cf6e-5190-825a-9f11584c247d";
2025-01-05 12:08:52 [knowledge_scraper.pipelines] INFO: Validation: set field to null - PublicationItem - validate_and_null: provided key "journal" is not in item -> identifier: "0b5a43d6-1811-5dd6-9914-ac3b68fb5682"; title: "Modelowanie odkształcania metalicznych materiałów porowatych z użyciem mikrotomografii komputerowej za pomocą MES"; scientist_id: "b81ce8e6-cf6e-5190-825a-9f11584c247d";
2025-01-05 12:08:52 [knowledge_scraper.pipelines] INFO: Validation: set field to null - PublicationItem - validate_and_null: provided key "publisher" is not in item -> identifier: "0b5a43d6-1811-5dd6-9914-ac3b68fb5682"; title: "Modelowanie odkształcania metalicznych materiałów porowatych z użyciem mikrotomografii komputerowej za pomocą MES"; scientist_id: "b81ce8e6-cf6e-5190-825a-9f11584c247d";
2025-01-05 12:08:52 [knowledge_scraper.pipelines] INFO: Validation: set field to null - PublicationItem - validate_and_null: provided key "journal" is not in item -> identifier: "27ab0477-bdb6-5c6e-8862-5c336847c452"; title: "Modelowanie MES właściwości mechanicznych odkształcanych spieków porowatych z użyciem mikrotomografii komputerowej"; scientist_id: "b81ce8e6-cf6e-5190-825a-9f11584c247d";
2025-01-05 12:08:52 [knowledge_scraper.pipelines] INFO: Validation: set field to null - PublicationItem - validate_and_null: provided key "publisher" is not in item -> identifier: "27ab0477-bdb6-5c6e-8862-5c336847c452"; title: "Modelowanie MES właściwości mechanicznych odkształcanych spieków porowatych z użyciem mikrotomografii komputerowej"; scientist_id: "b81ce8e6-cf6e-5190-825a-9f11584c247d";
2025-01-05 12:08:52 [knowledge_scraper.pipelines] INFO: Validation: set field to null - PublicationItem - validate_and_null: provided key "journal" is not in item -> identifier: "6d624f54-9d67-5b10-a8f1-92cd4d06467e"; title: "Badania eksperymentalne spieków porowatych na przykładzie stali implantacyjnej 316L o różnym stopniu zagęszczenia"; scientist_id: "b81ce8e6-cf6e-5190-825a-9f11584c247d";
2025-01-05 12:08:52 [knowledge_scraper.pipelines] INFO: Validation: set field to null - PublicationItem - validate_and_null: provided key "publisher" is not in item -> identifier: "6d624f54-9d67-5b10-a8f1-92cd4d06467e"; title: "Badania eksperymentalne spieków porowatych na przykładzie stali implantacyjnej 316L o różnym stopniu zagęszczenia"; scientist_id: "b81ce8e6-cf6e-5190-825a-9f11584c247d";
2025-01-05 12:08:53 [knowledge_scraper.pipelines] INFO: Validation: set field to null - PublicationItem - validate_and_null: provided key "journal" is not in item -> identifier: "5c3e24c6-51a3-58ba-ae35-05b1236d48a9"; title: "Ductile fracture elements with notches under complex loading"; scientist_id: "b81ce8e6-cf6e-5190-825a-9f11584c247d";
2025-01-05 12:08:53 [knowledge_scraper.pipelines] INFO: Validation: set field to null - PublicationItem - validate_and_null: provided key "publisher" is not in item -> identifier: "5c3e24c6-51a3-58ba-ae35-05b1236d48a9"; title: "Ductile fracture elements with notches under complex loading"; scientist_id: "b81ce8e6-cf6e-5190-825a-9f11584c247d";
2025-01-05 12:08:53 [knowledge_scraper.pipelines] INFO: Validation: set field to null - PublicationItem - validate_and_null: provided key "journal" is not in item -> identifier: "029cbdc4-3058-5c8b-9422-3e84749219a9"; title: "Ciągliwe pękanie elementów z karbami w dwuosiowym stanie obciążenia"; scientist_id: "b81ce8e6-cf6e-5190-825a-9f11584c247d";
2025-01-05 12:08:53 [knowledge_scraper.pipelines] INFO: Validation: set field to null - PublicationItem - validate_and_null: provided key "publisher" is not in item -> identifier: "029cbdc4-3058-5c8b-9422-3e84749219a9"; title: "Ciągliwe pękanie elementów z karbami w dwuosiowym stanie obciążenia"; scientist_id: "b81ce8e6-cf6e-5190-825a-9f11584c247d";
2025-01-05 12:08:54 [knowledge_scraper.pipelines] INFO: Validation: set field to null - PublicationItem - validate_and_null: provided key "publisher" is not in item -> identifier: "2ad2ef42-1330-5a88-947f-fb9658672390"; title: "Fatigue life of EN AW-2024 alloy accounting for creep pre-deformation at elevated temperature"; scientist_id: "b81ce8e6-cf6e-5190-825a-9f11584c247d";
2025-01-05 12:08:54 [knowledge_scraper.pipelines] INFO: Validation: set field to null - PublicationItem - validate_and_null: provided key "publisher" is not in item -> identifier: "eb291b08-c6a2-5390-87c6-92c481db0e42"; title: "Experimental study of the low-cycle fatigue life under multiaxial loading of aluminum alloy EN AW-2024-T3 at elevated temperatures"; scientist_id: "b81ce8e6-cf6e-5190-825a-9f11584c247d";
2025-01-05 12:08:54 [knowledge_scraper.pipelines] INFO: Validation: set field to null - PublicationItem - validate_and_null: provided key "publisher" is not in item -> identifier: "d6f93acc-54c3-57ec-83bd-fde8ad9e3f40"; title: "A new numerical modelling method for deformation behaviour of metallic porous materials using X-ray computed microtomography"; scientist_id: "b81ce8e6-cf6e-5190-825a-9f11584c247d";
2025-01-05 12:08:55 [knowledge_scraper.pipelines] INFO: Validation: set field to null - PublicationItem - validate_and_null: provided key "publisher" is not in item -> identifier: "058d8b06-b42c-536f-b7e7-d502286b77e5"; title: "Brittle Fracture of Axisymmetric Specimens With Notches Made of Graphite EG0022A"; scientist_id: "b81ce8e6-cf6e-5190-825a-9f11584c247d";
2025-01-05 12:08:55 [knowledge_scraper.pipelines] INFO: Validation: set field to null - PublicationItem - validate_and_null: provided key "journal" is not in item -> identifier: "acaa63d1-f0bb-5bec-aa5b-373adce79cee"; title: "Effect of creep aging on the properties of EN AW-2024 aluminum alloy"; scientist_id: "b81ce8e6-cf6e-5190-825a-9f11584c247d";
2025-01-05 12:08:55 [knowledge_scraper.pipelines] INFO: Validation: set field to null - PublicationItem - validate_and_null: provided key "publisher" is not in item -> identifier: "acaa63d1-f0bb-5bec-aa5b-373adce79cee"; title: "Effect of creep aging on the properties of EN AW-2024 aluminum alloy"; scientist_id: "b81ce8e6-cf6e-5190-825a-9f11584c247d";
2025-01-05 12:08:56 [knowledge_scraper.pipelines] INFO: Validation: set field to null - PublicationItem - validate_and_null: provided key "journal" is not in item -> identifier: "e9158c5c-8825-5b7d-9765-a01f789c4b6a"; title: "Influence of different overprints on the properties of thin films"; scientist_id: "b81ce8e6-cf6e-5190-825a-9f11584c247d";
2025-01-05 12:08:56 [knowledge_scraper.pipelines] INFO: Validation: set field to null - PublicationItem - validate_and_null: provided key "publisher" is not in item -> identifier: "e9158c5c-8825-5b7d-9765-a01f789c4b6a"; title: "Influence of different overprints on the properties of thin films"; scientist_id: "b81ce8e6-cf6e-5190-825a-9f11584c247d";
2025-01-05 12:08:56 [knowledge_scraper.pipelines] INFO: Validation: set field to null - PublicationItem - validate_and_null: provided key "journal" is not in item -> identifier: "970cc84e-7cbd-50bd-8117-964c2eca9f01"; title: "Experimental study of the low-cycle fatique under multiaxial loading at elevated temperatures of aluminum alloy EN AW-2024-T3"; scientist_id: "b81ce8e6-cf6e-5190-825a-9f11584c247d";
2025-01-05 12:08:56 [knowledge_scraper.pipelines] INFO: Validation: set field to null - PublicationItem - validate_and_null: provided key "publisher" is not in item -> identifier: "970cc84e-7cbd-50bd-8117-964c2eca9f01"; title: "Experimental study of the low-cycle fatique under multiaxial loading at elevated temperatures of aluminum alloy EN AW-2024-T3"; scientist_id: "b81ce8e6-cf6e-5190-825a-9f11584c247d";
2025-01-05 12:08:56 [knowledge_scraper.pipelines] INFO: Validation: set field to null - PublicationItem - validate_and_null: provided key "journal" is not in item -> identifier: "132a3c50-32d8-595e-9204-27bfbf0caa70"; title: "X-Ray microtomography image-based modelling of mechanical behaviour of porous metals"; scientist_id: "b81ce8e6-cf6e-5190-825a-9f11584c247d";
2025-01-05 12:08:56 [knowledge_scraper.pipelines] INFO: Validation: set field to null - PublicationItem - validate_and_null: provided key "publisher" is not in item -> identifier: "132a3c50-32d8-595e-9204-27bfbf0caa70"; title: "X-Ray microtomography image-based modelling of mechanical behaviour of porous metals"; scientist_id: "b81ce8e6-cf6e-5190-825a-9f11584c247d";
2025-01-05 12:08:57 [knowledge_scraper.pipelines] INFO: Validation: set field to null - PublicationItem - validate_and_null: provided key "journal" is not in item -> identifier: "4779a1fe-5be9-5c01-ad79-d09f576457c9"; title: "Numeryczne modelowanie właściwości mechanicznych metali porowatych"; scientist_id: "b81ce8e6-cf6e-5190-825a-9f11584c247d";
2025-01-05 12:08:57 [knowledge_scraper.pipelines] INFO: Validation: set field to null - PublicationItem - validate_and_null: provided key "publisher" is not in item -> identifier: "4779a1fe-5be9-5c01-ad79-d09f576457c9"; title: "Numeryczne modelowanie właściwości mechanicznych metali porowatych"; scientist_id: "b81ce8e6-cf6e-5190-825a-9f11584c247d";
2025-01-05 12:08:57 [knowledge_scraper.pipelines] INFO: Validation: set field to null - PublicationItem - validate_and_null: provided key "journal" is not in item -> identifier: "2d3d6757-2d6e-5f08-a088-d11478153c33"; title: "Fatigue of sintered 316L stainless steel with different porosity"; scientist_id: "b81ce8e6-cf6e-5190-825a-9f11584c247d";
2025-01-05 12:08:57 [knowledge_scraper.pipelines] INFO: Validation: set field to null - PublicationItem - validate_and_null: provided key "publisher" is not in item -> identifier: "2d3d6757-2d6e-5f08-a088-d11478153c33"; title: "Fatigue of sintered 316L stainless steel with different porosity"; scientist_id: "b81ce8e6-cf6e-5190-825a-9f11584c247d";
2025-01-05 12:08:58 [scrapy.extensions.logstats] INFO: Crawled 239 pages (at 129 pages/min), scraped 280 items (at 129 items/min)
2025-01-05 12:08:59 [knowledge_scraper.pipelines] INFO: Validation: set field to null - ScientistItem - validate_and_null: value corresponding to key "position" is None. Nothing to do -> identifier: "d6c3e89a-d506-5d5e-b0bd-a298b582dc49"; name: "Prof. Stanisław Bolkowski"; profile_url: "https://bazawiedzy.pb.edu.pl/info/author/BUT14365a4df7624bdb9455ff8cf620f8d9?r=author&tab=&title=Person%2Bprofile%2B%25E2%2580%2593%2BStanis%25C5%2582aw%2BBolkowski%2B%25E2%2580%2593%2BBialystok%2BUniversity%2Bof%2BTechnology&lang=en";
2025-01-05 12:08:59 [knowledge_scraper.pipelines] INFO: Validation: set field to null - ScientistItem - validate_and_null: value corresponding to key "email" is None. Nothing to do -> identifier: "d6c3e89a-d506-5d5e-b0bd-a298b582dc49"; name: "Prof. Stanisław Bolkowski"; profile_url: "https://bazawiedzy.pb.edu.pl/info/author/BUT14365a4df7624bdb9455ff8cf620f8d9?r=author&tab=&title=Person%2Bprofile%2B%25E2%2580%2593%2BStanis%25C5%2582aw%2BBolkowski%2B%25E2%2580%2593%2BBialystok%2BUniversity%2Bof%2BTechnology&lang=en";
2025-01-05 12:08:59 [pb] WARNING: Scraping: stopped parsing item - BibliometricsItem - no publication_count found -> scientist_id: "d6c3e89a-d506-5d5e-b0bd-a298b582dc49"; profile_url: "https://bazawiedzy.pb.edu.pl/info/author/BUT14365a4df7624bdb9455ff8cf620f8d9?r=author&tab=&title=Person%2Bprofile%2B%25E2%2580%2593%2BStanis%25C5%2582aw%2BBolkowski%2B%25E2%2580%2593%2BBialystok%2BUniversity%2Bof%2BTechnology&lang=en";
2025-01-05 12:08:59 [knowledge_scraper.pipelines] INFO: Validation: set field to null - ScientistItem - validate_and_null: value corresponding to key "position" is None. Nothing to do -> identifier: "3e02da1a-85ef-5495-89b7-3b982117e11c"; name: "PhD Marek Ustymowicz"; profile_url: "https://bazawiedzy.pb.edu.pl/info/author/BUT1242920c29ee4646840c37e4d3cd8891?r=author&tab=&title=Person%2Bprofile%2B%25E2%2580%2593%2BMarek%2BUstymowicz%2B%25E2%2580%2593%2BBialystok%2BUniversity%2Bof%2BTechnology&lang=en";
2025-01-05 12:08:59 [knowledge_scraper.pipelines] INFO: Validation: set field to null - ScientistItem - validate_and_null: value corresponding to key "email" is None. Nothing to do -> identifier: "3e02da1a-85ef-5495-89b7-3b982117e11c"; name: "PhD Marek Ustymowicz"; profile_url: "https://bazawiedzy.pb.edu.pl/info/author/BUT1242920c29ee4646840c37e4d3cd8891?r=author&tab=&title=Person%2Bprofile%2B%25E2%2580%2593%2BMarek%2BUstymowicz%2B%25E2%2580%2593%2BBialystok%2BUniversity%2Bof%2BTechnology&lang=en";
2025-01-05 12:08:59 [pb] WARNING: Scraping: stopped parsing item - BibliometricsItem - no publication_count found -> scientist_id: "3e02da1a-85ef-5495-89b7-3b982117e11c"; profile_url: "https://bazawiedzy.pb.edu.pl/info/author/BUT1242920c29ee4646840c37e4d3cd8891?r=author&tab=&title=Person%2Bprofile%2B%25E2%2580%2593%2BMarek%2BUstymowicz%2B%25E2%2580%2593%2BBialystok%2BUniversity%2Bof%2BTechnology&lang=en";
2025-01-05 12:09:01 [knowledge_scraper.pipelines] INFO: Validation: set field to null - PublicationItem - validate_and_null: provided key "publisher" is not in item -> identifier: "1b7c1619-4290-5e42-bfdd-47fbd0627b77"; title: "Numerical analysis of friction influence on the transverse welding phenomenon in the forward extrusion process"; scientist_id: "c732b3e0-821b-5142-8c2c-cda43133c045";
2025-01-05 12:09:01 [knowledge_scraper.pipelines] INFO: Validation: set field to null - ScientistItem - validate_and_null: value corresponding to key "position" is None. Nothing to do -> identifier: "9bfd1940-5791-550c-b31c-d1e7757e2f9e"; name: "PhD Krzysztof Kulikowski"; profile_url: "https://bazawiedzy.pb.edu.pl/info/author/BUT0e1bb66a7427437fa7923b847283c623?r=author&tab=&title=Person%2Bprofile%2B%25E2%2580%2593%2BKrzysztof%2BKulikowski%2B%25E2%2580%2593%2BBialystok%2BUniversity%2Bof%2BTechnology&lang=en";
2025-01-05 12:09:01 [knowledge_scraper.pipelines] INFO: Validation: set field to null - ScientistItem - validate_and_null: value corresponding to key "email" is None. Nothing to do -> identifier: "9bfd1940-5791-550c-b31c-d1e7757e2f9e"; name: "PhD Krzysztof Kulikowski"; profile_url: "https://bazawiedzy.pb.edu.pl/info/author/BUT0e1bb66a7427437fa7923b847283c623?r=author&tab=&title=Person%2Bprofile%2B%25E2%2580%2593%2BKrzysztof%2BKulikowski%2B%25E2%2580%2593%2BBialystok%2BUniversity%2Bof%2BTechnology&lang=en";
2025-01-05 12:09:02 [knowledge_scraper.pipelines] INFO: Validation: set field to null - ScientistItem - validate_and_null: value corresponding to key "email" is None. Nothing to do -> identifier: "ee2c4fd5-8756-58cc-b2d6-02fd31797998"; name: "MSc Mateusz Mazur"; profile_url: "https://bazawiedzy.pb.edu.pl/info/author/BUT09b8ea8029f746dcb5710530b088ff91?r=author&tab=&title=Person%2Bprofile%2B%25E2%2580%2593%2BMateusz%2BMazur%2B%25E2%2580%2593%2BBialystok%2BUniversity%2Bof%2BTechnology&lang=en";
2025-01-05 12:09:02 [knowledge_scraper.pipelines] INFO: Validation: set field to null - BibliometricsItem - validate_and_null: provided key "h_index_scopus" is not in item -> identifier: "2bc65d93-6a31-563a-9be5-e4463b1ea6eb"; scientist_id: "ee2c4fd5-8756-58cc-b2d6-02fd31797998";
2025-01-05 12:09:02 [knowledge_scraper.pipelines] INFO: Validation: set field to null - BibliometricsItem - validate_and_null: provided key "h_index_scopus" is not in item -> identifier: "61c0f138-b5d6-5ecf-9c64-9b296611ce27"; scientist_id: "2f1c828a-0e43-5be3-bf5a-f953f16af5c6";
2025-01-05 12:09:05 [knowledge_scraper.pipelines] INFO: Validation: set field to null - PublicationItem - validate_and_null: provided key "publisher" is not in item -> identifier: "c08e5c87-34ba-5768-9ae2-c4c0c079241b"; title: "Micro-jet technology in machine shaft surfacing"; scientist_id: "c732b3e0-821b-5142-8c2c-cda43133c045";
2025-01-05 12:09:09 [knowledge_scraper.pipelines] INFO: Validation: set field to null - PublicationItem - validate_and_null: provided key "publisher" is not in item -> identifier: "4dde2037-4e2c-5408-af6c-b9c8ab1fabbe"; title: "Experimental and Fe analysis of aluminium alloy plastic flow in the forward micro-extrusion processes"; scientist_id: "c732b3e0-821b-5142-8c2c-cda43133c045";
2025-01-05 12:09:10 [knowledge_scraper.pipelines] INFO: Validation: set field to null - PublicationItem - validate_and_null: provided key "publisher" is not in item -> identifier: "55b84823-3455-562c-a62c-6fa1b423b086"; title: "Coefficient of restitution and plastic strain for impact of elements welded with micro-jet cooling"; scientist_id: "c732b3e0-821b-5142-8c2c-cda43133c045";
2025-01-05 12:09:11 [knowledge_scraper.pipelines] INFO: Validation: set field to null - PublicationItem - validate_and_null: provided key "publisher" is not in item -> identifier: "9de6adb7-da20-5cc4-a9cf-719301ea19f5"; title: "Čislennyj analiz vliâniâ koéfficienta treniâ i geometrii matricy na kačestvo trubčatyh mednyh élektrodov, polučaemyh metodom plunžernoj ékstruzii = Numerical analysis of friction influence and die geometry on the quality of product in the forward extrusion process of tubular copper electrodes"; scientist_id: "c732b3e0-821b-5142-8c2c-cda43133c045";
2025-01-05 12:09:12 [knowledge_scraper.pipelines] INFO: Validation: set field to null - PublicationItem - validate_and_null: provided key "publisher" is not in item -> identifier: "280eeb3e-d251-5ff4-b360-256f4e68807e"; title: "Acicular ferrite in micro welding technologies"; scientist_id: "c732b3e0-821b-5142-8c2c-cda43133c045";
2025-01-05 12:09:12 [knowledge_scraper.pipelines] INFO: Validation: set field to null - PublicationItem - validate_and_null: provided key "journal" is not in item -> identifier: "9abdbb77-4241-5ece-af84-903734a8ce0a"; title: "Tibology properties of surfacing weld made with microjet cooling"; scientist_id: "c732b3e0-821b-5142-8c2c-cda43133c045";
2025-01-05 12:09:12 [knowledge_scraper.pipelines] INFO: Validation: set field to null - PublicationItem - validate_and_null: provided key "publisher" is not in item -> identifier: "9abdbb77-4241-5ece-af84-903734a8ce0a"; title: "Tibology properties of surfacing weld made with microjet cooling"; scientist_id: "c732b3e0-821b-5142-8c2c-cda43133c045";
2025-01-05 12:09:13 [knowledge_scraper.pipelines] INFO: Validation: set field to null - PublicationItem - validate_and_null: provided key "journal" is not in item -> identifier: "66fd7e2e-febf-57ab-adea-d1492e7d19b4"; title: "Mechanical Properties of Welds after Micro-Jet Cooling"; scientist_id: "c732b3e0-821b-5142-8c2c-cda43133c045";
2025-01-05 12:09:13 [knowledge_scraper.pipelines] INFO: Validation: set field to null - PublicationItem - validate_and_null: provided key "publisher" is not in item -> identifier: "66fd7e2e-febf-57ab-adea-d1492e7d19b4"; title: "Mechanical Properties of Welds after Micro-Jet Cooling"; scientist_id: "c732b3e0-821b-5142-8c2c-cda43133c045";
2025-01-05 12:09:13 [knowledge_scraper.pipelines] INFO: Validation: set field to null - PublicationItem - validate_and_null: provided key "journal" is not in item -> identifier: "0a15d102-5633-55e3-b3b5-f204087254a1"; title: "Innovative micro welding technologies"; scientist_id: "c732b3e0-821b-5142-8c2c-cda43133c045";
2025-01-05 12:09:13 [knowledge_scraper.pipelines] INFO: Validation: set field to null - PublicationItem - validate_and_null: provided key "publisher" is not in item -> identifier: "0a15d102-5633-55e3-b3b5-f204087254a1"; title: "Innovative micro welding technologies"; scientist_id: "c732b3e0-821b-5142-8c2c-cda43133c045";
2025-01-05 12:09:13 [knowledge_scraper.pipelines] INFO: Validation: set field to null - PublicationItem - validate_and_null: provided key "journal" is not in item -> identifier: "c4dfc25b-f9d7-5ac9-b591-f4d28d8ed001"; title: "Optimization of micro-jet dynamical systems cooling after steel welding"; scientist_id: "c732b3e0-821b-5142-8c2c-cda43133c045";
2025-01-05 12:09:13 [knowledge_scraper.pipelines] INFO: Validation: set field to null - PublicationItem - validate_and_null: provided key "publisher" is not in item -> identifier: "c4dfc25b-f9d7-5ac9-b591-f4d28d8ed001"; title: "Optimization of micro-jet dynamical systems cooling after steel welding"; scientist_id: "c732b3e0-821b-5142-8c2c-cda43133c045";
2025-01-05 12:09:14 [knowledge_scraper.pipelines] INFO: Validation: set field to null - PublicationItem - validate_and_null: provided key "publisher" is not in item -> identifier: "061595a4-43d8-56ab-a7c0-6f193fb51ce4"; title: "The tribological properties of laser hardened steel 42CrMo4"; scientist_id: "c732b3e0-821b-5142-8c2c-cda43133c045";
2025-01-05 12:09:14 [knowledge_scraper.pipelines] INFO: Validation: set field to null - PublicationItem - validate_and_null: provided key "publisher" is not in item -> identifier: "f611f088-32ec-5e4d-b85c-78522b43dc00"; title: "The effect of different micro-jet streams number on plastic properties of welds"; scientist_id: "c732b3e0-821b-5142-8c2c-cda43133c045";
2025-01-05 12:09:14 [knowledge_scraper.pipelines] INFO: Validation: set field to null - PublicationItem - validate_and_null: provided key "publisher" is not in item -> identifier: "b8147247-dff7-5838-9349-e41d382dc981"; title: "The impact of the methods of the data normalization on the result of linear ordering"; scientist_id: "bbc9f839-3707-5d18-8162-c787c106138e";
2025-01-05 12:09:15 [knowledge_scraper.pipelines] INFO: Validation: set field to null - PublicationItem - validate_and_null: provided key "publisher" is not in item -> identifier: "22a2be03-02fe-5f83-8424-efc1ac893805"; title: "Modelowanie upadłości przedsiębiorstw oparte na próbach niezbilansowanych"; scientist_id: "bbc9f839-3707-5d18-8162-c787c106138e";
2025-01-05 12:09:15 [knowledge_scraper.pipelines] INFO: Validation: set field to null - PublicationItem - validate_and_null: provided key "publisher" is not in item -> identifier: "0fa7d4ad-973e-5252-81b3-4b57e1562669"; title: "Konkurencyjność regionów Unii Europejskiej"; scientist_id: "bbc9f839-3707-5d18-8162-c787c106138e";
2025-01-05 12:09:17 [knowledge_scraper.pipelines] INFO: Validation: set field to null - PublicationItem - validate_and_null: provided key "journal" is not in item -> identifier: "56ec5915-4842-596b-9135-8c160b4d7f05"; title: "Nanotechnologie w gospodarce województwa podlaskiego"; scientist_id: "bbc9f839-3707-5d18-8162-c787c106138e";
2025-01-05 12:09:17 [knowledge_scraper.pipelines] INFO: Validation: set field to null - PublicationItem - validate_and_null: provided key "publisher" is not in item -> identifier: "56ec5915-4842-596b-9135-8c160b4d7f05"; title: "Nanotechnologie w gospodarce województwa podlaskiego"; scientist_id: "bbc9f839-3707-5d18-8162-c787c106138e";
2025-01-05 12:09:17 [knowledge_scraper.pipelines] INFO: Validation: set field to null - PublicationItem - validate_and_null: provided key "journal" is not in item -> identifier: "3a64aa2d-cb7f-5364-a6b3-77eba04fcc22"; title: "Reguły asocjacyjne w analizie wyników badań metodą Delphi"; scientist_id: "bbc9f839-3707-5d18-8162-c787c106138e";
2025-01-05 12:09:17 [knowledge_scraper.pipelines] INFO: Validation: set field to null - PublicationItem - validate_and_null: provided key "publisher" is not in item -> identifier: "3a64aa2d-cb7f-5364-a6b3-77eba04fcc22"; title: "Reguły asocjacyjne w analizie wyników badań metodą Delphi"; scientist_id: "bbc9f839-3707-5d18-8162-c787c106138e";
2025-01-05 12:09:18 [pb] INFO: get_page_count: total page count could no be found - assuming it's 1
2025-01-05 12:09:18 [knowledge_scraper.pipelines] INFO: Validation: set field to null - PublicationItem - validate_and_null: provided key "journal" is not in item -> identifier: "9b14b002-54af-54b7-9cc5-f2e890c9d7f5"; title: "Effect of low level laser therapy and high intensity laser therapy on endothelial cell proliferation in vitro - preliminary communication"; scientist_id: "e0815074-0751-53d3-86df-68e7114ef5ab";
2025-01-05 12:09:18 [knowledge_scraper.pipelines] INFO: Validation: set field to null - PublicationItem - validate_and_null: provided key "publisher" is not in item -> identifier: "9b14b002-54af-54b7-9cc5-f2e890c9d7f5"; title: "Effect of low level laser therapy and high intensity laser therapy on endothelial cell proliferation in vitro - preliminary communication"; scientist_id: "e0815074-0751-53d3-86df-68e7114ef5ab";
2025-01-05 12:09:18 [pb] INFO: get_page_count: total page count could no be found - assuming it's 1
2025-01-05 12:09:19 [pb] INFO: get_page_count: total page count could no be found - assuming it's 1
2025-01-05 12:09:21 [knowledge_scraper.pipelines] INFO: Validation: set field to null - PublicationItem - validate_and_null: provided key "journal" is not in item -> identifier: "daed83ce-00b5-520a-91a8-4d76f5e44254"; title: "The concept of the set to objectification of LLLT exposure"; scientist_id: "e0815074-0751-53d3-86df-68e7114ef5ab";
2025-01-05 12:09:21 [knowledge_scraper.pipelines] INFO: Validation: set field to null - PublicationItem - validate_and_null: provided key "publisher" is not in item -> identifier: "daed83ce-00b5-520a-91a8-4d76f5e44254"; title: "The concept of the set to objectification of LLLT exposure"; scientist_id: "e0815074-0751-53d3-86df-68e7114ef5ab";
2025-01-05 12:09:23 [knowledge_scraper.pipelines] INFO: Validation: set field to null - PublicationItem - validate_and_null: provided key "journal" is not in item -> identifier: "b83dc1a3-33b3-5fa2-86f5-4722f8ffa87f"; title: "Digital controlling system to the set of high power LEDs"; scientist_id: "e0815074-0751-53d3-86df-68e7114ef5ab";
2025-01-05 12:09:23 [knowledge_scraper.pipelines] INFO: Validation: set field to null - PublicationItem - validate_and_null: provided key "publisher" is not in item -> identifier: "b83dc1a3-33b3-5fa2-86f5-4722f8ffa87f"; title: "Digital controlling system to the set of high power LEDs"; scientist_id: "e0815074-0751-53d3-86df-68e7114ef5ab";
2025-01-05 12:09:26 [knowledge_scraper.pipelines] INFO: Validation: set field to null - PublicationItem - validate_and_null: provided key "publisher" is not in item -> identifier: "23bfd5ce-e66d-5fc1-abc7-5f8eebc38e91"; title: "Zastosowanie półprzewodnikowego oświetlacza do obiektywnego naświetlania żywych linii komórkowych HUVEC w procedurach LLLT"; scientist_id: "e0815074-0751-53d3-86df-68e7114ef5ab";
2025-01-05 12:09:27 [knowledge_scraper.pipelines] INFO: Validation: set field to null - PublicationItem - validate_and_null: provided key "publisher" is not in item -> identifier: "d479e6be-a246-5adf-91d9-062c8bace351"; title: "Układ optyczny do równomiernego naświetlania monowarstw komórek promieniowaniem z zakresu okna transmisji tkanek"; scientist_id: "e0815074-0751-53d3-86df-68e7114ef5ab";
2025-01-05 12:09:28 [knowledge_scraper.pipelines] INFO: Validation: set field to null - PublicationItem - validate_and_null: provided key "publisher" is not in item -> identifier: "6d51128d-3ecf-5395-ab92-f69e4f880cb9"; title: "Phototherapy with low-level laser influences the proliferation of endothelial cells and vascular endothelial growth factor and transforming growth factor-beta secretion"; scientist_id: "e0815074-0751-53d3-86df-68e7114ef5ab";
2025-01-05 12:09:29 [knowledge_scraper.pipelines] INFO: Validation: set field to null - PublicationItem - validate_and_null: provided key "publisher" is not in item -> identifier: "f2e5b57f-bfb9-5a58-a9a0-188867d00cb7"; title: "Analiza rozkładu gęstości mocy w komorze pomiarowej do obiektywizacji zabiegu biostymulacji laserowej"; scientist_id: "e0815074-0751-53d3-86df-68e7114ef5ab";
2025-01-05 12:09:29 [knowledge_scraper.pipelines] INFO: Validation: set field to null - PublicationItem - validate_and_null: provided key "journal" is not in item -> identifier: "584739e4-cc2c-5d8c-a040-e3b27000507e"; title: "Analysis of thermal and structural properties of germanate glasses co-doped with Yb3+/Tb3+ ions"; scientist_id: "e0815074-0751-53d3-86df-68e7114ef5ab";
2025-01-05 12:09:29 [knowledge_scraper.pipelines] INFO: Validation: set field to null - PublicationItem - validate_and_null: provided key "publisher" is not in item -> identifier: "584739e4-cc2c-5d8c-a040-e3b27000507e"; title: "Analysis of thermal and structural properties of germanate glasses co-doped with Yb3+/Tb3+ ions"; scientist_id: "e0815074-0751-53d3-86df-68e7114ef5ab";
2025-01-05 12:09:30 [knowledge_scraper.pipelines] INFO: Validation: set field to null - PublicationItem - validate_and_null: provided key "journal" is not in item -> identifier: "608ea518-ab39-5f36-949e-efb9e2d4ffe9"; title: "Układ stabilizacji temperaturowej zestawu niezależnie pracujacych diod laserowych"; scientist_id: "e0815074-0751-53d3-86df-68e7114ef5ab";
2025-01-05 12:09:30 [knowledge_scraper.pipelines] INFO: Validation: set field to null - PublicationItem - validate_and_null: provided key "publisher" is not in item -> identifier: "608ea518-ab39-5f36-949e-efb9e2d4ffe9"; title: "Układ stabilizacji temperaturowej zestawu niezależnie pracujacych diod laserowych"; scientist_id: "e0815074-0751-53d3-86df-68e7114ef5ab";
2025-01-05 12:09:30 [knowledge_scraper.pipelines] INFO: Validation: set field to null - PublicationItem - validate_and_null: provided key "journal" is not in item -> identifier: "6b0192c4-f4eb-53fc-9349-b5a5d6383325"; title: "Optoelectronic Set to Objectification Irradiation of Cell Cultures in Low Level Light Therapy Procedures"; scientist_id: "e0815074-0751-53d3-86df-68e7114ef5ab";
2025-01-05 12:09:30 [knowledge_scraper.pipelines] INFO: Validation: set field to null - PublicationItem - validate_and_null: provided key "publisher" is not in item -> identifier: "6b0192c4-f4eb-53fc-9349-b5a5d6383325"; title: "Optoelectronic Set to Objectification Irradiation of Cell Cultures in Low Level Light Therapy Procedures"; scientist_id: "e0815074-0751-53d3-86df-68e7114ef5ab";
2025-01-05 12:09:31 [knowledge_scraper.pipelines] INFO: Validation: set field to null - PublicationItem - validate_and_null: provided key "journal" is not in item -> identifier: "98586f4d-557f-53fe-8c9e-1e48a2b823b9"; title: "Optoelectronic set to objectification irradiation of cell cultures in low level light therapy procedures"; scientist_id: "e0815074-0751-53d3-86df-68e7114ef5ab";
2025-01-05 12:09:31 [knowledge_scraper.pipelines] INFO: Validation: set field to null - PublicationItem - validate_and_null: provided key "publisher" is not in item -> identifier: "98586f4d-557f-53fe-8c9e-1e48a2b823b9"; title: "Optoelectronic set to objectification irradiation of cell cultures in low level light therapy procedures"; scientist_id: "e0815074-0751-53d3-86df-68e7114ef5ab";
2025-01-05 12:09:31 [knowledge_scraper.pipelines] INFO: Validation: set field to null - PublicationItem - validate_and_null: provided key "journal" is not in item -> identifier: "4389ac0e-ebb2-5c02-9e74-37bade82a6a0"; title: "Układ cyfrowego sterowania zespołem diod LED dużej mocy"; scientist_id: "e0815074-0751-53d3-86df-68e7114ef5ab";
2025-01-05 12:09:31 [knowledge_scraper.pipelines] INFO: Validation: set field to null - PublicationItem - validate_and_null: provided key "publisher" is not in item -> identifier: "4389ac0e-ebb2-5c02-9e74-37bade82a6a0"; title: "Układ cyfrowego sterowania zespołem diod LED dużej mocy"; scientist_id: "e0815074-0751-53d3-86df-68e7114ef5ab";
2025-01-05 12:09:32 [knowledge_scraper.pipelines] INFO: Validation: set field to null - PublicationItem - validate_and_null: provided key "publisher" is not in item -> identifier: "63dfa8a8-e330-5b85-8433-1837c4ddca23"; title: "CO2 concentration in naturally ventilated classrooms located indifferent climates — Measurements and simulations"; scientist_id: "f0193dbc-46b6-55ca-87f3-9557acb59dd4";
2025-01-05 12:09:32 [knowledge_scraper.pipelines] INFO: Validation: set field to null - PublicationItem - validate_and_null: provided key "publisher" is not in item -> identifier: "ab97e265-1811-588d-853d-bc01cbf9ed34"; title: "Determination of directional stiffnesses of vehicels'tires under a static load operation"; scientist_id: "9bfd1940-5791-550c-b31c-d1e7757e2f9e";
2025-01-05 12:09:33 [knowledge_scraper.pipelines] INFO: Validation: set field to null - PublicationItem - validate_and_null: provided key "publisher" is not in item -> identifier: "6069c35b-b9e3-5ab0-8c54-f33dbe41c3d7"; title: "Stanowisko do badania statycznych charakterystyk pneumatycznych zaworów hamulcowych"; scientist_id: "9bfd1940-5791-550c-b31c-d1e7757e2f9e";
2025-01-05 12:09:33 [knowledge_scraper.pipelines] INFO: Validation: set field to null - PublicationItem - validate_and_null: provided key "publisher" is not in item -> identifier: "271a223a-571c-53aa-bedb-9f0fe7617e44"; title: "Forma architektoniczna a typ konstrukcji polskich budynków wysokościowych XXI w. Studium przypadku 10 najwyższych budynków w Polsce do roku 2024"; scientist_id: "ee2c4fd5-8756-58cc-b2d6-02fd31797998";
2025-01-05 12:09:34 [knowledge_scraper.pipelines] INFO: Validation: set field to null - PublicationItem - validate_and_null: provided key "journal" is not in item -> identifier: "e80be176-7975-534e-93da-0d1a857a3962"; title: "Architecture in the 20th century"; scientist_id: "2f1c828a-0e43-5be3-bf5a-f953f16af5c6";
2025-01-05 12:09:34 [knowledge_scraper.pipelines] INFO: Validation: set field to null - PublicationItem - validate_and_null: provided key "journal" is not in item -> identifier: "dde36071-00b8-5b72-87ee-e79b44932543"; title: "Get Ready for Technical B2"; scientist_id: "2f1c828a-0e43-5be3-bf5a-f953f16af5c6";
2025-01-05 12:09:34 [knowledge_scraper.pipelines] INFO: Validation: set field to null - PublicationItem - validate_and_null: provided key "publisher" is not in item -> identifier: "1dd6394b-a179-58a3-9615-9682629de198"; title: "Less is more"; scientist_id: "2f1c828a-0e43-5be3-bf5a-f953f16af5c6";
2025-01-05 12:09:35 [knowledge_scraper.pipelines] INFO: Validation: set field to null - PublicationItem - validate_and_null: provided key "publisher" is not in item -> identifier: "5c45f983-bbe4-5465-923c-2fa4845be821"; title: "How to Write (Science) Better. Simplified English Principles in a Skill-Oriented ESP Course"; scientist_id: "2f1c828a-0e43-5be3-bf5a-f953f16af5c6";
2025-01-05 12:09:35 [knowledge_scraper.pipelines] INFO: Validation: set field to null - PublicationItem - validate_and_null: provided key "publisher" is not in item -> identifier: "9d436214-dd33-5c99-9249-fc4c07970d66"; title: "A Tentative Study on Integrating Plain English into the Doctoral Language Programme"; scientist_id: "2f1c828a-0e43-5be3-bf5a-f953f16af5c6";
2025-01-05 12:09:35 [knowledge_scraper.pipelines] INFO: Validation: set field to null - PublicationItem - validate_and_null: provided key "publisher" is not in item -> identifier: "f5cd47db-3403-59bc-bec4-48a07fba2da6"; title: "Determination of the functional and service characteristics of the pneumatic system of an agricultural tractor with mechanical brakes using simulation methods"; scientist_id: "9bfd1940-5791-550c-b31c-d1e7757e2f9e";
2025-01-05 12:09:36 [knowledge_scraper.pipelines] INFO: Validation: set field to null - PublicationItem - validate_and_null: provided key "journal" is not in item -> identifier: "74bd21ed-03a6-5291-a770-40ba3e5201e0"; title: "Stanowisko laboratoryjne do badania statycznych charakterystyk pneumatycznych zaworów hamulcowych"; scientist_id: "9bfd1940-5791-550c-b31c-d1e7757e2f9e";
2025-01-05 12:09:36 [knowledge_scraper.pipelines] INFO: Validation: set field to null - PublicationItem - validate_and_null: provided key "publisher" is not in item -> identifier: "74bd21ed-03a6-5291-a770-40ba3e5201e0"; title: "Stanowisko laboratoryjne do badania statycznych charakterystyk pneumatycznych zaworów hamulcowych"; scientist_id: "9bfd1940-5791-550c-b31c-d1e7757e2f9e";
2025-01-05 12:09:36 [knowledge_scraper.pipelines] INFO: Validation: set field to null - PublicationItem - validate_and_null: provided key "journal" is not in item -> identifier: "495dd550-e3b0-5cfc-bc2c-865a112ad805"; title: "Eksperymentalne wyznaczanie statycznych charakterystyk pneumatycznych zaworów hamulcowych przyczep rolniczych"; scientist_id: "9bfd1940-5791-550c-b31c-d1e7757e2f9e";
2025-01-05 12:09:36 [knowledge_scraper.pipelines] INFO: Validation: set field to null - PublicationItem - validate_and_null: provided key "publisher" is not in item -> identifier: "495dd550-e3b0-5cfc-bc2c-865a112ad805"; title: "Eksperymentalne wyznaczanie statycznych charakterystyk pneumatycznych zaworów hamulcowych przyczep rolniczych"; scientist_id: "9bfd1940-5791-550c-b31c-d1e7757e2f9e";
2025-01-05 12:09:36 [knowledge_scraper.pipelines] INFO: Validation: set field to null - PublicationItem - validate_and_null: provided key "publisher" is not in item -> identifier: "9b762c8d-e6ff-551e-9e4c-56fed39e16ef"; title: "Measurement and evaluation of the quality of static characteristics of brake valves for agricultural trailers"; scientist_id: "9bfd1940-5791-550c-b31c-d1e7757e2f9e";
2025-01-05 12:09:37 [knowledge_scraper.pipelines] INFO: Validation: set field to null - PublicationItem - validate_and_null: provided key "journal" is not in item -> identifier: "650fc2d2-49c0-584a-b572-c1ad61d54e80"; title: "Modyfikacja konstrukcji pneumatycznego zaworu uruchamiającego hamulce przyczepy rolniczej"; scientist_id: "9bfd1940-5791-550c-b31c-d1e7757e2f9e";
2025-01-05 12:09:37 [knowledge_scraper.pipelines] INFO: Validation: set field to null - PublicationItem - validate_and_null: provided key "publisher" is not in item -> identifier: "650fc2d2-49c0-584a-b572-c1ad61d54e80"; title: "Modyfikacja konstrukcji pneumatycznego zaworu uruchamiającego hamulce przyczepy rolniczej"; scientist_id: "9bfd1940-5791-550c-b31c-d1e7757e2f9e";
2025-01-05 12:09:37 [knowledge_scraper.pipelines] INFO: Validation: set field to null - PublicationItem - validate_and_null: provided key "publisher" is not in item -> identifier: "6b07f607-1c78-5adc-99aa-2b0de170d303"; title: "Methods for improving the dynamic properties of the air braking systems of low-speed agricultural trailers"; scientist_id: "9bfd1940-5791-550c-b31c-d1e7757e2f9e";
2025-01-05 12:09:37 [knowledge_scraper.pipelines] INFO: Validation: set field to null - PublicationItem - validate_and_null: provided key "publisher" is not in item -> identifier: "2b0374ad-c28a-542b-aae9-1a0ccff6bbe9"; title: "Impact of a modified braking valve for static and dynamic characteristics of pneumatic braking systems of agricultural trailers"; scientist_id: "9bfd1940-5791-550c-b31c-d1e7757e2f9e";
2025-01-05 12:09:38 [knowledge_scraper.pipelines] INFO: Validation: set field to null - PublicationItem - validate_and_null: provided key "publisher" is not in item -> identifier: "da700329-74d0-520c-8a62-45283abf068c"; title: "Badanie mikroklimatu w salach dydaktycznych"; scientist_id: "f0193dbc-46b6-55ca-87f3-9557acb59dd4";
2025-01-05 12:09:38 [knowledge_scraper.pipelines] INFO: Validation: set field to null - PublicationItem - validate_and_null: provided key "publisher" is not in item -> identifier: "9342d096-8e76-5821-a2c8-37ea96f7f829"; title: "Porównanie dwóch systemów wentylacji dla małego banku"; scientist_id: "f0193dbc-46b6-55ca-87f3-9557acb59dd4";
2025-01-05 12:09:38 [knowledge_scraper.pipelines] INFO: Validation: set field to null - PublicationItem - validate_and_null: provided key "publisher" is not in item -> identifier: "115098e3-db17-5e53-9966-133a94586bd8"; title: "Pomiary skuteczności wentylacji w budynku laboratorium"; scientist_id: "f0193dbc-46b6-55ca-87f3-9557acb59dd4";
2025-01-05 12:09:39 [knowledge_scraper.pipelines] INFO: Validation: set field to null - PublicationItem - validate_and_null: provided key "publisher" is not in item -> identifier: "e15e2f5c-fa78-5278-90f5-7f96439e98ef"; title: "Indoor air quality in a multi–car garage"; scientist_id: "f0193dbc-46b6-55ca-87f3-9557acb59dd4";
2025-01-05 12:09:39 [knowledge_scraper.pipelines] INFO: Validation: set field to null - PublicationItem - validate_and_null: provided key "publisher" is not in item -> identifier: "89574de5-7642-5328-9c2e-835d172c812c"; title: "Badanie parametrów powietrza w kotłowni opalanej różnymi rodzajami paliwa"; scientist_id: "f0193dbc-46b6-55ca-87f3-9557acb59dd4";
2025-01-05 12:09:40 [knowledge_scraper.pipelines] INFO: Validation: set field to null - PublicationItem - validate_and_null: provided key "journal" is not in item -> identifier: "1bdb673c-c348-58b6-9e89-c2f3d9ecb750"; title: "The noise produced by the air handling units depending on the type of engine"; scientist_id: "f0193dbc-46b6-55ca-87f3-9557acb59dd4";
2025-01-05 12:09:40 [knowledge_scraper.pipelines] INFO: Validation: set field to null - PublicationItem - validate_and_null: provided key "publisher" is not in item -> identifier: "1bdb673c-c348-58b6-9e89-c2f3d9ecb750"; title: "The noise produced by the air handling units depending on the type of engine"; scientist_id: "f0193dbc-46b6-55ca-87f3-9557acb59dd4";
2025-01-05 12:09:41 [knowledge_scraper.pipelines] INFO: Validation: set field to null - PublicationItem - validate_and_null: provided key "journal" is not in item -> identifier: "19df8929-d085-5064-a16b-42d2d3cd51b4"; title: "Analysis of carbon dioxide in Kindergartens in Poland"; scientist_id: "f0193dbc-46b6-55ca-87f3-9557acb59dd4";
2025-01-05 12:09:41 [knowledge_scraper.pipelines] INFO: Validation: set field to null - PublicationItem - validate_and_null: provided key "publisher" is not in item -> identifier: "19df8929-d085-5064-a16b-42d2d3cd51b4"; title: "Analysis of carbon dioxide in Kindergartens in Poland"; scientist_id: "f0193dbc-46b6-55ca-87f3-9557acb59dd4";
2025-01-05 12:09:41 [knowledge_scraper.pipelines] INFO: Validation: set field to null - PublicationItem - validate_and_null: provided key "publisher" is not in item -> identifier: "a24d2439-cf3e-5139-bda7-5fe51b9cce42"; title: "The technical infrastructure details in the old towns in Spain"; scientist_id: "f0193dbc-46b6-55ca-87f3-9557acb59dd4";
2025-01-05 12:09:41 [knowledge_scraper.pipelines] INFO: Validation: set field to null - PublicationItem - validate_and_null: provided key "publisher" is not in item -> identifier: "39eda024-b29d-5e5a-ad89-5e45014ad4da"; title: "The analysis of microclimate parameters in the classrooms located in different climate zones"; scientist_id: "f0193dbc-46b6-55ca-87f3-9557acb59dd4";
2025-01-05 12:09:42 [knowledge_scraper.pipelines] INFO: Validation: set field to null - PublicationItem - validate_and_null: provided key "publisher" is not in item -> identifier: "7a88a42b-65e6-5b58-8542-6d400e67e944"; title: "Zależność stężenia dwutlenku węgla i wilgotności względnej w sali dydaktycznej - studium przypadku"; scientist_id: "f0193dbc-46b6-55ca-87f3-9557acb59dd4";
2025-01-05 12:09:42 [knowledge_scraper.pipelines] INFO: Validation: set field to null - PublicationItem - validate_and_null: provided key "publisher" is not in item -> identifier: "26a1ca38-989f-55c7-a01d-44ae881232d4"; title: "Porównanie kosztów systemu klimatyzacji i wentylacji w przykładowej restauracji"; scientist_id: "f0193dbc-46b6-55ca-87f3-9557acb59dd4";
2025-01-05 12:09:43 [knowledge_scraper.pipelines] INFO: Validation: set field to null - PublicationItem - validate_and_null: provided key "publisher" is not in item -> identifier: "b8b21453-5b5c-530d-b53b-b2a2d96386d1"; title: "Modernizacja ogrzewania domu jednorodzinnego na ogrzewanie powietrzne"; scientist_id: "f0193dbc-46b6-55ca-87f3-9557acb59dd4";
2025-01-05 12:09:43 [knowledge_scraper.pipelines] INFO: Validation: set field to null - PublicationItem - validate_and_null: provided key "publisher" is not in item -> identifier: "0ccdbf61-097c-53c7-b778-f1cae9e99513"; title: "Analiza podstawowych parametrów jakości powietrza wewnętrznego w klubie fitness"; scientist_id: "f0193dbc-46b6-55ca-87f3-9557acb59dd4";
2025-01-05 12:09:43 [knowledge_scraper.pipelines] INFO: Validation: set field to null - PublicationItem - validate_and_null: provided key "journal" is not in item -> identifier: "e999e025-5a35-53f6-bab4-918a1c77d1aa"; title: "Wprowadzenie"; scientist_id: "f0193dbc-46b6-55ca-87f3-9557acb59dd4";
2025-01-05 12:09:43 [knowledge_scraper.pipelines] INFO: Validation: set field to null - PublicationItem - validate_and_null: provided key "publisher" is not in item -> identifier: "e999e025-5a35-53f6-bab4-918a1c77d1aa"; title: "Wprowadzenie"; scientist_id: "f0193dbc-46b6-55ca-87f3-9557acb59dd4";
2025-01-05 12:09:44 [knowledge_scraper.pipelines] INFO: Validation: set field to null - PublicationItem - validate_and_null: provided key "journal" is not in item -> identifier: "badf5869-5329-5707-ac36-2d57ab15a508"; title: "Thermal comfort and energy consumption for HVAC in Kindergartens after thermo-modernization in Poland"; scientist_id: "f0193dbc-46b6-55ca-87f3-9557acb59dd4";
2025-01-05 12:09:44 [knowledge_scraper.pipelines] INFO: Validation: set field to null - PublicationItem - validate_and_null: provided key "publisher" is not in item -> identifier: "badf5869-5329-5707-ac36-2d57ab15a508"; title: "Thermal comfort and energy consumption for HVAC in Kindergartens after thermo-modernization in Poland"; scientist_id: "f0193dbc-46b6-55ca-87f3-9557acb59dd4";
2025-01-05 12:09:44 [knowledge_scraper.pipelines] INFO: Validation: set field to null - PublicationItem - validate_and_null: provided key "journal" is not in item -> identifier: "07a7c753-b29e-5229-82c1-d82f572b7db6"; title: "Analiza środowiska wewnętrznego w sali tanecznej"; scientist_id: "f0193dbc-46b6-55ca-87f3-9557acb59dd4";
2025-01-05 12:09:44 [knowledge_scraper.pipelines] INFO: Validation: set field to null - PublicationItem - validate_and_null: provided key "publisher" is not in item -> identifier: "07a7c753-b29e-5229-82c1-d82f572b7db6"; title: "Analiza środowiska wewnętrznego w sali tanecznej"; scientist_id: "f0193dbc-46b6-55ca-87f3-9557acb59dd4";
2025-01-05 12:09:45 [knowledge_scraper.pipelines] INFO: Validation: set field to null - PublicationItem - validate_and_null: provided key "journal" is not in item -> identifier: "881cb452-86c5-5401-aea1-4c398c2001bd"; title: "Analiza środowiska wewnętrznego w sali kinowej"; scientist_id: "f0193dbc-46b6-55ca-87f3-9557acb59dd4";
2025-01-05 12:09:45 [knowledge_scraper.pipelines] INFO: Validation: set field to null - PublicationItem - validate_and_null: provided key "publisher" is not in item -> identifier: "881cb452-86c5-5401-aea1-4c398c2001bd"; title: "Analiza środowiska wewnętrznego w sali kinowej"; scientist_id: "f0193dbc-46b6-55ca-87f3-9557acb59dd4";
2025-01-05 12:09:46 [knowledge_scraper.pipelines] INFO: Validation: set field to null - PublicationItem - validate_and_null: provided key "journal" is not in item -> identifier: "109b6f74-3d9c-545b-9e5a-f53805024459"; title: "Dynamic model of six-rotor micro helicopter"; scientist_id: "8c4efdcb-dd74-5317-ba30-9caa7c0ec102";
2025-01-05 12:09:46 [knowledge_scraper.pipelines] INFO: Validation: set field to null - PublicationItem - validate_and_null: provided key "publisher" is not in item -> identifier: "109b6f74-3d9c-545b-9e5a-f53805024459"; title: "Dynamic model of six-rotor micro helicopter"; scientist_id: "8c4efdcb-dd74-5317-ba30-9caa7c0ec102";
2025-01-05 12:09:46 [knowledge_scraper.pipelines] INFO: Validation: set field to null - PublicationItem - validate_and_null: provided key "journal" is not in item -> identifier: "d12b934b-41d1-53b0-b413-69a62ba0920a"; title: "Communication system and harware development for the unmanned aerial vehicles autonomous formation flight control"; scientist_id: "8c4efdcb-dd74-5317-ba30-9caa7c0ec102";
2025-01-05 12:09:46 [knowledge_scraper.pipelines] INFO: Validation: set field to null - PublicationItem - validate_and_null: provided key "publisher" is not in item -> identifier: "d12b934b-41d1-53b0-b413-69a62ba0920a"; title: "Communication system and harware development for the unmanned aerial vehicles autonomous formation flight control"; scientist_id: "8c4efdcb-dd74-5317-ba30-9caa7c0ec102";
2025-01-05 12:09:47 [knowledge_scraper.pipelines] INFO: Validation: set field to null - PublicationItem - validate_and_null: provided key "journal" is not in item -> identifier: "3009147a-2301-5fdf-a102-b08300c45082"; title: "Badania w locie bezzałogowego statku powietrznego Twister"; scientist_id: "8c4efdcb-dd74-5317-ba30-9caa7c0ec102";
2025-01-05 12:09:47 [knowledge_scraper.pipelines] INFO: Validation: set field to null - PublicationItem - validate_and_null: provided key "publisher" is not in item -> identifier: "3009147a-2301-5fdf-a102-b08300c45082"; title: "Badania w locie bezzałogowego statku powietrznego Twister"; scientist_id: "8c4efdcb-dd74-5317-ba30-9caa7c0ec102";
2025-01-05 12:09:47 [knowledge_scraper.pipelines] INFO: Validation: set field to null - PublicationItem - validate_and_null: provided key "journal" is not in item -> identifier: "b9cf3fd8-73b3-5b81-ac43-d8a19178278a"; title: "Badania symulacyjne opracowanej koncepcji realizacji lotu grupowego"; scientist_id: "8c4efdcb-dd74-5317-ba30-9caa7c0ec102";
2025-01-05 12:09:47 [knowledge_scraper.pipelines] INFO: Validation: set field to null - PublicationItem - validate_and_null: provided key "publisher" is not in item -> identifier: "b9cf3fd8-73b3-5b81-ac43-d8a19178278a"; title: "Badania symulacyjne opracowanej koncepcji realizacji lotu grupowego"; scientist_id: "8c4efdcb-dd74-5317-ba30-9caa7c0ec102";
2025-01-05 12:09:48 [knowledge_scraper.pipelines] INFO: Validation: set field to null - PublicationItem - validate_and_null: provided key "publisher" is not in item -> identifier: "3905450c-1ed9-5623-9e5d-eaa7f56b2010"; title: "Comparison of electromagnetic coil launcher model with real-device characteristics"; scientist_id: "8c4efdcb-dd74-5317-ba30-9caa7c0ec102";
2025-01-05 12:09:48 [knowledge_scraper.pipelines] INFO: Validation: set field to null - PublicationItem - validate_and_null: provided key "publisher" is not in item -> identifier: "b1a2f7e7-f5de-54ce-92f3-5a2daf05bd0f"; title: "The Image Brightness Control System Dedicated for the Autonomous Unmanned Aerial Vehicle"; scientist_id: "8c4efdcb-dd74-5317-ba30-9caa7c0ec102";
2025-01-05 12:09:49 [knowledge_scraper.pipelines] INFO: Validation: set field to null - PublicationItem - validate_and_null: provided key "publisher" is not in item -> identifier: "e55730ba-920c-5b5e-b2e1-1e42563875c4"; title: "Sterowanie jasnością obrazu na potrzeby wizyjnego systemu omijania przeszkód bezzałogowego aparatu latającego"; scientist_id: "8c4efdcb-dd74-5317-ba30-9caa7c0ec102";
2025-01-05 12:09:49 [knowledge_scraper.pipelines] INFO: Validation: set field to null - PublicationItem - validate_and_null: provided key "publisher" is not in item -> identifier: "cd3f04b7-de12-53f2-b02a-51230daf4768"; title: "Projektowanie praw sterowania lotem grupowym bezzałogowych aparatów latających"; scientist_id: "8c4efdcb-dd74-5317-ba30-9caa7c0ec102";
2025-01-05 12:09:50 [knowledge_scraper.pipelines] INFO: Validation: set field to null - PublicationItem - validate_and_null: provided key "publisher" is not in item -> identifier: "3b223b47-e3da-572d-9b77-6f95d1d612fe"; title: "Kalman Filter Realization for Orientation and Position Estimation on Dedicated Processor"; scientist_id: "8c4efdcb-dd74-5317-ba30-9caa7c0ec102";
2025-01-05 12:09:50 [knowledge_scraper.pipelines] INFO: Validation: set field to null - PublicationItem - validate_and_null: provided key "publisher" is not in item -> identifier: "74abab6b-03c3-5a8f-bf43-5a301f4a57ea"; title: "Badania w locie bezzałogowego statku powietrznego Twister"; scientist_id: "8c4efdcb-dd74-5317-ba30-9caa7c0ec102";
2025-01-05 12:09:51 [knowledge_scraper.pipelines] INFO: Validation: set field to null - PublicationItem - validate_and_null: provided key "journal" is not in item -> identifier: "3c97ad12-fd4b-5d54-b89c-45625ef858b8"; title: "Quasi-optimal Location of Piezo-actuators on a Rectangular Plate"; scientist_id: "8c4efdcb-dd74-5317-ba30-9caa7c0ec102";
2025-01-05 12:09:51 [knowledge_scraper.pipelines] INFO: Validation: set field to null - PublicationItem - validate_and_null: provided key "publisher" is not in item -> identifier: "3c97ad12-fd4b-5d54-b89c-45625ef858b8"; title: "Quasi-optimal Location of Piezo-actuators on a Rectangular Plate"; scientist_id: "8c4efdcb-dd74-5317-ba30-9caa7c0ec102";
2025-01-05 12:09:51 [knowledge_scraper.pipelines] INFO: Validation: set field to null - PublicationItem - validate_and_null: provided key "journal" is not in item -> identifier: "59c71c56-9094-5890-a3c1-693400d79012"; title: "Laboratory and field tests of the magnetic coil launcher for micro aerial vehicles"; scientist_id: "8c4efdcb-dd74-5317-ba30-9caa7c0ec102";
2025-01-05 12:09:51 [knowledge_scraper.pipelines] INFO: Validation: set field to null - PublicationItem - validate_and_null: provided key "publisher" is not in item -> identifier: "59c71c56-9094-5890-a3c1-693400d79012"; title: "Laboratory and field tests of the magnetic coil launcher for micro aerial vehicles"; scientist_id: "8c4efdcb-dd74-5317-ba30-9caa7c0ec102";
2025-01-05 12:09:51 [knowledge_scraper.pipelines] INFO: Validation: set field to null - PublicationItem - validate_and_null: provided key "journal" is not in item -> identifier: "0a71b568-d7ba-5dbc-86d6-3bcab877a6db"; title: "Two stage switching control for autonomous formation flight of Unmanned Aerial Vehicles"; scientist_id: "8c4efdcb-dd74-5317-ba30-9caa7c0ec102";
2025-01-05 12:09:51 [knowledge_scraper.pipelines] INFO: Validation: set field to null - PublicationItem - validate_and_null: provided key "publisher" is not in item -> identifier: "0a71b568-d7ba-5dbc-86d6-3bcab877a6db"; title: "Two stage switching control for autonomous formation flight of Unmanned Aerial Vehicles"; scientist_id: "8c4efdcb-dd74-5317-ba30-9caa7c0ec102";
2025-01-05 12:09:52 [knowledge_scraper.pipelines] INFO: Validation: set field to null - PublicationItem - validate_and_null: provided key "journal" is not in item -> identifier: "8d185610-0f97-5ea3-bb68-1650e322ea17"; title: "Inertial measurement units for position and orientation estimation of end effector of manipulator"; scientist_id: "8c4efdcb-dd74-5317-ba30-9caa7c0ec102";
2025-01-05 12:09:52 [knowledge_scraper.pipelines] INFO: Validation: set field to null - PublicationItem - validate_and_null: provided key "publisher" is not in item -> identifier: "8d185610-0f97-5ea3-bb68-1650e322ea17"; title: "Inertial measurement units for position and orientation estimation of end effector of manipulator"; scientist_id: "8c4efdcb-dd74-5317-ba30-9caa7c0ec102";
2025-01-05 12:09:53 [knowledge_scraper.pipelines] INFO: Validation: set field to null - PublicationItem - validate_and_null: provided key "journal" is not in item -> identifier: "38d01620-3cd1-5643-9337-8f89fc3ed165"; title: "Comparison of vision based obstacle avoidance methods for small UAV"; scientist_id: "8c4efdcb-dd74-5317-ba30-9caa7c0ec102";
2025-01-05 12:09:53 [knowledge_scraper.pipelines] INFO: Validation: set field to null - PublicationItem - validate_and_null: provided key "publisher" is not in item -> identifier: "38d01620-3cd1-5643-9337-8f89fc3ed165"; title: "Comparison of vision based obstacle avoidance methods for small UAV"; scientist_id: "8c4efdcb-dd74-5317-ba30-9caa7c0ec102";
2025-01-05 12:09:53 [knowledge_scraper.pipelines] INFO: Validation: set field to null - PublicationItem - validate_and_null: provided key "journal" is not in item -> identifier: "e36fd38b-4378-5cc5-9f70-c8979d4a8739"; title: "Application of wavelet packet transformation in recognition of polish speech"; scientist_id: "8c4efdcb-dd74-5317-ba30-9caa7c0ec102";
2025-01-05 12:09:53 [knowledge_scraper.pipelines] INFO: Validation: set field to null - PublicationItem - validate_and_null: provided key "publisher" is not in item -> identifier: "e36fd38b-4378-5cc5-9f70-c8979d4a8739"; title: "Application of wavelet packet transformation in recognition of polish speech"; scientist_id: "8c4efdcb-dd74-5317-ba30-9caa7c0ec102";
2025-01-05 12:09:54 [knowledge_scraper.pipelines] INFO: Validation: set field to null - PublicationItem - validate_and_null: provided key "journal" is not in item -> identifier: "efb44cd6-5353-5af7-b302-2c9fc889e545"; title: "Active magnetic bearing as a drive of elliptic rotor - initial study supported by the Virtual Prototype"; scientist_id: "8c4efdcb-dd74-5317-ba30-9caa7c0ec102";
2025-01-05 12:09:54 [knowledge_scraper.pipelines] INFO: Validation: set field to null - PublicationItem - validate_and_null: provided key "publisher" is not in item -> identifier: "efb44cd6-5353-5af7-b302-2c9fc889e545"; title: "Active magnetic bearing as a drive of elliptic rotor - initial study supported by the Virtual Prototype"; scientist_id: "8c4efdcb-dd74-5317-ba30-9caa7c0ec102";
2025-01-05 12:09:54 [knowledge_scraper.pipelines] INFO: Validation: set field to null - PublicationItem - validate_and_null: provided key "journal" is not in item -> identifier: "43954f61-daea-5d94-ae7d-90d5b67ad9d7"; title: "A ground control station for the flight simulator"; scientist_id: "8c4efdcb-dd74-5317-ba30-9caa7c0ec102";
2025-01-05 12:09:54 [knowledge_scraper.pipelines] INFO: Validation: set field to null - PublicationItem - validate_and_null: provided key "publisher" is not in item -> identifier: "43954f61-daea-5d94-ae7d-90d5b67ad9d7"; title: "A ground control station for the flight simulator"; scientist_id: "8c4efdcb-dd74-5317-ba30-9caa7c0ec102";
2025-01-05 12:09:55 [knowledge_scraper.pipelines] INFO: Validation: set field to null - PublicationItem - validate_and_null: provided key "journal" is not in item -> identifier: "a32ad8bb-bbba-542e-85e6-e234878d51e8"; title: "Ductile fracture of elements with notches under proportial and nonproportial loading"; scientist_id: "b81ce8e6-cf6e-5190-825a-9f11584c247d";
2025-01-05 12:09:55 [knowledge_scraper.pipelines] INFO: Validation: set field to null - PublicationItem - validate_and_null: provided key "publisher" is not in item -> identifier: "a32ad8bb-bbba-542e-85e6-e234878d51e8"; title: "Ductile fracture of elements with notches under proportial and nonproportial loading"; scientist_id: "b81ce8e6-cf6e-5190-825a-9f11584c247d";
2025-01-05 12:09:56 [knowledge_scraper.pipelines] INFO: Validation: set field to null - PublicationItem - validate_and_null: provided key "journal" is not in item -> identifier: "f4c06a5f-8931-53ad-832b-51e37ad90c70"; title: "Ductile fracture elements with notches under complex loading"; scientist_id: "b81ce8e6-cf6e-5190-825a-9f11584c247d";
2025-01-05 12:09:56 [knowledge_scraper.pipelines] INFO: Validation: set field to null - PublicationItem - validate_and_null: provided key "publisher" is not in item -> identifier: "f4c06a5f-8931-53ad-832b-51e37ad90c70"; title: "Ductile fracture elements with notches under complex loading"; scientist_id: "b81ce8e6-cf6e-5190-825a-9f11584c247d";
2025-01-05 12:09:57 [knowledge_scraper.pipelines] INFO: Validation: set field to null - PublicationItem - validate_and_null: provided key "publisher" is not in item -> identifier: "ae977a4e-a093-523b-8233-a9b62988aa1c"; title: "The effect of dynamic recrystallization on monotonic and cyclic behaviour of Al-Cu-Mg alloy"; scientist_id: "b81ce8e6-cf6e-5190-825a-9f11584c247d";
2025-01-05 12:09:57 [knowledge_scraper.pipelines] INFO: Validation: set field to null - PublicationItem - validate_and_null: provided key "publisher" is not in item -> identifier: "89615b20-6a14-535c-a2ed-ee3d53745811"; title: "Monotonic behaviour of typical Al-Cu-Mg alloy pre-strained at elevated temperature"; scientist_id: "b81ce8e6-cf6e-5190-825a-9f11584c247d";
2025-01-05 12:09:58 [scrapy.extensions.logstats] INFO: Crawled 335 pages (at 96 pages/min), scraped 376 items (at 96 items/min)
2025-01-05 12:09:58 [knowledge_scraper.pipelines] INFO: Validation: set field to null - PublicationItem - validate_and_null: provided key "publisher" is not in item -> identifier: "369038dd-6105-55c6-a433-f6525bc55bfd"; title: "Fatigue Damage Accumulation Modeling of Metals Alloys under High Amplitude Loading at Elevated Temperatures"; scientist_id: "b81ce8e6-cf6e-5190-825a-9f11584c247d";
2025-01-05 12:09:59 [knowledge_scraper.pipelines] INFO: Validation: set field to null - PublicationItem - validate_and_null: provided key "publisher" is not in item -> identifier: "362f070f-63b2-5f09-bb1f-cf1df673d207"; title: "Predicting the fatigue strength and life of 316L steel sinters of varying porosity for implants in a uniaxial loading state"; scientist_id: "b81ce8e6-cf6e-5190-825a-9f11584c247d";
2025-01-05 12:09:59 [knowledge_scraper.pipelines] INFO: Validation: set field to null - PublicationItem - validate_and_null: provided key "publisher" is not in item -> identifier: "4ec171dd-4078-5a19-83a9-e07806c56291"; title: "Fatigue life of 316L steel sinters of varying porosity under conditions of uniaxial periodically variable loading at a fixed stress amplitude"; scientist_id: "b81ce8e6-cf6e-5190-825a-9f11584c247d";
2025-01-05 12:10:00 [knowledge_scraper.pipelines] INFO: Validation: set field to null - PublicationItem - validate_and_null: provided key "publisher" is not in item -> identifier: "bd204617-bb89-5150-b918-b8b68e30f854"; title: "Fatigue life and strength of 316L sintered steel of varying porosity"; scientist_id: "b81ce8e6-cf6e-5190-825a-9f11584c247d";
2025-01-05 12:10:00 [knowledge_scraper.pipelines] INFO: Validation: set field to null - PublicationItem - validate_and_null: provided key "publisher" is not in item -> identifier: "dc04d563-834a-5b85-8c20-e08bc8b0563a"; title: "Damage accumulation and ductile fracture modeling of notched specimens under biaxial loading at room temperature"; scientist_id: "b81ce8e6-cf6e-5190-825a-9f11584c247d";
2025-01-05 12:10:01 [knowledge_scraper.pipelines] INFO: Validation: set field to null - PublicationItem - validate_and_null: provided key "publisher" is not in item -> identifier: "20f3f856-91f5-580f-bd2f-a5485092f1ac"; title: "Mode I fracture in PMMA specimens with notches - Experimental and numerical studies"; scientist_id: "b81ce8e6-cf6e-5190-825a-9f11584c247d";
2025-01-05 12:10:02 [knowledge_scraper.pipelines] INFO: Validation: set field to null - PublicationItem - validate_and_null: provided key "journal" is not in item -> identifier: "763eb157-12fb-5236-827d-0d7bf4039e08"; title: "The Influence of Elevated Temperature on Strenght and Fatigue Properties of Metallic Materials"; scientist_id: "b81ce8e6-cf6e-5190-825a-9f11584c247d";
2025-01-05 12:10:02 [knowledge_scraper.pipelines] INFO: Validation: set field to null - PublicationItem - validate_and_null: provided key "publisher" is not in item -> identifier: "763eb157-12fb-5236-827d-0d7bf4039e08"; title: "The Influence of Elevated Temperature on Strenght and Fatigue Properties of Metallic Materials"; scientist_id: "b81ce8e6-cf6e-5190-825a-9f11584c247d";
2025-01-05 12:10:02 [knowledge_scraper.pipelines] INFO: Validation: set field to null - PublicationItem - validate_and_null: provided key "journal" is not in item -> identifier: "93b17c60-26fd-5ee7-80fe-1dd0dfca60d9"; title: "The Numerical Models of Fatigue Damage Accumulation of 316L Steel Sinters With Different Porosity"; scientist_id: "b81ce8e6-cf6e-5190-825a-9f11584c247d";
2025-01-05 12:10:02 [knowledge_scraper.pipelines] INFO: Validation: set field to null - PublicationItem - validate_and_null: provided key "publisher" is not in item -> identifier: "93b17c60-26fd-5ee7-80fe-1dd0dfca60d9"; title: "The Numerical Models of Fatigue Damage Accumulation of 316L Steel Sinters With Different Porosity"; scientist_id: "b81ce8e6-cf6e-5190-825a-9f11584c247d";
2025-01-05 12:10:03 [knowledge_scraper.pipelines] INFO: Validation: set field to null - PublicationItem - validate_and_null: provided key "journal" is not in item -> identifier: "44ff89eb-43af-53ca-a5f7-407c92c87ed0"; title: "Numeryczne modelowanie ściskania porowatych spieków 316L z uwzględnieniem kształtu porów w skali mezoskopowej"; scientist_id: "b81ce8e6-cf6e-5190-825a-9f11584c247d";
2025-01-05 12:10:03 [knowledge_scraper.pipelines] INFO: Validation: set field to null - PublicationItem - validate_and_null: provided key "publisher" is not in item -> identifier: "44ff89eb-43af-53ca-a5f7-407c92c87ed0"; title: "Numeryczne modelowanie ściskania porowatych spieków 316L z uwzględnieniem kształtu porów w skali mezoskopowej"; scientist_id: "b81ce8e6-cf6e-5190-825a-9f11584c247d";
2025-01-05 12:10:03 [knowledge_scraper.pipelines] INFO: Validation: set field to null - PublicationItem - validate_and_null: provided key "journal" is not in item -> identifier: "958bebb7-c30c-53d8-a523-cf6dcd56f3c2"; title: "Ductile Fracture of Elements with Notches Under Elevated Temperature"; scientist_id: "b81ce8e6-cf6e-5190-825a-9f11584c247d";
2025-01-05 12:10:03 [knowledge_scraper.pipelines] INFO: Validation: set field to null - PublicationItem - validate_and_null: provided key "publisher" is not in item -> identifier: "958bebb7-c30c-53d8-a523-cf6dcd56f3c2"; title: "Ductile Fracture of Elements with Notches Under Elevated Temperature"; scientist_id: "b81ce8e6-cf6e-5190-825a-9f11584c247d";
2025-01-05 12:10:04 [knowledge_scraper.pipelines] INFO: Validation: set field to null - PublicationItem - validate_and_null: provided key "journal" is not in item -> identifier: "5398ea7b-2a9f-5a12-a692-b9d011e6929c"; title: "Experimental and numerical investigation of mode I fracture in plate PMMA samples with notches"; scientist_id: "b81ce8e6-cf6e-5190-825a-9f11584c247d";
2025-01-05 12:10:04 [knowledge_scraper.pipelines] INFO: Validation: set field to null - PublicationItem - validate_and_null: provided key "publisher" is not in item -> identifier: "5398ea7b-2a9f-5a12-a692-b9d011e6929c"; title: "Experimental and numerical investigation of mode I fracture in plate PMMA samples with notches"; scientist_id: "b81ce8e6-cf6e-5190-825a-9f11584c247d";
2025-01-05 12:10:04 [knowledge_scraper.pipelines] INFO: Validation: set field to null - PublicationItem - validate_and_null: provided key "journal" is not in item -> identifier: "f0ef99e4-0332-540e-8ac6-0a1f5091dc41"; title: "Badania doświadczalne i modelowanie numeryczne pękania elementów z karbami wykonanych z polimetakrylanu metylu"; scientist_id: "b81ce8e6-cf6e-5190-825a-9f11584c247d";
2025-01-05 12:10:04 [knowledge_scraper.pipelines] INFO: Validation: set field to null - PublicationItem - validate_and_null: provided key "publisher" is not in item -> identifier: "f0ef99e4-0332-540e-8ac6-0a1f5091dc41"; title: "Badania doświadczalne i modelowanie numeryczne pękania elementów z karbami wykonanych z polimetakrylanu metylu"; scientist_id: "b81ce8e6-cf6e-5190-825a-9f11584c247d";
2025-01-05 12:10:05 [knowledge_scraper.pipelines] INFO: Validation: set field to null - PublicationItem - validate_and_null: provided key "publisher" is not in item -> identifier: "07811d7c-093a-541a-8bed-ebadeb3e63a3"; title: "Ductile fracture of notched aluminum alloy specimens under elevated temperature. P. 1, Experimental research"; scientist_id: "b81ce8e6-cf6e-5190-825a-9f11584c247d";
2025-01-05 12:10:06 [knowledge_scraper.pipelines] INFO: Validation: set field to null - PublicationItem - validate_and_null: provided key "publisher" is not in item -> identifier: "49aa0740-6047-509d-a856-1770375fc6c7"; title: "Ductile fracture of notched aluminum alloy specimens under elevated temperature P. 2  Numerical modelling and fracture criterion"; scientist_id: "b81ce8e6-cf6e-5190-825a-9f11584c247d";
2025-01-05 12:10:06 [knowledge_scraper.pipelines] INFO: Validation: set field to null - PublicationItem - validate_and_null: provided key "publisher" is not in item -> identifier: "782da85c-68d5-5b10-8790-6f4dab86e476"; title: "Fracture in PMMA notched specimens under compression – Experimental study"; scientist_id: "b81ce8e6-cf6e-5190-825a-9f11584c247d";
2025-01-05 12:10:07 [knowledge_scraper.pipelines] INFO: Validation: set field to null - PublicationItem - validate_and_null: provided key "journal" is not in item -> identifier: "c67727bd-4410-5ff2-bc5c-53829c2aba42"; title: "Experimental tests of strength and fatigue life of 3D printed polymers"; scientist_id: "b81ce8e6-cf6e-5190-825a-9f11584c247d";
2025-01-05 12:10:07 [knowledge_scraper.pipelines] INFO: Validation: set field to null - PublicationItem - validate_and_null: provided key "publisher" is not in item -> identifier: "c67727bd-4410-5ff2-bc5c-53829c2aba42"; title: "Experimental tests of strength and fatigue life of 3D printed polymers"; scientist_id: "b81ce8e6-cf6e-5190-825a-9f11584c247d";
2025-01-05 12:10:07 [knowledge_scraper.pipelines] INFO: Validation: set field to null - PublicationItem - validate_and_null: provided key "publisher" is not in item -> identifier: "a17d7db5-a137-5df8-b09b-964f547c41b0"; title: "Korelacja szumu wycieku na przewodach wodociągowych żeliwnych i stalowych - przykłady"; scientist_id: "23c08de1-2868-5e00-bbda-1775da8d0112";
2025-01-05 12:10:08 [knowledge_scraper.pipelines] INFO: Validation: set field to null - PublicationItem - validate_and_null: provided key "publisher" is not in item -> identifier: "f5b4b561-508f-5601-a4d4-00c238fc4689"; title: "Korelacja szumu wycieku - przegląd zagadnienia i urządzeń"; scientist_id: "23c08de1-2868-5e00-bbda-1775da8d0112";
2025-01-05 12:10:08 [knowledge_scraper.pipelines] INFO: Validation: set field to null - PublicationItem - validate_and_null: provided key "publisher" is not in item -> identifier: "69ebd541-6db1-5c73-a60a-ae9dcb956e0e"; title: "Porównanie skuteczności lokalizacji wycieku wody multikorelatorem wyposażonym w akcelerometry piezoelektryczne i czujniki hydrofonowe"; scientist_id: "23c08de1-2868-5e00-bbda-1775da8d0112";
2025-01-05 12:10:09 [knowledge_scraper.pipelines] INFO: Validation: set field to null - PublicationItem - validate_and_null: provided key "journal" is not in item -> identifier: "4e25aa76-4442-5d02-8232-64dec178154a"; title: "Examples of leak noise correlation on the water metal pipes"; scientist_id: "23c08de1-2868-5e00-bbda-1775da8d0112";
2025-01-05 12:10:09 [knowledge_scraper.pipelines] INFO: Validation: set field to null - PublicationItem - validate_and_null: provided key "publisher" is not in item -> identifier: "4e25aa76-4442-5d02-8232-64dec178154a"; title: "Examples of leak noise correlation on the water metal pipes"; scientist_id: "23c08de1-2868-5e00-bbda-1775da8d0112";
2025-01-05 12:10:13 [knowledge_scraper.pipelines] INFO: Validation: set field to null - ScientistItem - validate_and_null: value corresponding to key "position" is None. Nothing to do -> identifier: "03c73614-c93a-552a-a863-80cb1fa1459d"; name: "MSc Grzegorz Kuryło"; profile_url: "https://bazawiedzy.pb.edu.pl/info/author/BUT06a9b5baf2d64106b4dc52162e182be9?r=author&tab=&title=Person%2Bprofile%2B%25E2%2580%2593%2BGrzegorz%2BKury%25C5%2582o%2B%25E2%2580%2593%2BBialystok%2BUniversity%2Bof%2BTechnology&lang=en";
2025-01-05 12:10:13 [knowledge_scraper.pipelines] INFO: Validation: set field to null - ScientistItem - validate_and_null: value corresponding to key "email" is None. Nothing to do -> identifier: "03c73614-c93a-552a-a863-80cb1fa1459d"; name: "MSc Grzegorz Kuryło"; profile_url: "https://bazawiedzy.pb.edu.pl/info/author/BUT06a9b5baf2d64106b4dc52162e182be9?r=author&tab=&title=Person%2Bprofile%2B%25E2%2580%2593%2BGrzegorz%2BKury%25C5%2582o%2B%25E2%2580%2593%2BBialystok%2BUniversity%2Bof%2BTechnology&lang=en";
2025-01-05 12:10:13 [knowledge_scraper.pipelines] INFO: Validation: set field to null - ScientistItem - validate_and_null: value corresponding to key "position" is None. Nothing to do -> identifier: "336720d6-8d81-55cd-8839-ee7bd82bf642"; name: "PhD Piotr Roman Zubrycki"; profile_url: "https://bazawiedzy.pb.edu.pl/info/author/BUT0447632c750c4cf59e84f96f35803f7e?r=author&tab=&title=Person%2Bprofile%2B%25E2%2580%2593%2BPiotr%2BRoman%2BZubrycki%2B%25E2%2580%2593%2BBialystok%2BUniversity%2Bof%2BTechnology&lang=en";
2025-01-05 12:10:13 [knowledge_scraper.pipelines] INFO: Validation: set field to null - ScientistItem - validate_and_null: value corresponding to key "email" is None. Nothing to do -> identifier: "336720d6-8d81-55cd-8839-ee7bd82bf642"; name: "PhD Piotr Roman Zubrycki"; profile_url: "https://bazawiedzy.pb.edu.pl/info/author/BUT0447632c750c4cf59e84f96f35803f7e?r=author&tab=&title=Person%2Bprofile%2B%25E2%2580%2593%2BPiotr%2BRoman%2BZubrycki%2B%25E2%2580%2593%2BBialystok%2BUniversity%2Bof%2BTechnology&lang=en";
2025-01-05 12:10:13 [pb] WARNING: Scraping: stopped parsing item - BibliometricsItem - no publication_count found -> scientist_id: "336720d6-8d81-55cd-8839-ee7bd82bf642"; profile_url: "https://bazawiedzy.pb.edu.pl/info/author/BUT0447632c750c4cf59e84f96f35803f7e?r=author&tab=&title=Person%2Bprofile%2B%25E2%2580%2593%2BPiotr%2BRoman%2BZubrycki%2B%25E2%2580%2593%2BBialystok%2BUniversity%2Bof%2BTechnology&lang=en";
2025-01-05 12:10:14 [knowledge_scraper.pipelines] INFO: Validation: set field to null - ScientistItem - validate_and_null: value corresponding to key "position" is None. Nothing to do -> identifier: "dfb23bc5-2040-57f1-abcf-a8ade2a0b8c3"; name: "DSc Tadeusz Maciak"; profile_url: "https://bazawiedzy.pb.edu.pl/info/author/BUT067d265fb7244db8a1c17be311887ab3?r=author&tab=&title=Person%2Bprofile%2B%25E2%2580%2593%2BTadeusz%2BMaciak%2B%25E2%2580%2593%2BBialystok%2BUniversity%2Bof%2BTechnology&lang=en";
2025-01-05 12:10:14 [knowledge_scraper.pipelines] INFO: Validation: set field to null - ScientistItem - validate_and_null: value corresponding to key "email" is None. Nothing to do -> identifier: "dfb23bc5-2040-57f1-abcf-a8ade2a0b8c3"; name: "DSc Tadeusz Maciak"; profile_url: "https://bazawiedzy.pb.edu.pl/info/author/BUT067d265fb7244db8a1c17be311887ab3?r=author&tab=&title=Person%2Bprofile%2B%25E2%2580%2593%2BTadeusz%2BMaciak%2B%25E2%2580%2593%2BBialystok%2BUniversity%2Bof%2BTechnology&lang=en";
2025-01-05 12:10:15 [knowledge_scraper.pipelines] INFO: Validation: set field to null - ScientistItem - validate_and_null: value corresponding to key "position" is None. Nothing to do -> identifier: "af374d0e-50cf-550f-bd5d-a6c0e64b6414"; name: "MSc Dagna Swinarska"; profile_url: "https://bazawiedzy.pb.edu.pl/info/author/BUTd8d89961f2e648f6bb384b2c51ac7473?r=author&tab=&title=Person%2Bprofile%2B%25E2%2580%2593%2BDagna%2BSwinarska%2B%25E2%2580%2593%2BBialystok%2BUniversity%2Bof%2BTechnology&lang=en";
2025-01-05 12:10:15 [knowledge_scraper.pipelines] INFO: Validation: set field to null - ScientistItem - validate_and_null: value corresponding to key "email" is None. Nothing to do -> identifier: "af374d0e-50cf-550f-bd5d-a6c0e64b6414"; name: "MSc Dagna Swinarska"; profile_url: "https://bazawiedzy.pb.edu.pl/info/author/BUTd8d89961f2e648f6bb384b2c51ac7473?r=author&tab=&title=Person%2Bprofile%2B%25E2%2580%2593%2BDagna%2BSwinarska%2B%25E2%2580%2593%2BBialystok%2BUniversity%2Bof%2BTechnology&lang=en";
2025-01-05 12:10:16 [knowledge_scraper.pipelines] INFO: Validation: set field to null - ScientistItem - validate_and_null: value corresponding to key "position" is None. Nothing to do -> identifier: "1a0479d8-d146-54de-937c-e536081e4a80"; name: "PhD Emilia Zamojska"; profile_url: "https://bazawiedzy.pb.edu.pl/info/author/BUTcc01a048de124652bd6fce0339ed5538?r=author&tab=&title=Person%2Bprofile%2B%25E2%2580%2593%2BEmilia%2BZamojska%2B%25E2%2580%2593%2BBialystok%2BUniversity%2Bof%2BTechnology&lang=en";
2025-01-05 12:10:16 [knowledge_scraper.pipelines] INFO: Validation: set field to null - ScientistItem - validate_and_null: value corresponding to key "email" is None. Nothing to do -> identifier: "1a0479d8-d146-54de-937c-e536081e4a80"; name: "PhD Emilia Zamojska"; profile_url: "https://bazawiedzy.pb.edu.pl/info/author/BUTcc01a048de124652bd6fce0339ed5538?r=author&tab=&title=Person%2Bprofile%2B%25E2%2580%2593%2BEmilia%2BZamojska%2B%25E2%2580%2593%2BBialystok%2BUniversity%2Bof%2BTechnology&lang=en";
2025-01-05 12:10:16 [knowledge_scraper.pipelines] INFO: Validation: set field to null - ScientistItem - validate_and_null: value corresponding to key "position" is None. Nothing to do -> identifier: "d6b1c38d-e519-52da-bfec-d9c2696e45ac"; name: "MSc Katarzyna Wysocka"; profile_url: "https://bazawiedzy.pb.edu.pl/info/author/BUTb6ee914efd26418dadc75aad02696e1e?r=author&tab=&title=Person%2Bprofile%2B%25E2%2580%2593%2BKatarzyna%2BWysocka%2B%25E2%2580%2593%2BBialystok%2BUniversity%2Bof%2BTechnology&lang=en";
2025-01-05 12:10:16 [knowledge_scraper.pipelines] INFO: Validation: set field to null - ScientistItem - validate_and_null: value corresponding to key "email" is None. Nothing to do -> identifier: "d6b1c38d-e519-52da-bfec-d9c2696e45ac"; name: "MSc Katarzyna Wysocka"; profile_url: "https://bazawiedzy.pb.edu.pl/info/author/BUTb6ee914efd26418dadc75aad02696e1e?r=author&tab=&title=Person%2Bprofile%2B%25E2%2580%2593%2BKatarzyna%2BWysocka%2B%25E2%2580%2593%2BBialystok%2BUniversity%2Bof%2BTechnology&lang=en";
2025-01-05 12:10:20 [knowledge_scraper.pipelines] INFO: Validation: set field to null - ScientistItem - validate_and_null: value corresponding to key "position" is None. Nothing to do -> identifier: "bf7112fc-00f0-5890-a564-c44e5bcb764d"; name: "PhD Mariusz Gorustowicz"; profile_url: "https://bazawiedzy.pb.edu.pl/info/author/BUTaeaa407abb6941a6a8c9e87e28116bd0?r=author&tab=&title=Person%2Bprofile%2B%25E2%2580%2593%2BMariusz%2BGorustowicz%2B%25E2%2580%2593%2BBialystok%2BUniversity%2Bof%2BTechnology&lang=en";
2025-01-05 12:10:24 [knowledge_scraper.pipelines] INFO: Validation: set field to null - ScientistItem - validate_and_null: value corresponding to key "position" is None. Nothing to do -> identifier: "bbb6facf-db0e-5a8b-82b3-f3dd5379554c"; name: "PhD Sławomir Łazarski"; profile_url: "https://bazawiedzy.pb.edu.pl/info/author/BUTad028b63361e497483fb65fa5030b491?r=author&tab=&title=Person%2Bprofile%2B%25E2%2580%2593%2BS%25C5%2582awomir%2B%25C5%2581azarski%2B%25E2%2580%2593%2BBialystok%2BUniversity%2Bof%2BTechnology&lang=en";
2025-01-05 12:10:24 [knowledge_scraper.pipelines] INFO: Validation: set field to null - ScientistItem - validate_and_null: value corresponding to key "email" is None. Nothing to do -> identifier: "bbb6facf-db0e-5a8b-82b3-f3dd5379554c"; name: "PhD Sławomir Łazarski"; profile_url: "https://bazawiedzy.pb.edu.pl/info/author/BUTad028b63361e497483fb65fa5030b491?r=author&tab=&title=Person%2Bprofile%2B%25E2%2580%2593%2BS%25C5%2582awomir%2B%25C5%2581azarski%2B%25E2%2580%2593%2BBialystok%2BUniversity%2Bof%2BTechnology&lang=en";
2025-01-05 12:10:24 [knowledge_scraper.pipelines] INFO: Validation: set field to null - BibliometricsItem - validate_and_null: provided key "h_index_scopus" is not in item -> identifier: "bcbf7868-d4c2-50cf-b985-e1380c1ffa8e"; scientist_id: "bbb6facf-db0e-5a8b-82b3-f3dd5379554c";
2025-01-05 12:10:27 [knowledge_scraper.pipelines] INFO: Validation: set field to null - ScientistItem - validate_and_null: value corresponding to key "position" is None. Nothing to do -> identifier: "01b77455-cc7d-51e1-b9a9-4426ec0b9150"; name: "MSc Piotr Szymkowski"; profile_url: "https://bazawiedzy.pb.edu.pl/info/author/BUTace63c4ae1774ff0956f6cf9904f4671?r=author&tab=&title=Person%2Bprofile%2B%25E2%2580%2593%2BPiotr%2BSzymkowski%2B%25E2%2580%2593%2BBialystok%2BUniversity%2Bof%2BTechnology&lang=en";
2025-01-05 12:10:32 [knowledge_scraper.pipelines] INFO: Validation: set field to null - ScientistItem - validate_and_null: value corresponding to key "position" is None. Nothing to do -> identifier: "a21e0d54-df12-5a58-bd80-6e91100b0bb0"; name: "PhD Paulina Wójtowicz"; profile_url: "https://bazawiedzy.pb.edu.pl/info/author/BUTa165de068a6e41119940c4ad776da7d2?r=author&tab=&title=Person%2Bprofile%2B%25E2%2580%2593%2BPaulina%2BW%25C3%25B3jtowicz%2B%25E2%2580%2593%2BBialystok%2BUniversity%2Bof%2BTechnology&lang=en";
2025-01-05 12:10:32 [knowledge_scraper.pipelines] INFO: Validation: set field to null - ScientistItem - validate_and_null: value corresponding to key "email" is None. Nothing to do -> identifier: "a21e0d54-df12-5a58-bd80-6e91100b0bb0"; name: "PhD Paulina Wójtowicz"; profile_url: "https://bazawiedzy.pb.edu.pl/info/author/BUTa165de068a6e41119940c4ad776da7d2?r=author&tab=&title=Person%2Bprofile%2B%25E2%2580%2593%2BPaulina%2BW%25C3%25B3jtowicz%2B%25E2%2580%2593%2BBialystok%2BUniversity%2Bof%2BTechnology&lang=en";
2025-01-05 12:10:37 [knowledge_scraper.pipelines] INFO: Validation: set field to null - ScientistItem - validate_and_null: value corresponding to key "position" is None. Nothing to do -> identifier: "9a5611ae-14ab-53cd-84fd-7d4293f0ef64"; name: "DSc Rafał Paluch"; profile_url: "https://bazawiedzy.pb.edu.pl/info/author/BUT77bf9719a8014d0c9dc0db5001f6b09a?r=author&tab=&title=Person%2Bprofile%2B%25E2%2580%2593%2BRafa%25C5%2582%2BPaluch%2B%25E2%2580%2593%2BBialystok%2BUniversity%2Bof%2BTechnology&lang=en";
2025-01-05 12:10:37 [knowledge_scraper.pipelines] INFO: Validation: set field to null - ScientistItem - validate_and_null: value corresponding to key "email" is None. Nothing to do -> identifier: "9a5611ae-14ab-53cd-84fd-7d4293f0ef64"; name: "DSc Rafał Paluch"; profile_url: "https://bazawiedzy.pb.edu.pl/info/author/BUT77bf9719a8014d0c9dc0db5001f6b09a?r=author&tab=&title=Person%2Bprofile%2B%25E2%2580%2593%2BRafa%25C5%2582%2BPaluch%2B%25E2%2580%2593%2BBialystok%2BUniversity%2Bof%2BTechnology&lang=en";
2025-01-05 12:10:37 [knowledge_scraper.pipelines] INFO: Validation: set field to null - BibliometricsItem - validate_and_null: provided key "h_index_scopus" is not in item -> identifier: "d620076e-b60e-529f-83c2-da94bc8bec49"; scientist_id: "9a5611ae-14ab-53cd-84fd-7d4293f0ef64";
2025-01-05 12:10:39 [knowledge_scraper.pipelines] INFO: Validation: set field to null - PublicationItem - validate_and_null: provided key "journal" is not in item -> identifier: "0ea5d517-1d2a-5fb6-983f-276d81fd3e8d"; title: "Robotic arm control system for Mars rover analogue"; scientist_id: "c1e35883-9dc2-5ed8-8b5a-207afaebe9ea";
2025-01-05 12:10:39 [knowledge_scraper.pipelines] INFO: Validation: set field to null - PublicationItem - validate_and_null: provided key "publisher" is not in item -> identifier: "0ea5d517-1d2a-5fb6-983f-276d81fd3e8d"; title: "Robotic arm control system for Mars rover analogue"; scientist_id: "c1e35883-9dc2-5ed8-8b5a-207afaebe9ea";
2025-01-05 12:10:44 [knowledge_scraper.pipelines] INFO: Validation: set field to null - PublicationItem - validate_and_null: provided key "journal" is not in item -> identifier: "40b03cfc-432c-5e38-93c8-0088386206f9"; title: "Versatile soil sampling system capable of collecting, transporting, storing and preliminary on-board analysis for Mars rover analogue"; scientist_id: "c1e35883-9dc2-5ed8-8b5a-207afaebe9ea";
2025-01-05 12:10:44 [knowledge_scraper.pipelines] INFO: Validation: set field to null - PublicationItem - validate_and_null: provided key "publisher" is not in item -> identifier: "40b03cfc-432c-5e38-93c8-0088386206f9"; title: "Versatile soil sampling system capable of collecting, transporting, storing and preliminary on-board analysis for Mars rover analogue"; scientist_id: "c1e35883-9dc2-5ed8-8b5a-207afaebe9ea";
2025-01-05 12:10:45 [knowledge_scraper.pipelines] INFO: Validation: set field to null - PublicationItem - validate_and_null: provided key "journal" is not in item -> identifier: "69f0c8f3-724f-5747-acdd-1ccb70cb0111"; title: "Universal robotic arm system with interchangeable end effectors and advanced human - rover interface"; scientist_id: "c1e35883-9dc2-5ed8-8b5a-207afaebe9ea";
2025-01-05 12:10:45 [knowledge_scraper.pipelines] INFO: Validation: set field to null - PublicationItem - validate_and_null: provided key "publisher" is not in item -> identifier: "69f0c8f3-724f-5747-acdd-1ccb70cb0111"; title: "Universal robotic arm system with interchangeable end effectors and advanced human - rover interface"; scientist_id: "c1e35883-9dc2-5ed8-8b5a-207afaebe9ea";
2025-01-05 12:10:46 [knowledge_scraper.pipelines] INFO: Validation: set field to null - PublicationItem - validate_and_null: provided key "journal" is not in item -> identifier: "57dd303e-a367-5a64-97d2-e81df1734e91"; title: "Quick Prototyping of Manipulator Control System with PLC Controller"; scientist_id: "c1e35883-9dc2-5ed8-8b5a-207afaebe9ea";
2025-01-05 12:10:46 [knowledge_scraper.pipelines] INFO: Validation: set field to null - PublicationItem - validate_and_null: provided key "publisher" is not in item -> identifier: "57dd303e-a367-5a64-97d2-e81df1734e91"; title: "Quick Prototyping of Manipulator Control System with PLC Controller"; scientist_id: "c1e35883-9dc2-5ed8-8b5a-207afaebe9ea";
2025-01-05 12:10:47 [knowledge_scraper.pipelines] INFO: Validation: set field to null - PublicationItem - validate_and_null: provided key "publisher" is not in item -> identifier: "9577bfdb-32c3-5250-9c44-75de904b6feb"; title: "Versatile Soil Sampling System Capable of Collecting, Transporting, Storing and Preliminary Onboard Analysis for Mars Rover Analogue"; scientist_id: "c1e35883-9dc2-5ed8-8b5a-207afaebe9ea";
2025-01-05 12:10:48 [knowledge_scraper.pipelines] INFO: Validation: set field to null - PublicationItem - validate_and_null: provided key "publisher" is not in item -> identifier: "74d2cd01-4e1f-52ea-ba41-313c51c66681"; title: "Robotic Arm Control Using Phantom Device"; scientist_id: "c1e35883-9dc2-5ed8-8b5a-207afaebe9ea";
2025-01-05 12:10:48 [knowledge_scraper.pipelines] INFO: Validation: set field to null - PublicationItem - validate_and_null: provided key "journal" is not in item -> identifier: "45437920-0e99-5e00-b832-14479992c0cb"; title: "Telemetric System of Six Degrees of Freedom Manipulator"; scientist_id: "c1e35883-9dc2-5ed8-8b5a-207afaebe9ea";
2025-01-05 12:10:48 [knowledge_scraper.pipelines] INFO: Validation: set field to null - PublicationItem - validate_and_null: provided key "publisher" is not in item -> identifier: "45437920-0e99-5e00-b832-14479992c0cb"; title: "Telemetric System of Six Degrees of Freedom Manipulator"; scientist_id: "c1e35883-9dc2-5ed8-8b5a-207afaebe9ea";
2025-01-05 12:10:50 [pb] INFO: get_page_count: total page count could no be found - assuming it's 1
2025-01-05 12:10:51 [pb] INFO: get_page_count: total page count could no be found - assuming it's 1
2025-01-05 12:10:52 [pb] INFO: get_page_count: total page count could no be found - assuming it's 1
2025-01-05 12:10:53 [pb] INFO: get_page_count: total page count could no be found - assuming it's 1
2025-01-05 12:10:53 [pb] INFO: get_page_count: total page count could no be found - assuming it's 1
2025-01-05 12:10:53 [pb] INFO: get_page_count: total page count could no be found - assuming it's 1
2025-01-05 12:10:58 [scrapy.extensions.logstats] INFO: Crawled 379 pages (at 44 pages/min), scraped 424 items (at 48 items/min)
2025-01-05 12:10:59 [pb] INFO: get_page_count: total page count could no be found - assuming it's 1
2025-01-05 12:11:03 [pb] INFO: get_page_count: total page count could no be found - assuming it's 1
2025-01-05 12:11:09 [pb] INFO: get_page_count: total page count could no be found - assuming it's 1
2025-01-05 12:11:10 [pb] INFO: get_page_count: total page count could no be found - assuming it's 1
2025-01-05 12:11:10 [knowledge_scraper.pipelines] INFO: Validation: set field to null - PublicationItem - validate_and_null: provided key "journal" is not in item -> identifier: "5095c6f0-221e-5d6d-831b-4366858f3e63"; title: "Wpływ braku ingerencji człowieka na stan zachowania przedmiotu ochrony wybranych rezerwatów przyrody"; scientist_id: "9a5611ae-14ab-53cd-84fd-7d4293f0ef64";
2025-01-05 12:11:10 [knowledge_scraper.pipelines] INFO: Validation: set field to null - PublicationItem - validate_and_null: provided key "publisher" is not in item -> identifier: "5095c6f0-221e-5d6d-831b-4366858f3e63"; title: "Wpływ braku ingerencji człowieka na stan zachowania przedmiotu ochrony wybranych rezerwatów przyrody"; scientist_id: "9a5611ae-14ab-53cd-84fd-7d4293f0ef64";
2025-01-05 12:11:10 [knowledge_scraper.pipelines] INFO: Validation: set field to null - PublicationItem - validate_and_null: provided key "ministerial_score" is not in item -> identifier: "5095c6f0-221e-5d6d-831b-4366858f3e63"; title: "Wpływ braku ingerencji człowieka na stan zachowania przedmiotu ochrony wybranych rezerwatów przyrody"; scientist_id: "9a5611ae-14ab-53cd-84fd-7d4293f0ef64";
2025-01-05 12:11:10 [knowledge_scraper.pipelines] INFO: Validation: set field to null - PublicationItem - validate_and_null: provided key "journal" is not in item -> identifier: "3e991207-5413-5b24-9368-026837e061cb"; title: "Wieloletnie zmiany składu gatunkowego i struktury drzewostanów naturalnych z udziałem dębu szypułkowego (Quercus robur L.) w obiektach chronionych północno-wschodniej Polski"; scientist_id: "9a5611ae-14ab-53cd-84fd-7d4293f0ef64";
2025-01-05 12:11:10 [knowledge_scraper.pipelines] INFO: Validation: set field to null - PublicationItem - validate_and_null: provided key "publisher" is not in item -> identifier: "3e991207-5413-5b24-9368-026837e061cb"; title: "Wieloletnie zmiany składu gatunkowego i struktury drzewostanów naturalnych z udziałem dębu szypułkowego (Quercus robur L.) w obiektach chronionych północno-wschodniej Polski"; scientist_id: "9a5611ae-14ab-53cd-84fd-7d4293f0ef64";
2025-01-05 12:11:10 [knowledge_scraper.pipelines] INFO: Validation: set field to null - PublicationItem - validate_and_null: provided key "ministerial_score" is not in item -> identifier: "3e991207-5413-5b24-9368-026837e061cb"; title: "Wieloletnie zmiany składu gatunkowego i struktury drzewostanów naturalnych z udziałem dębu szypułkowego (Quercus robur L.) w obiektach chronionych północno-wschodniej Polski"; scientist_id: "9a5611ae-14ab-53cd-84fd-7d4293f0ef64";
2025-01-05 12:11:11 [knowledge_scraper.pipelines] INFO: Validation: set field to null - PublicationItem - validate_and_null: provided key "journal" is not in item -> identifier: "5156369f-1545-5cc2-98ad-04b6f9a9d6c8"; title: "Improvement of PLCs Programming to Operate in an ModBus Industrial Network"; scientist_id: "c1e35883-9dc2-5ed8-8b5a-207afaebe9ea";
2025-01-05 12:11:11 [knowledge_scraper.pipelines] INFO: Validation: set field to null - PublicationItem - validate_and_null: provided key "publisher" is not in item -> identifier: "5156369f-1545-5cc2-98ad-04b6f9a9d6c8"; title: "Improvement of PLCs Programming to Operate in an ModBus Industrial Network"; scientist_id: "c1e35883-9dc2-5ed8-8b5a-207afaebe9ea";
2025-01-05 12:11:14 [knowledge_scraper.pipelines] INFO: Validation: set field to null - PublicationItem - validate_and_null: provided key "journal" is not in item -> identifier: "68468b2b-d323-5627-9a4d-b43dd4c412f9"; title: "Control of robotic arm for Mars rover analogue"; scientist_id: "c1e35883-9dc2-5ed8-8b5a-207afaebe9ea";
2025-01-05 12:11:14 [knowledge_scraper.pipelines] INFO: Validation: set field to null - PublicationItem - validate_and_null: provided key "publisher" is not in item -> identifier: "68468b2b-d323-5627-9a4d-b43dd4c412f9"; title: "Control of robotic arm for Mars rover analogue"; scientist_id: "c1e35883-9dc2-5ed8-8b5a-207afaebe9ea";
2025-01-05 12:11:15 [knowledge_scraper.pipelines] INFO: Validation: set field to null - PublicationItem - validate_and_null: provided key "journal" is not in item -> identifier: "48fe8565-112f-5471-ba49-abef30c5045b"; title: "Attributes of pro-innovation organizational culture in the opinion of doctors - perspective of Polish hospitals"; scientist_id: "4f4bb4a5-b9fa-5cc2-8749-00b069d5303e";
2025-01-05 12:11:15 [knowledge_scraper.pipelines] INFO: Validation: set field to null - PublicationItem - validate_and_null: provided key "publisher" is not in item -> identifier: "48fe8565-112f-5471-ba49-abef30c5045b"; title: "Attributes of pro-innovation organizational culture in the opinion of doctors - perspective of Polish hospitals"; scientist_id: "4f4bb4a5-b9fa-5cc2-8749-00b069d5303e";
2025-01-05 12:11:16 [knowledge_scraper.pipelines] INFO: Validation: set field to null - PublicationItem - validate_and_null: provided key "journal" is not in item -> identifier: "855377ca-32a2-5683-bb01-2c5db80f8be6"; title: "Badanie płac w sektorze medycznym"; scientist_id: "4f4bb4a5-b9fa-5cc2-8749-00b069d5303e";
2025-01-05 12:11:17 [knowledge_scraper.pipelines] INFO: Validation: set field to null - PublicationItem - validate_and_null: provided key "publisher" is not in item -> identifier: "fd2c69c6-18b5-5cc9-8934-84f88bb2ee2d"; title: "The impact of human resource management on the innovativeness of public hospitals in Poland"; scientist_id: "4f4bb4a5-b9fa-5cc2-8749-00b069d5303e";
2025-01-05 12:11:17 [knowledge_scraper.pipelines] INFO: Validation: set field to null - PublicationItem - validate_and_null: provided key "publisher" is not in item -> identifier: "ae2eedea-df33-57b7-9f56-b0220919ddac"; title: "Shaping innovation-oriented employability - experience of public hospitals"; scientist_id: "4f4bb4a5-b9fa-5cc2-8749-00b069d5303e";
2025-01-05 12:11:17 [knowledge_scraper.pipelines] INFO: Validation: set field to null - PublicationItem - validate_and_null: provided key "publisher" is not in item -> identifier: "64e78023-2fd9-5448-9ee6-18f9acc5c457"; title: "Employee Appraisal as the Tool of the Pro-innovative Organizational Culture Formation in Hospitals"; scientist_id: "4f4bb4a5-b9fa-5cc2-8749-00b069d5303e";
2025-01-05 12:11:18 [knowledge_scraper.pipelines] INFO: Validation: set field to null - PublicationItem - validate_and_null: provided key "publisher" is not in item -> identifier: "c2ce94a3-05c1-562d-b82f-d844ab19ffde"; title: "Molecular detection of Trypanosomaspp. in Lipoptena cervi and Lipoptena fortisetosa(Diptera: Hippoboscidae) and their potential role in the transmission of pathogens"; scientist_id: "03c73614-c93a-552a-a863-80cb1fa1459d";
2025-01-05 12:11:18 [knowledge_scraper.pipelines] INFO: Validation: set field to null - PublicationItem - validate_and_null: provided key "publisher" is not in item -> identifier: "ffaff7c9-18ab-5ca5-9730-9f1af02bb3ea"; title: "Propozycja mieszanego przetwarzania półstrukturalnego modelu opisu zdarzeń z akcji ratowniczo-gaśniczych Państwowej Straży Pożarnej PSP"; scientist_id: "dfb23bc5-2040-57f1-abcf-a8ade2a0b8c3";
2025-01-05 12:11:19 [knowledge_scraper.pipelines] INFO: Validation: set field to null - PublicationItem - validate_and_null: provided key "publisher" is not in item -> identifier: "22eb5034-e89c-580a-974a-bc1acbe8508a"; title: "Ocena rozkładu obciążeń stóp kobiet ciężarnych na podłoże podczas chodu"; scientist_id: "af374d0e-50cf-550f-bd5d-a6c0e64b6414";
2025-01-05 12:11:19 [knowledge_scraper.pipelines] INFO: Validation: set field to null - PublicationItem - validate_and_null: provided key "journal" is not in item -> identifier: "15c2ed24-c891-54c6-bf52-6bc38257badd"; title: "Analiza biomechaniczna chodu kobiet ciężarnych"; scientist_id: "af374d0e-50cf-550f-bd5d-a6c0e64b6414";
2025-01-05 12:11:19 [knowledge_scraper.pipelines] INFO: Validation: set field to null - PublicationItem - validate_and_null: provided key "publisher" is not in item -> identifier: "15c2ed24-c891-54c6-bf52-6bc38257badd"; title: "Analiza biomechaniczna chodu kobiet ciężarnych"; scientist_id: "af374d0e-50cf-550f-bd5d-a6c0e64b6414";
2025-01-05 12:11:20 [knowledge_scraper.pipelines] INFO: Validation: set field to null - PublicationItem - validate_and_null: provided key "journal" is not in item -> identifier: "5b206fcc-31dd-5125-8556-4827191f843a"; title: "Metale ciężkie w środowisku wodnym"; scientist_id: "1a0479d8-d146-54de-937c-e536081e4a80";
2025-01-05 12:11:20 [knowledge_scraper.pipelines] INFO: Validation: set field to null - PublicationItem - validate_and_null: provided key "publisher" is not in item -> identifier: "5b206fcc-31dd-5125-8556-4827191f843a"; title: "Metale ciężkie w środowisku wodnym"; scientist_id: "1a0479d8-d146-54de-937c-e536081e4a80";
2025-01-05 12:11:20 [knowledge_scraper.pipelines] INFO: Validation: set field to null - PublicationItem - validate_and_null: provided key "journal" is not in item -> identifier: "ed0472fb-ab77-5c11-bbd6-2914930cf3fd"; title: "Chlorofil „a” w badaniach stanu troficznego wód powierzchniowych na przykładzie zbiornika Topiło"; scientist_id: "d6b1c38d-e519-52da-bfec-d9c2696e45ac";
2025-01-05 12:11:20 [knowledge_scraper.pipelines] INFO: Validation: set field to null - PublicationItem - validate_and_null: provided key "publisher" is not in item -> identifier: "ed0472fb-ab77-5c11-bbd6-2914930cf3fd"; title: "Chlorofil „a” w badaniach stanu troficznego wód powierzchniowych na przykładzie zbiornika Topiło"; scientist_id: "d6b1c38d-e519-52da-bfec-d9c2696e45ac";
2025-01-05 12:11:20 [knowledge_scraper.pipelines] INFO: Validation: set field to null - PublicationItem - validate_and_null: provided key "publisher" is not in item -> identifier: "f6556503-697c-53f0-bc08-ed2d0a3e0444"; title: "Influence of Ammonia Concentration on Solvay Soda Process Parameters and Associated Environmental and Energetic Effects"; scientist_id: "bbb6facf-db0e-5a8b-82b3-f3dd5379554c";
2025-01-05 12:11:21 [knowledge_scraper.pipelines] INFO: Validation: set field to null - PublicationItem - validate_and_null: provided key "journal" is not in item -> identifier: "68f1d797-d3b9-5cb6-9161-ee238d454e56"; title: "Minutiae searching algorithm within ill eye ophthalmoscopy image"; scientist_id: "01b77455-cc7d-51e1-b9a9-4426ec0b9150";
2025-01-05 12:11:21 [knowledge_scraper.pipelines] INFO: Validation: set field to null - PublicationItem - validate_and_null: provided key "publisher" is not in item -> identifier: "68f1d797-d3b9-5cb6-9161-ee238d454e56"; title: "Minutiae searching algorithm within ill eye ophthalmoscopy image"; scientist_id: "01b77455-cc7d-51e1-b9a9-4426ec0b9150";
2025-01-05 12:11:21 [knowledge_scraper.pipelines] INFO: Validation: set field to null - PublicationItem - validate_and_null: provided key "journal" is not in item -> identifier: "06015ee9-c9ba-5aba-aedf-085197ea5be4"; title: "Metody wyznaczania odległości punktu zrzutu ścieków od przekroju ich całkowitego wymieszania z wodami odbiornika"; scientist_id: "a21e0d54-df12-5a58-bd80-6e91100b0bb0";
2025-01-05 12:11:21 [knowledge_scraper.pipelines] INFO: Validation: set field to null - PublicationItem - validate_and_null: provided key "publisher" is not in item -> identifier: "06015ee9-c9ba-5aba-aedf-085197ea5be4"; title: "Metody wyznaczania odległości punktu zrzutu ścieków od przekroju ich całkowitego wymieszania z wodami odbiornika"; scientist_id: "a21e0d54-df12-5a58-bd80-6e91100b0bb0";
2025-01-05 12:11:22 [knowledge_scraper.pipelines] INFO: Validation: set field to null - PublicationItem - validate_and_null: provided key "publisher" is not in item -> identifier: "e1ed8aac-8bdb-5578-b35f-d31619d5fa14"; title: "European silver fir – an alternative for the dying Norway spruce in Białowieża Forest?"; scientist_id: "9a5611ae-14ab-53cd-84fd-7d4293f0ef64";
2025-01-05 12:11:22 [knowledge_scraper.pipelines] INFO: Validation: set field to null - PublicationItem - validate_and_null: provided key "publisher" is not in item -> identifier: "6e9d3460-441e-50da-8d56-ca9880ac0425"; title: "Air pollution in Białowieża Forest: analysis of short-term trends from 2014 to 2021"; scientist_id: "9a5611ae-14ab-53cd-84fd-7d4293f0ef64";
2025-01-05 12:11:22 [knowledge_scraper.pipelines] INFO: Validation: set field to null - PublicationItem - validate_and_null: provided key "journal" is not in item -> identifier: "d830d4e0-538d-5fee-8719-d988cd1d871c"; title: "Extraction and Classification of Blood Vessel Minutiae in the Image of a Diseased Human Retina "; scientist_id: "01b77455-cc7d-51e1-b9a9-4426ec0b9150";
2025-01-05 12:11:22 [knowledge_scraper.pipelines] INFO: Validation: set field to null - PublicationItem - validate_and_null: provided key "publisher" is not in item -> identifier: "d830d4e0-538d-5fee-8719-d988cd1d871c"; title: "Extraction and Classification of Blood Vessel Minutiae in the Image of a Diseased Human Retina "; scientist_id: "01b77455-cc7d-51e1-b9a9-4426ec0b9150";
2025-01-05 12:11:23 [knowledge_scraper.pipelines] INFO: Validation: set field to null - PublicationItem - validate_and_null: provided key "publisher" is not in item -> identifier: "ba2e5cf7-470d-5f22-9682-fd2b886a2e35"; title: "A Proposal of Signature Verification Using Minutia"; scientist_id: "01b77455-cc7d-51e1-b9a9-4426ec0b9150";
2025-01-05 12:11:23 [knowledge_scraper.pipelines] INFO: Validation: set field to null - PublicationItem - validate_and_null: provided key "journal" is not in item -> identifier: "1c1446f8-6896-592f-9e81-5c2d2eefc3ef"; title: "SVM Based Hiragana and Katakana Recognition Algorithm with Neural Network Based Segmentation"; scientist_id: "01b77455-cc7d-51e1-b9a9-4426ec0b9150";
2025-01-05 12:11:23 [knowledge_scraper.pipelines] INFO: Validation: set field to null - PublicationItem - validate_and_null: provided key "publisher" is not in item -> identifier: "1c1446f8-6896-592f-9e81-5c2d2eefc3ef"; title: "SVM Based Hiragana and Katakana Recognition Algorithm with Neural Network Based Segmentation"; scientist_id: "01b77455-cc7d-51e1-b9a9-4426ec0b9150";
2025-01-05 12:11:24 [knowledge_scraper.pipelines] INFO: Validation: set field to null - PublicationItem - validate_and_null: provided key "journal" is not in item -> identifier: "b3242605-9688-56e8-a12b-f567b099fe25"; title: "Visualization of the Evacuation Process Including People with Heart Diseases"; scientist_id: "01b77455-cc7d-51e1-b9a9-4426ec0b9150";
2025-01-05 12:11:24 [knowledge_scraper.pipelines] INFO: Validation: set field to null - PublicationItem - validate_and_null: provided key "publisher" is not in item -> identifier: "b3242605-9688-56e8-a12b-f567b099fe25"; title: "Visualization of the Evacuation Process Including People with Heart Diseases"; scientist_id: "01b77455-cc7d-51e1-b9a9-4426ec0b9150";
2025-01-05 12:11:24 [knowledge_scraper.pipelines] INFO: Validation: set field to null - PublicationItem - validate_and_null: provided key "publisher" is not in item -> identifier: "88c9d87a-07be-5c2f-b250-b1d1d4e27f22"; title: "Hiragana and Katakana Minutiae based Recognition System"; scientist_id: "01b77455-cc7d-51e1-b9a9-4426ec0b9150";
2025-01-05 12:11:24 [knowledge_scraper.pipelines] INFO: Validation: set field to null - PublicationItem - validate_and_null: provided key "publisher" is not in item -> identifier: "ebd18667-5723-5083-acf3-0de7b4b590d0"; title: "Handwriting Verification Combining Minutiae Matching and DP Matching"; scientist_id: "01b77455-cc7d-51e1-b9a9-4426ec0b9150";
2025-01-05 12:11:25 [knowledge_scraper.pipelines] INFO: Validation: set field to null - PublicationItem - validate_and_null: provided key "publisher" is not in item -> identifier: "87172913-5c36-511f-93ab-681b86380ab1"; title: "Signature Verification Using Minutiae Matching and Machine Learning"; scientist_id: "01b77455-cc7d-51e1-b9a9-4426ec0b9150";
2025-01-05 12:11:25 [knowledge_scraper.pipelines] INFO: Validation: set field to null - PublicationItem - validate_and_null: provided key "publisher" is not in item -> identifier: "baaa1804-2ff7-5bf4-837b-c799fc6cb35f"; title: "Segmentation of Microscope Erythrocyte Images by CNN-Enhanced Algorithms"; scientist_id: "01b77455-cc7d-51e1-b9a9-4426ec0b9150";
2025-01-05 12:11:25 [knowledge_scraper.pipelines] INFO: Validation: set field to null - PublicationItem - validate_and_null: provided key "journal" is not in item -> identifier: "d9ab438a-676c-5c10-84e8-0c495d1a9fba"; title: "Proposal of Online Handwritten Signature Authentication Using Minutiae Matching for Kanji Characters"; scientist_id: "01b77455-cc7d-51e1-b9a9-4426ec0b9150";
2025-01-05 12:11:25 [knowledge_scraper.pipelines] INFO: Validation: set field to null - PublicationItem - validate_and_null: provided key "publisher" is not in item -> identifier: "d9ab438a-676c-5c10-84e8-0c495d1a9fba"; title: "Proposal of Online Handwritten Signature Authentication Using Minutiae Matching for Kanji Characters"; scientist_id: "01b77455-cc7d-51e1-b9a9-4426ec0b9150";
2025-01-05 12:11:26 [knowledge_scraper.pipelines] INFO: Validation: set field to null - PublicationItem - validate_and_null: provided key "publisher" is not in item -> identifier: "27c5611c-a320-5e44-b020-2176e1d551c5"; title: "Classification of Japanese Handwritten Characters Using Biometrics Approach"; scientist_id: "01b77455-cc7d-51e1-b9a9-4426ec0b9150";
2025-01-05 12:11:26 [knowledge_scraper.pipelines] INFO: Validation: set field to null - PublicationItem - validate_and_null: provided key "publisher" is not in item -> identifier: "a2bccb28-05f4-59d1-b975-eddde8d4ded5"; title: "Changes in Synthetic Soda Ash Production and Its Consequences for the Environment"; scientist_id: "bbb6facf-db0e-5a8b-82b3-f3dd5379554c";
2025-01-05 12:11:27 [knowledge_scraper.pipelines] INFO: Validation: set field to null - PublicationItem - validate_and_null: provided key "publisher" is not in item -> identifier: "2f9c1178-0442-59b6-80f6-e33780def75b"; title: "Study on the Effect of Dedicated Microelement Mixture (DMM) on the Kick-Off Phase of the Digester and Stabilization of the Methane Fermentation Process"; scientist_id: "bbb6facf-db0e-5a8b-82b3-f3dd5379554c";
2025-01-05 12:11:27 [knowledge_scraper.pipelines] INFO: Validation: set field to null - PublicationItem - validate_and_null: provided key "publisher" is not in item -> identifier: "32a76598-ac55-524c-82f0-bbc31ccc2610"; title: "Biogas Production—The Effect of the Zinc Concentration on the Profile of Volatile Fatty Acids in Fermentation Mixtures"; scientist_id: "bbb6facf-db0e-5a8b-82b3-f3dd5379554c";
2025-01-05 12:11:28 [knowledge_scraper.pipelines] INFO: Validation: set field to null - PublicationItem - validate_and_null: provided key "journal" is not in item -> identifier: "f4513fa7-97a7-5e4c-914d-aaa79a3f36c1"; title: "Problematyka małej retencji wodnej na Podlasiu"; scientist_id: "d6b1c38d-e519-52da-bfec-d9c2696e45ac";
2025-01-05 12:11:28 [knowledge_scraper.pipelines] INFO: Validation: set field to null - PublicationItem - validate_and_null: provided key "publisher" is not in item -> identifier: "f4513fa7-97a7-5e4c-914d-aaa79a3f36c1"; title: "Problematyka małej retencji wodnej na Podlasiu"; scientist_id: "d6b1c38d-e519-52da-bfec-d9c2696e45ac";
2025-01-05 12:11:28 [knowledge_scraper.pipelines] INFO: Validation: set field to null - PublicationItem - validate_and_null: provided key "journal" is not in item -> identifier: "60374bbc-427d-5056-81f9-3e5c17ce211d"; title: "Problematyka małej retencji na przykładzie zbiornika wodnego Dojlidy"; scientist_id: "d6b1c38d-e519-52da-bfec-d9c2696e45ac";
2025-01-05 12:11:28 [knowledge_scraper.pipelines] INFO: Validation: set field to null - PublicationItem - validate_and_null: provided key "publisher" is not in item -> identifier: "60374bbc-427d-5056-81f9-3e5c17ce211d"; title: "Problematyka małej retencji na przykładzie zbiornika wodnego Dojlidy"; scientist_id: "d6b1c38d-e519-52da-bfec-d9c2696e45ac";
2025-01-05 12:11:29 [knowledge_scraper.pipelines] INFO: Validation: set field to null - PublicationItem - validate_and_null: provided key "journal" is not in item -> identifier: "740c6438-bf9d-5eb0-8c5c-150933b589bc"; title: "Problematyka małej retencji na przykładzie zbiornika wodnego Dojlidy"; scientist_id: "d6b1c38d-e519-52da-bfec-d9c2696e45ac";
2025-01-05 12:11:29 [knowledge_scraper.pipelines] INFO: Validation: set field to null - PublicationItem - validate_and_null: provided key "publisher" is not in item -> identifier: "740c6438-bf9d-5eb0-8c5c-150933b589bc"; title: "Problematyka małej retencji na przykładzie zbiornika wodnego Dojlidy"; scientist_id: "d6b1c38d-e519-52da-bfec-d9c2696e45ac";
2025-01-05 12:11:29 [knowledge_scraper.pipelines] INFO: Validation: set field to null - PublicationItem - validate_and_null: provided key "journal" is not in item -> identifier: "50b4c0a3-cd9f-5ffa-97f7-693a8d161c04"; title: "Problematyka przydomowych oczyszczalni ścieków na terenach wiejskich"; scientist_id: "d6b1c38d-e519-52da-bfec-d9c2696e45ac";
2025-01-05 12:11:29 [knowledge_scraper.pipelines] INFO: Validation: set field to null - PublicationItem - validate_and_null: provided key "publisher" is not in item -> identifier: "50b4c0a3-cd9f-5ffa-97f7-693a8d161c04"; title: "Problematyka przydomowych oczyszczalni ścieków na terenach wiejskich"; scientist_id: "d6b1c38d-e519-52da-bfec-d9c2696e45ac";
2025-01-05 12:11:29 [knowledge_scraper.pipelines] INFO: Validation: set field to null - PublicationItem - validate_and_null: provided key "journal" is not in item -> identifier: "8b8fd6d4-e489-5751-896c-391c6026f11b"; title: "Rolnictwo ekologiczne w północno-wschodniej Polsce"; scientist_id: "d6b1c38d-e519-52da-bfec-d9c2696e45ac";
2025-01-05 12:11:29 [knowledge_scraper.pipelines] INFO: Validation: set field to null - PublicationItem - validate_and_null: provided key "publisher" is not in item -> identifier: "8b8fd6d4-e489-5751-896c-391c6026f11b"; title: "Rolnictwo ekologiczne w północno-wschodniej Polsce"; scientist_id: "d6b1c38d-e519-52da-bfec-d9c2696e45ac";
2025-01-05 12:11:30 [knowledge_scraper.pipelines] INFO: Validation: set field to null - PublicationItem - validate_and_null: provided key "publisher" is not in item -> identifier: "3c7dd6ee-74d4-5f5c-9138-04a0ae1dbc16"; title: "Rozwój gospodarki wodno-ściekowej w województwie podlaskim w latach 2008–2015"; scientist_id: "d6b1c38d-e519-52da-bfec-d9c2696e45ac";
2025-01-05 12:11:30 [knowledge_scraper.pipelines] INFO: Validation: set field to null - PublicationItem - validate_and_null: provided key "publisher" is not in item -> identifier: "b57aad24-f71f-53e4-9c87-8d5a176c571b"; title: "Dynamics of nitrogen and phosphorus forms content in Dojlidy retention reservoir"; scientist_id: "d6b1c38d-e519-52da-bfec-d9c2696e45ac";
2025-01-05 12:11:31 [knowledge_scraper.pipelines] INFO: Validation: set field to null - PublicationItem - validate_and_null: provided key "journal" is not in item -> identifier: "7124615e-c0b3-5de3-8ea1-3e8fdeaf2bfc"; title: "Zmiany chemizmu gleb ornych w województwie podlaskim w latach 1995-2010"; scientist_id: "d6b1c38d-e519-52da-bfec-d9c2696e45ac";
2025-01-05 12:11:31 [knowledge_scraper.pipelines] INFO: Validation: set field to null - PublicationItem - validate_and_null: provided key "publisher" is not in item -> identifier: "7124615e-c0b3-5de3-8ea1-3e8fdeaf2bfc"; title: "Zmiany chemizmu gleb ornych w województwie podlaskim w latach 1995-2010"; scientist_id: "d6b1c38d-e519-52da-bfec-d9c2696e45ac";
2025-01-05 12:11:31 [knowledge_scraper.pipelines] INFO: Validation: set field to null - PublicationItem - validate_and_null: provided key "journal" is not in item -> identifier: "930c0535-82a3-5c73-92a0-f3bf6a43d0df"; title: "Zastosowanie wskaźnika koncentracji sieci kanalizacyjnej w ochronie środowiska naturalnego"; scientist_id: "d6b1c38d-e519-52da-bfec-d9c2696e45ac";
2025-01-05 12:11:31 [knowledge_scraper.pipelines] INFO: Validation: set field to null - PublicationItem - validate_and_null: provided key "publisher" is not in item -> identifier: "930c0535-82a3-5c73-92a0-f3bf6a43d0df"; title: "Zastosowanie wskaźnika koncentracji sieci kanalizacyjnej w ochronie środowiska naturalnego"; scientist_id: "d6b1c38d-e519-52da-bfec-d9c2696e45ac";
2025-01-05 12:11:32 [knowledge_scraper.pipelines] INFO: Validation: set field to null - PublicationItem - validate_and_null: provided key "journal" is not in item -> identifier: "c1dd59c4-e70e-5859-b60f-d141f95e12cd"; title: "Rozwój gospodarki wodno-ściekowej w województwie podlaskim w latach 2008-2015"; scientist_id: "d6b1c38d-e519-52da-bfec-d9c2696e45ac";
2025-01-05 12:11:32 [knowledge_scraper.pipelines] INFO: Validation: set field to null - PublicationItem - validate_and_null: provided key "publisher" is not in item -> identifier: "c1dd59c4-e70e-5859-b60f-d141f95e12cd"; title: "Rozwój gospodarki wodno-ściekowej w województwie podlaskim w latach 2008-2015"; scientist_id: "d6b1c38d-e519-52da-bfec-d9c2696e45ac";
2025-01-05 12:11:32 [knowledge_scraper.pipelines] INFO: Validation: set field to null - PublicationItem - validate_and_null: provided key "journal" is not in item -> identifier: "7a8fcecd-61ee-511b-83fe-cc991ec6a8ba"; title: "Impact of catchment area activities on water quality in small retention reservoirs"; scientist_id: "d6b1c38d-e519-52da-bfec-d9c2696e45ac";
2025-01-05 12:11:32 [knowledge_scraper.pipelines] INFO: Validation: set field to null - PublicationItem - validate_and_null: provided key "publisher" is not in item -> identifier: "7a8fcecd-61ee-511b-83fe-cc991ec6a8ba"; title: "Impact of catchment area activities on water quality in small retention reservoirs"; scientist_id: "d6b1c38d-e519-52da-bfec-d9c2696e45ac";
2025-01-05 12:11:33 [knowledge_scraper.pipelines] INFO: Validation: set field to null - PublicationItem - validate_and_null: provided key "publisher" is not in item -> identifier: "b05bd04b-0c82-5995-b2c8-875149d10f53"; title: "Impact of Catchment Area Activities on Water Quality in Small Retention Reservoirs"; scientist_id: "d6b1c38d-e519-52da-bfec-d9c2696e45ac";
2025-01-05 12:11:33 [knowledge_scraper.pipelines] INFO: Validation: set field to null - PublicationItem - validate_and_null: provided key "journal" is not in item -> identifier: "f8dfac91-50dc-5029-ac3f-3ef056525b32"; title: "Preliminary analysis of sewage management in Sokólski District"; scientist_id: "d6b1c38d-e519-52da-bfec-d9c2696e45ac";
2025-01-05 12:11:33 [knowledge_scraper.pipelines] INFO: Validation: set field to null - PublicationItem - validate_and_null: provided key "publisher" is not in item -> identifier: "f8dfac91-50dc-5029-ac3f-3ef056525b32"; title: "Preliminary analysis of sewage management in Sokólski District"; scientist_id: "d6b1c38d-e519-52da-bfec-d9c2696e45ac";
2025-01-05 12:11:33 [knowledge_scraper.pipelines] INFO: Validation: set field to null - PublicationItem - validate_and_null: provided key "journal" is not in item -> identifier: "616b5a44-3e18-5468-a03a-f0b5e3a25480"; title: "Vacuum sewage systems in rural areas"; scientist_id: "d6b1c38d-e519-52da-bfec-d9c2696e45ac";
2025-01-05 12:11:33 [knowledge_scraper.pipelines] INFO: Validation: set field to null - PublicationItem - validate_and_null: provided key "publisher" is not in item -> identifier: "616b5a44-3e18-5468-a03a-f0b5e3a25480"; title: "Vacuum sewage systems in rural areas"; scientist_id: "d6b1c38d-e519-52da-bfec-d9c2696e45ac";
2025-01-05 12:11:34 [knowledge_scraper.pipelines] INFO: Validation: set field to null - PublicationItem - validate_and_null: provided key "publisher" is not in item -> identifier: "99e36c12-8369-5c73-b6b6-24e58b303f39"; title: "The Choice of Location for a Community Water Treatment Plant Using the Ahp Method"; scientist_id: "d6b1c38d-e519-52da-bfec-d9c2696e45ac";
2025-01-05 12:11:34 [knowledge_scraper.pipelines] INFO: Validation: set field to null - PublicationItem - validate_and_null: provided key "publisher" is not in item -> identifier: "cf71bd4f-4af7-5977-ab53-f449cacba2ed"; title: "The Investment Expenditures on Environment Protection and Water Management in Poland in 2003–2017"; scientist_id: "d6b1c38d-e519-52da-bfec-d9c2696e45ac";
2025-01-05 12:11:35 [knowledge_scraper.pipelines] INFO: Validation: set field to null - PublicationItem - validate_and_null: provided key "publisher" is not in item -> identifier: "cca25d5b-14dd-52d8-a8fd-56546c629e5b"; title: "The Analysis of Expenditures for Sewage Management and Water Protection in Poland"; scientist_id: "d6b1c38d-e519-52da-bfec-d9c2696e45ac";
2025-01-05 12:11:35 [knowledge_scraper.pipelines] INFO: Validation: set field to null - PublicationItem - validate_and_null: provided key "publisher" is not in item -> identifier: "f7553113-09ea-57a6-81d0-9f5fe51eecef"; title: "Materials and Prices of Sewage and Water Systems in Poland"; scientist_id: "d6b1c38d-e519-52da-bfec-d9c2696e45ac";
2025-01-05 12:11:36 [knowledge_scraper.pipelines] INFO: Validation: set field to null - PublicationItem - validate_and_null: provided key "publisher" is not in item -> identifier: "b5ce395b-8c93-5e06-999f-cc3b3578787b"; title: "The impact of sewage treatment plant on the amount of heavy metals in water of the Supraśl river catchment area"; scientist_id: "1a0479d8-d146-54de-937c-e536081e4a80";
2025-01-05 12:11:36 [knowledge_scraper.pipelines] INFO: Validation: set field to null - PublicationItem - validate_and_null: provided key "publisher" is not in item -> identifier: "831cacba-34bf-573f-80aa-64e641d6775e"; title: "Pollution sources and water quality state of the Supraśl river"; scientist_id: "1a0479d8-d146-54de-937c-e536081e4a80";
2025-01-05 12:11:37 [knowledge_scraper.pipelines] INFO: Validation: set field to null - PublicationItem - validate_and_null: provided key "publisher" is not in item -> identifier: "00ca9375-bff9-5931-9ee8-84b28720d8ad"; title: "Macrophytes as Ełk river quality status evaluation indicators based on example of nickel"; scientist_id: "1a0479d8-d146-54de-937c-e536081e4a80";
2025-01-05 12:11:37 [knowledge_scraper.pipelines] INFO: Validation: set field to null - PublicationItem - validate_and_null: provided key "journal" is not in item -> identifier: "6145e3de-9b4f-5433-bcdf-7aa44c9dacdf"; title: "Analiza zmian stanu jakości wód rzeki Brdy"; scientist_id: "1a0479d8-d146-54de-937c-e536081e4a80";
2025-01-05 12:11:37 [knowledge_scraper.pipelines] INFO: Validation: set field to null - PublicationItem - validate_and_null: provided key "publisher" is not in item -> identifier: "6145e3de-9b4f-5433-bcdf-7aa44c9dacdf"; title: "Analiza zmian stanu jakości wód rzeki Brdy"; scientist_id: "1a0479d8-d146-54de-937c-e536081e4a80";
2025-01-05 12:11:38 [knowledge_scraper.pipelines] INFO: Validation: set field to null - PublicationItem - validate_and_null: provided key "journal" is not in item -> identifier: "3ba47abe-db72-51f2-9619-337dbe8b047d"; title: "Zanieczyszczenia wód substancjami ropopochodnymi"; scientist_id: "1a0479d8-d146-54de-937c-e536081e4a80";
2025-01-05 12:11:38 [knowledge_scraper.pipelines] INFO: Validation: set field to null - PublicationItem - validate_and_null: provided key "publisher" is not in item -> identifier: "3ba47abe-db72-51f2-9619-337dbe8b047d"; title: "Zanieczyszczenia wód substancjami ropopochodnymi"; scientist_id: "1a0479d8-d146-54de-937c-e536081e4a80";
2025-01-05 12:11:38 [knowledge_scraper.pipelines] INFO: Validation: set field to null - PublicationItem - validate_and_null: provided key "journal" is not in item -> identifier: "ac4d3019-911c-59cf-af84-566cee9c707c"; title: "Zagrożenia wód substancjami ropopochodnymi"; scientist_id: "1a0479d8-d146-54de-937c-e536081e4a80";
2025-01-05 12:11:38 [knowledge_scraper.pipelines] INFO: Validation: set field to null - PublicationItem - validate_and_null: provided key "publisher" is not in item -> identifier: "ac4d3019-911c-59cf-af84-566cee9c707c"; title: "Zagrożenia wód substancjami ropopochodnymi"; scientist_id: "1a0479d8-d146-54de-937c-e536081e4a80";
2025-01-05 12:11:39 [knowledge_scraper.pipelines] INFO: Validation: set field to null - PublicationItem - validate_and_null: provided key "journal" is not in item -> identifier: "870c2855-4d74-5727-be4c-52f5a0b5b3e7"; title: "Analiza zmian stanu jakości wód rzeki Brdy"; scientist_id: "1a0479d8-d146-54de-937c-e536081e4a80";
2025-01-05 12:11:39 [knowledge_scraper.pipelines] INFO: Validation: set field to null - PublicationItem - validate_and_null: provided key "publisher" is not in item -> identifier: "870c2855-4d74-5727-be4c-52f5a0b5b3e7"; title: "Analiza zmian stanu jakości wód rzeki Brdy"; scientist_id: "1a0479d8-d146-54de-937c-e536081e4a80";
2025-01-05 12:11:39 [knowledge_scraper.pipelines] INFO: Validation: set field to null - PublicationItem - validate_and_null: provided key "publisher" is not in item -> identifier: "34c8b4f2-650c-563e-bce9-365aec70738f"; title: "Determination of mixing zones for wastewater with receiver waters"; scientist_id: "1a0479d8-d146-54de-937c-e536081e4a80";
2025-01-05 12:11:40 [knowledge_scraper.pipelines] INFO: Validation: set field to null - PublicationItem - validate_and_null: provided key "journal" is not in item -> identifier: "42c0bd77-5a4e-5234-ba70-2e07ef8fe424"; title: "Zagrożenia środowiska przyrodniczego na terenie powiatu ełckiego"; scientist_id: "1a0479d8-d146-54de-937c-e536081e4a80";
2025-01-05 12:11:40 [knowledge_scraper.pipelines] INFO: Validation: set field to null - PublicationItem - validate_and_null: provided key "publisher" is not in item -> identifier: "42c0bd77-5a4e-5234-ba70-2e07ef8fe424"; title: "Zagrożenia środowiska przyrodniczego na terenie powiatu ełckiego"; scientist_id: "1a0479d8-d146-54de-937c-e536081e4a80";
2025-01-05 12:11:41 [knowledge_scraper.pipelines] INFO: Validation: set field to null - PublicationItem - validate_and_null: provided key "journal" is not in item -> identifier: "c3338a7f-4451-5b7f-b124-28165a946ac6"; title: "Metale ciężkie w organach roślin wodnych i osadach dennych rzeki Ełk i jej dopływach"; scientist_id: "1a0479d8-d146-54de-937c-e536081e4a80";
2025-01-05 12:11:41 [knowledge_scraper.pipelines] INFO: Validation: set field to null - PublicationItem - validate_and_null: provided key "publisher" is not in item -> identifier: "c3338a7f-4451-5b7f-b124-28165a946ac6"; title: "Metale ciężkie w organach roślin wodnych i osadach dennych rzeki Ełk i jej dopływach"; scientist_id: "1a0479d8-d146-54de-937c-e536081e4a80";
2025-01-05 12:11:41 [knowledge_scraper.pipelines] INFO: Validation: set field to null - PublicationItem - validate_and_null: provided key "journal" is not in item -> identifier: "c77b31cb-631d-5996-8c74-d95247b07bc9"; title: "Jakość środowiska przyrodniczego na terenie powiatu ełckiego"; scientist_id: "1a0479d8-d146-54de-937c-e536081e4a80";
2025-01-05 12:11:41 [knowledge_scraper.pipelines] INFO: Validation: set field to null - PublicationItem - validate_and_null: provided key "publisher" is not in item -> identifier: "c77b31cb-631d-5996-8c74-d95247b07bc9"; title: "Jakość środowiska przyrodniczego na terenie powiatu ełckiego"; scientist_id: "1a0479d8-d146-54de-937c-e536081e4a80";
2025-01-05 12:11:42 [knowledge_scraper.pipelines] INFO: Validation: set field to null - PublicationItem - validate_and_null: provided key "publisher" is not in item -> identifier: "f798ec71-8571-5623-8df8-4ff89d6f0e1a"; title: "Metals in organs of bottom sediments and aquatic plants of the Ełk River and its tributaries"; scientist_id: "1a0479d8-d146-54de-937c-e536081e4a80";
2025-01-05 12:11:42 [knowledge_scraper.pipelines] INFO: Validation: set field to null - PublicationItem - validate_and_null: provided key "journal" is not in item -> identifier: "f7f4d11d-3a4e-5895-9c64-247c486bb55d"; title: "Ocena stanu środowiska przyrodniczego na terenie województwa podlaskiego w latach 2006-2015"; scientist_id: "1a0479d8-d146-54de-937c-e536081e4a80";
2025-01-05 12:11:42 [knowledge_scraper.pipelines] INFO: Validation: set field to null - PublicationItem - validate_and_null: provided key "publisher" is not in item -> identifier: "f7f4d11d-3a4e-5895-9c64-247c486bb55d"; title: "Ocena stanu środowiska przyrodniczego na terenie województwa podlaskiego w latach 2006-2015"; scientist_id: "1a0479d8-d146-54de-937c-e536081e4a80";
2025-01-05 12:11:42 [knowledge_scraper.pipelines] INFO: Validation: set field to null - PublicationItem - validate_and_null: provided key "journal" is not in item -> identifier: "09a19bde-4ad1-5e75-86b8-944ebb619c25"; title: "Ocena jakości środowiska województwa lubelskiego w latach 2006-2016"; scientist_id: "1a0479d8-d146-54de-937c-e536081e4a80";
2025-01-05 12:11:42 [knowledge_scraper.pipelines] INFO: Validation: set field to null - PublicationItem - validate_and_null: provided key "publisher" is not in item -> identifier: "09a19bde-4ad1-5e75-86b8-944ebb619c25"; title: "Ocena jakości środowiska województwa lubelskiego w latach 2006-2016"; scientist_id: "1a0479d8-d146-54de-937c-e536081e4a80";
2025-01-05 12:11:43 [knowledge_scraper.pipelines] INFO: Validation: set field to null - PublicationItem - validate_and_null: provided key "journal" is not in item -> identifier: "480038be-cd70-5d72-b2f2-1649dcbb43a7"; title: "Metale w osadach i roślinach rzecznych"; scientist_id: "1a0479d8-d146-54de-937c-e536081e4a80";
2025-01-05 12:11:43 [knowledge_scraper.pipelines] INFO: Validation: set field to null - PublicationItem - validate_and_null: provided key "publisher" is not in item -> identifier: "480038be-cd70-5d72-b2f2-1649dcbb43a7"; title: "Metale w osadach i roślinach rzecznych"; scientist_id: "1a0479d8-d146-54de-937c-e536081e4a80";
2025-01-05 12:11:43 [knowledge_scraper.pipelines] INFO: Validation: set field to null - PublicationItem - validate_and_null: provided key "journal" is not in item -> identifier: "6aed4e0b-09dc-5619-8240-7b30a3cfad21"; title: "Ocena zawartości manganu w organach roślin i osadach dennych rzeki Ełk"; scientist_id: "1a0479d8-d146-54de-937c-e536081e4a80";
2025-01-05 12:11:43 [knowledge_scraper.pipelines] INFO: Validation: set field to null - PublicationItem - validate_and_null: provided key "publisher" is not in item -> identifier: "6aed4e0b-09dc-5619-8240-7b30a3cfad21"; title: "Ocena zawartości manganu w organach roślin i osadach dennych rzeki Ełk"; scientist_id: "1a0479d8-d146-54de-937c-e536081e4a80";
2025-01-05 12:11:44 [knowledge_scraper.pipelines] INFO: Validation: set field to null - PublicationItem - validate_and_null: provided key "publisher" is not in item -> identifier: "2bfadd43-a8da-5e9b-996d-efdcc1d8a233"; title: "The Human Factor in Implementing Innovation into Investment Planning"; scientist_id: "bf7112fc-00f0-5890-a564-c44e5bcb764d";
2025-01-05 12:11:44 [knowledge_scraper.pipelines] INFO: Validation: set field to null - PublicationItem - validate_and_null: provided key "publisher" is not in item -> identifier: "2e475848-c6f5-5c9a-8bcb-a3aeed0c9d3a"; title: "Determinants of cyclical changes within the construction sector"; scientist_id: "bf7112fc-00f0-5890-a564-c44e5bcb764d";
2025-01-05 12:11:45 [knowledge_scraper.pipelines] INFO: Validation: set field to null - PublicationItem - validate_and_null: provided key "journal" is not in item -> identifier: "64120a13-ee50-5e01-8b75-bd0fa0cea4f2"; title: "Determinants of economic fluctuations in the construction sector"; scientist_id: "bf7112fc-00f0-5890-a564-c44e5bcb764d";
2025-01-05 12:11:45 [knowledge_scraper.pipelines] INFO: Validation: set field to null - PublicationItem - validate_and_null: provided key "publisher" is not in item -> identifier: "64120a13-ee50-5e01-8b75-bd0fa0cea4f2"; title: "Determinants of economic fluctuations in the construction sector"; scientist_id: "bf7112fc-00f0-5890-a564-c44e5bcb764d";
2025-01-05 12:11:45 [knowledge_scraper.pipelines] INFO: Validation: set field to null - PublicationItem - validate_and_null: provided key "journal" is not in item -> identifier: "e13b7678-413e-58ab-984d-b37b11f5d484"; title: "Determinants of Economic Fluctuations in the Construction Sector"; scientist_id: "bf7112fc-00f0-5890-a564-c44e5bcb764d";
2025-01-05 12:11:45 [knowledge_scraper.pipelines] INFO: Validation: set field to null - PublicationItem - validate_and_null: provided key "publisher" is not in item -> identifier: "e13b7678-413e-58ab-984d-b37b11f5d484"; title: "Determinants of Economic Fluctuations in the Construction Sector"; scientist_id: "bf7112fc-00f0-5890-a564-c44e5bcb764d";
2025-01-05 12:11:46 [knowledge_scraper.pipelines] INFO: Validation: set field to null - PublicationItem - validate_and_null: provided key "publisher" is not in item -> identifier: "ac066bae-f670-5bb2-a65f-6fb55ddd769a"; title: "Determinanty efektywności usług inwestycyjno-budowlanych"; scientist_id: "bf7112fc-00f0-5890-a564-c44e5bcb764d";
2025-01-05 12:11:46 [knowledge_scraper.pipelines] INFO: Validation: set field to null - PublicationItem - validate_and_null: provided key "publisher" is not in item -> identifier: "1f14f91c-9546-50be-9f5d-78621befbafa"; title: "Skuteczność w ujęciu prakseologicznym jako istota procesu świadczenia usług inwestycyjno-budowlanych"; scientist_id: "bf7112fc-00f0-5890-a564-c44e5bcb764d";
2025-01-05 12:11:47 [knowledge_scraper.pipelines] INFO: Validation: set field to null - PublicationItem - validate_and_null: provided key "publisher" is not in item -> identifier: "12eafb02-f21c-5076-8b23-e17020c37c1f"; title: "Kompetencje miękkie, a wyzwania przedsiębiorstw 4.0"; scientist_id: "bf7112fc-00f0-5890-a564-c44e5bcb764d";
2025-01-05 12:11:47 [knowledge_scraper.pipelines] INFO: Validation: set field to null - PublicationItem - validate_and_null: provided key "publisher" is not in item -> identifier: "353ab0bc-061f-5490-8824-7a1801deb040"; title: "W kierunku Budownictwa 4.0 - perspektywy rozwoju branży budowlanej w obliczu czwartej rewolucji przemysłowej"; scientist_id: "bf7112fc-00f0-5890-a564-c44e5bcb764d";
2025-01-05 12:11:47 [knowledge_scraper.pipelines] INFO: Validation: set field to null - PublicationItem - validate_and_null: provided key "journal" is not in item -> identifier: "e77978bc-a54c-5791-8929-efec6f8afa1b"; title: "Skuteczność zarządzania usługami w budownictwie - wybrane aspekty"; scientist_id: "bf7112fc-00f0-5890-a564-c44e5bcb764d";
2025-01-05 12:11:47 [knowledge_scraper.pipelines] INFO: Validation: set field to null - PublicationItem - validate_and_null: provided key "publisher" is not in item -> identifier: "e77978bc-a54c-5791-8929-efec6f8afa1b"; title: "Skuteczność zarządzania usługami w budownictwie - wybrane aspekty"; scientist_id: "bf7112fc-00f0-5890-a564-c44e5bcb764d";
2025-01-05 12:11:48 [knowledge_scraper.pipelines] INFO: Validation: set field to null - PublicationItem - validate_and_null: provided key "publisher" is not in item -> identifier: "6549df18-5cac-5045-bbf8-adf1610f03b0"; title: "Efektywne zarządzanie czasem pracownika – wybrane zagadnienia"; scientist_id: "bf7112fc-00f0-5890-a564-c44e5bcb764d";
2025-01-05 12:11:48 [knowledge_scraper.pipelines] INFO: Validation: set field to null - PublicationItem - validate_and_null: provided key "journal" is not in item -> identifier: "868f7b2e-0c49-5814-a66a-ba1672d54eeb"; title: "Analiza rozkładu nacisków pod stopą u kobiet ciężarnych"; scientist_id: "af374d0e-50cf-550f-bd5d-a6c0e64b6414";
2025-01-05 12:11:48 [knowledge_scraper.pipelines] INFO: Validation: set field to null - PublicationItem - validate_and_null: provided key "publisher" is not in item -> identifier: "868f7b2e-0c49-5814-a66a-ba1672d54eeb"; title: "Analiza rozkładu nacisków pod stopą u kobiet ciężarnych"; scientist_id: "af374d0e-50cf-550f-bd5d-a6c0e64b6414";
2025-01-05 12:11:48 [knowledge_scraper.pipelines] INFO: Validation: set field to null - PublicationItem - validate_and_null: provided key "publisher" is not in item -> identifier: "38b10312-8ed3-55d0-bfc1-3e2381f687a2"; title: "The impact of body mass on spine alterations in pregnant women: A preliminary study"; scientist_id: "af374d0e-50cf-550f-bd5d-a6c0e64b6414";
2025-01-05 12:11:49 [knowledge_scraper.pipelines] INFO: Validation: set field to null - PublicationItem - validate_and_null: provided key "journal" is not in item -> identifier: "23a370d7-a375-5e4c-afdf-b271ae466a68"; title: "Ocena rozkładu nacisków na podeszwową powierzchnię stopy u kobiet ciężarnych z nadwagą"; scientist_id: "af374d0e-50cf-550f-bd5d-a6c0e64b6414";
2025-01-05 12:11:49 [knowledge_scraper.pipelines] INFO: Validation: set field to null - PublicationItem - validate_and_null: provided key "publisher" is not in item -> identifier: "23a370d7-a375-5e4c-afdf-b271ae466a68"; title: "Ocena rozkładu nacisków na podeszwową powierzchnię stopy u kobiet ciężarnych z nadwagą"; scientist_id: "af374d0e-50cf-550f-bd5d-a6c0e64b6414";
2025-01-05 12:11:49 [knowledge_scraper.pipelines] INFO: Validation: set field to null - PublicationItem - validate_and_null: provided key "publisher" is not in item -> identifier: "17301b74-7945-57c6-b1d7-e4ab7069910d"; title: "Mechanisms of Gait Adaptation in Overweight Pregnant Women"; scientist_id: "af374d0e-50cf-550f-bd5d-a6c0e64b6414";
2025-01-05 12:11:50 [knowledge_scraper.pipelines] INFO: Validation: set field to null - PublicationItem - validate_and_null: provided key "publisher" is not in item -> identifier: "e8c62de1-6a71-5a36-b225-2568cda88143"; title: "Komputerowa symulacja rozwoju pożaru kompleksu leśnego w pobliżu Nowogrodu Cz. I. Dobór danych wejściowych"; scientist_id: "dfb23bc5-2040-57f1-abcf-a8ade2a0b8c3";
2025-01-05 12:11:50 [knowledge_scraper.pipelines] INFO: Validation: set field to null - PublicationItem - validate_and_null: provided key "publisher" is not in item -> identifier: "b3ea2979-da8b-533b-b945-ce87fa26cba7"; title: "Komputerowa symulacja rozwoju pożaru kompleksu leśnego w pobliżu Nowogrodu Cz. II. Wyniki symulacji"; scientist_id: "dfb23bc5-2040-57f1-abcf-a8ade2a0b8c3";
2025-01-05 12:11:51 [knowledge_scraper.pipelines] INFO: Validation: set field to null - PublicationItem - validate_and_null: provided key "publisher" is not in item -> identifier: "42e9ff46-815f-5246-a7e5-56925ffaec19"; title: "Wprowadzenie do komputerowego modelowania zachowania się tłumu. Wybrane aspekty psychologii tłumu"; scientist_id: "dfb23bc5-2040-57f1-abcf-a8ade2a0b8c3";
2025-01-05 12:11:51 [knowledge_scraper.pipelines] INFO: Validation: set field to null - PublicationItem - validate_and_null: provided key "publisher" is not in item -> identifier: "c7ebc0dc-5fd9-5c49-b11c-65918d453a8e"; title: "Projekt i realizacja linii światłowodowej systemu CWDM Hajnówka - Bielsk Podlaski"; scientist_id: "dfb23bc5-2040-57f1-abcf-a8ade2a0b8c3";
2025-01-05 12:11:51 [knowledge_scraper.pipelines] INFO: Validation: set field to null - PublicationItem - validate_and_null: provided key "publisher" is not in item -> identifier: "3e553d7c-b3f8-53dc-b72d-7560bcd64204"; title: "Automaty komórkowe w modelowaniu ewakuacji"; scientist_id: "dfb23bc5-2040-57f1-abcf-a8ade2a0b8c3";
2025-01-05 12:11:52 [knowledge_scraper.pipelines] INFO: Validation: set field to null - PublicationItem - validate_and_null: provided key "publisher" is not in item -> identifier: "8eea1efc-6da2-55d7-ba44-adaec9fa2482"; title: "Model ewakuacji wykorzystujący automaty komórkowe"; scientist_id: "dfb23bc5-2040-57f1-abcf-a8ade2a0b8c3";
2025-01-05 12:11:52 [knowledge_scraper.pipelines] INFO: Validation: set field to null - PublicationItem - validate_and_null: provided key "publisher" is not in item -> identifier: "e86676cd-6855-5a87-a384-1cc38356ff3d"; title: "Oprogramowanie CrowdSim do modelowania dynamiki pieszych = CrowdSim -Pedestrian Dynamics Modeling Software"; scientist_id: "dfb23bc5-2040-57f1-abcf-a8ade2a0b8c3";
2025-01-05 12:11:52 [knowledge_scraper.pipelines] INFO: Validation: set field to null - PublicationItem - validate_and_null: provided key "publisher" is not in item -> identifier: "6dc76a63-c0dd-5ffa-af60-df4dffc72d65"; title: "The role of sheep ked (Melophagus ovinus) as potential vector of protozoa and bacterial pathogens"; scientist_id: "03c73614-c93a-552a-a863-80cb1fa1459d";
2025-01-05 12:11:53 [knowledge_scraper.pipelines] INFO: Validation: set field to null - PublicationItem - validate_and_null: provided key "journal" is not in item -> identifier: "912c452a-0d83-5db7-92dc-af822eedf9fc"; title: "Zarządzanie zasobami ludzkimi w psychiatrycznej opiece zdrowotnej"; scientist_id: "4f4bb4a5-b9fa-5cc2-8749-00b069d5303e";
2025-01-05 12:11:53 [knowledge_scraper.pipelines] INFO: Validation: set field to null - PublicationItem - validate_and_null: provided key "publisher" is not in item -> identifier: "912c452a-0d83-5db7-92dc-af822eedf9fc"; title: "Zarządzanie zasobami ludzkimi w psychiatrycznej opiece zdrowotnej"; scientist_id: "4f4bb4a5-b9fa-5cc2-8749-00b069d5303e";
2025-01-05 12:11:53 [knowledge_scraper.pipelines] INFO: Validation: set field to null - PublicationItem - validate_and_null: provided key "journal" is not in item -> identifier: "b9e5fb4d-6057-5dce-a957-0466be780bb2"; title: "Zdrowie psychiczne : Organizacja - zarządzanie - standardy"; scientist_id: "4f4bb4a5-b9fa-5cc2-8749-00b069d5303e";
2025-01-05 12:11:54 [knowledge_scraper.pipelines] INFO: Validation: set field to null - PublicationItem - validate_and_null: provided key "publisher" is not in item -> identifier: "39b5f60c-5537-53a9-a02c-e2425eafc651"; title: "Shaft wear after surfacing with micro-jet cooling"; scientist_id: "c732b3e0-821b-5142-8c2c-cda43133c045";
2025-01-05 12:11:54 [knowledge_scraper.pipelines] INFO: Validation: set field to null - PublicationItem - validate_and_null: provided key "publisher" is not in item -> identifier: "cf21135b-378d-5884-9d20-5c739761e2b5"; title: "Nitrogen and oxygen amount in weld after welding with micro-jet cooling"; scientist_id: "c732b3e0-821b-5142-8c2c-cda43133c045";
2025-01-05 12:11:54 [knowledge_scraper.pipelines] INFO: Validation: set field to null - PublicationItem - validate_and_null: provided key "publisher" is not in item -> identifier: "8d742d2b-c0c1-5281-a424-7673b1cc5f90"; title: "Mechanical properties of shaft surfacing with micro-jet cooling"; scientist_id: "c732b3e0-821b-5142-8c2c-cda43133c045";
2025-01-05 12:11:54 [knowledge_scraper.pipelines] INFO: Validation: set field to null - PublicationItem - validate_and_null: provided key "publisher" is not in item -> identifier: "34c8b91f-cc2b-5a41-805f-d8c3e75d9fa6"; title: "Influence of deformation on metal structure in the forward microextrusion process"; scientist_id: "c732b3e0-821b-5142-8c2c-cda43133c045";
2025-01-05 12:11:55 [knowledge_scraper.pipelines] INFO: Validation: set field to null - PublicationItem - validate_and_null: provided key "journal" is not in item -> identifier: "cbf40f85-b64d-5c46-91c7-f146a7cfa5b4"; title: "The tribological properties of surface layer steel C45 after laser hardening"; scientist_id: "c732b3e0-821b-5142-8c2c-cda43133c045";
2025-01-05 12:11:55 [knowledge_scraper.pipelines] INFO: Validation: set field to null - PublicationItem - validate_and_null: provided key "publisher" is not in item -> identifier: "cbf40f85-b64d-5c46-91c7-f146a7cfa5b4"; title: "The tribological properties of surface layer steel C45 after laser hardening"; scientist_id: "c732b3e0-821b-5142-8c2c-cda43133c045";
2025-01-05 12:11:55 [knowledge_scraper.pipelines] INFO: Validation: set field to null - PublicationItem - validate_and_null: provided key "journal" is not in item -> identifier: "f0305358-c10a-5c64-b9fb-632d43c48acd"; title: "Steel structures after welding with micro-jet cooling"; scientist_id: "c732b3e0-821b-5142-8c2c-cda43133c045";
2025-01-05 12:11:55 [knowledge_scraper.pipelines] INFO: Validation: set field to null - PublicationItem - validate_and_null: provided key "publisher" is not in item -> identifier: "f0305358-c10a-5c64-b9fb-632d43c48acd"; title: "Steel structures after welding with micro-jet cooling"; scientist_id: "c732b3e0-821b-5142-8c2c-cda43133c045";
2025-01-05 12:11:56 [knowledge_scraper.pipelines] INFO: Validation: set field to null - PublicationItem - validate_and_null: provided key "journal" is not in item -> identifier: "a87b573b-672e-59df-b5f7-ec0f446dbab2"; title: "Selection of Micro-Jet Gases in Steel Welding to Promote Higher Plastic Properties"; scientist_id: "c732b3e0-821b-5142-8c2c-cda43133c045";
2025-01-05 12:11:56 [knowledge_scraper.pipelines] INFO: Validation: set field to null - PublicationItem - validate_and_null: provided key "publisher" is not in item -> identifier: "a87b573b-672e-59df-b5f7-ec0f446dbab2"; title: "Selection of Micro-Jet Gases in Steel Welding to Promote Higher Plastic Properties"; scientist_id: "c732b3e0-821b-5142-8c2c-cda43133c045";
2025-01-05 12:11:56 [knowledge_scraper.pipelines] INFO: Validation: set field to null - PublicationItem - validate_and_null: provided key "journal" is not in item -> identifier: "70425a98-0906-5a1f-9647-1159a0b1da8f"; title: "Impact toughness of WMD after MAG welding with micro-jet cooling"; scientist_id: "c732b3e0-821b-5142-8c2c-cda43133c045";
2025-01-05 12:11:56 [knowledge_scraper.pipelines] INFO: Validation: set field to null - PublicationItem - validate_and_null: provided key "publisher" is not in item -> identifier: "70425a98-0906-5a1f-9647-1159a0b1da8f"; title: "Impact toughness of WMD after MAG welding with micro-jet cooling"; scientist_id: "c732b3e0-821b-5142-8c2c-cda43133c045";
2025-01-05 12:11:57 [knowledge_scraper.pipelines] INFO: Validation: set field to null - PublicationItem - validate_and_null: provided key "journal" is not in item -> identifier: "f02f3259-7cac-5e26-be09-76a4c55ac9d5"; title: "Effect of the Micro-jet Cooling Gas Intensity in Impact Load Resistance of Welds"; scientist_id: "c732b3e0-821b-5142-8c2c-cda43133c045";
2025-01-05 12:11:57 [knowledge_scraper.pipelines] INFO: Validation: set field to null - PublicationItem - validate_and_null: provided key "publisher" is not in item -> identifier: "f02f3259-7cac-5e26-be09-76a4c55ac9d5"; title: "Effect of the Micro-jet Cooling Gas Intensity in Impact Load Resistance of Welds"; scientist_id: "c732b3e0-821b-5142-8c2c-cda43133c045";
2025-01-05 12:11:58 [knowledge_scraper.pipelines] INFO: Validation: set field to null - PublicationItem - validate_and_null: provided key "journal" is not in item -> identifier: "422db123-2186-5740-9c6b-16c2b0b7302d"; title: "Optimization of Micro-Jet Selective Cooling After Low Alloy Steel Welding"; scientist_id: "c732b3e0-821b-5142-8c2c-cda43133c045";
2025-01-05 12:11:58 [knowledge_scraper.pipelines] INFO: Validation: set field to null - PublicationItem - validate_and_null: provided key "publisher" is not in item -> identifier: "422db123-2186-5740-9c6b-16c2b0b7302d"; title: "Optimization of Micro-Jet Selective Cooling After Low Alloy Steel Welding"; scientist_id: "c732b3e0-821b-5142-8c2c-cda43133c045";
2025-01-05 12:11:58 [scrapy.extensions.logstats] INFO: Crawled 482 pages (at 103 pages/min), scraped 525 items (at 101 items/min)
2025-01-05 12:11:58 [knowledge_scraper.pipelines] INFO: Validation: set field to null - PublicationItem - validate_and_null: provided key "publisher" is not in item -> identifier: "311e1131-6f73-5360-ac1e-fe88fe5c81d8"; title: "Wear Resistance of Steel 20MnCr5 after Surfacing with Micro-jet Cooling"; scientist_id: "c732b3e0-821b-5142-8c2c-cda43133c045";
2025-01-05 12:11:58 [knowledge_scraper.pipelines] INFO: Validation: set field to null - PublicationItem - validate_and_null: provided key "publisher" is not in item -> identifier: "98db8e8c-79e2-54b8-b067-e2d3e92319c7"; title: "The impact of gas on the tribological properties of steel 16MnCr5 after surfacing with micro-jet cooling"; scientist_id: "c732b3e0-821b-5142-8c2c-cda43133c045";
2025-01-05 12:11:59 [knowledge_scraper.pipelines] INFO: Validation: set field to null - PublicationItem - validate_and_null: provided key "publisher" is not in item -> identifier: "5765c8b3-cc57-5d3e-9d90-455eea04bab9"; title: "Tribological Characteristic of Titanium Alloy Surface Layers Produced by Diode Laser Gas Nitriding"; scientist_id: "c732b3e0-821b-5142-8c2c-cda43133c045";
2025-01-05 12:11:59 [knowledge_scraper.pipelines] INFO: Validation: set field to null - PublicationItem - validate_and_null: provided key "publisher" is not in item -> identifier: "a9255a4e-6c3d-540f-a819-127c43a74010"; title: "The use of compressed air for micro-jet cooling after MIG welding"; scientist_id: "c732b3e0-821b-5142-8c2c-cda43133c045";
2025-01-05 12:12:00 [knowledge_scraper.pipelines] INFO: Validation: set field to null - PublicationItem - validate_and_null: provided key "publisher" is not in item -> identifier: "a05ade81-161a-5dce-99bf-a23d43a638c1"; title: "The composite materials for high erosion resistance coatings applied in power industry"; scientist_id: "c732b3e0-821b-5142-8c2c-cda43133c045";
2025-01-05 12:12:00 [knowledge_scraper.pipelines] INFO: Validation: set field to null - PublicationItem - validate_and_null: provided key "publisher" is not in item -> identifier: "46b9d53a-cb3b-5cac-a508-e475106bae60"; title: "The analysis of heat fluxes from a loaded elbow joint using thermal imaging"; scientist_id: "c732b3e0-821b-5142-8c2c-cda43133c045";
2025-01-05 12:12:00 [knowledge_scraper.pipelines] INFO: Validation: set field to null - PublicationItem - validate_and_null: provided key "publisher" is not in item -> identifier: "adb42d26-a8f6-53a0-a9c9-6ac0093ad47d"; title: "Structure and properties of steel welding after micro-jet cooling process"; scientist_id: "c732b3e0-821b-5142-8c2c-cda43133c045";
2025-01-05 12:12:01 [knowledge_scraper.pipelines] INFO: Validation: set field to null - PublicationItem - validate_and_null: provided key "publisher" is not in item -> identifier: "c0994471-bee7-54c1-9ee9-1d330ce850af"; title: "Selected Parameters of Micro-Jet Cooling Gases in Hybrid Spraying Process"; scientist_id: "c732b3e0-821b-5142-8c2c-cda43133c045";
2025-01-05 12:12:01 [knowledge_scraper.pipelines] INFO: Validation: set field to null - PublicationItem - validate_and_null: provided key "publisher" is not in item -> identifier: "abb04db8-f84e-57ec-ae1d-f4b7e6b41b24"; title: "Quantitative and Qualitative Comparison of Tribological Properties of Railway Rails with and Without Heat Treatment"; scientist_id: "c732b3e0-821b-5142-8c2c-cda43133c045";
2025-01-05 12:12:01 [knowledge_scraper.pipelines] INFO: Validation: set field to null - PublicationItem - validate_and_null: provided key "publisher" is not in item -> identifier: "ad95933a-824e-5f56-8425-7abf0da723fa"; title: "Numerical solutions of metal plastic flow in compression tests with sinusoidal profile of die roughness"; scientist_id: "c732b3e0-821b-5142-8c2c-cda43133c045";
2025-01-05 12:12:01 [knowledge_scraper.pipelines] INFO: Validation: set field to null - PublicationItem - validate_and_null: provided key "journal" is not in item -> identifier: "7a96549e-a2e3-5e63-990d-b92f982e34f2"; title: "Regionalny foresight gospodarczy : scenariusze wzrostu gospodarczego województwa mazowieckiego"; scientist_id: "bbc9f839-3707-5d18-8162-c787c106138e";
2025-01-05 12:12:02 [knowledge_scraper.pipelines] INFO: Validation: set field to null - PublicationItem - validate_and_null: provided key "journal" is not in item -> identifier: "c8038ec0-f245-5508-8bee-c9ba2f74eb4a"; title: "Podlaski absolwent : Badanie losów zawodowych absolwentów szkół ponadgimnazjalnych i wyższych województwa podlaskiego kształcących w zawodach technicznych i inżynierskich związanych z branżą maszynową, którzy ukończyli naukę w latach 2010-2012"; scientist_id: "bbc9f839-3707-5d18-8162-c787c106138e";
2025-01-05 12:12:02 [knowledge_scraper.pipelines] INFO: Validation: set field to null - PublicationItem - validate_and_null: provided key "publisher" is not in item -> identifier: "98791975-d484-5c14-b4f3-719860879eb4"; title: "Reguły asocjacyjne w analizie wyników badań Metodą Delphi"; scientist_id: "bbc9f839-3707-5d18-8162-c787c106138e";
2025-01-05 12:12:02 [knowledge_scraper.pipelines] INFO: Validation: set field to null - PublicationItem - validate_and_null: provided key "publisher" is not in item -> identifier: "9da9cba9-7aa7-5281-aa71-b4ac9e6413ea"; title: "Application of correspondence analysis to the identification of the determinants of the economic condition of the e-services sector enterprises in Podlaskie region"; scientist_id: "bbc9f839-3707-5d18-8162-c787c106138e";
2025-01-05 12:12:03 [knowledge_scraper.pipelines] INFO: Validation: set field to null - PublicationItem - validate_and_null: provided key "journal" is not in item -> identifier: "dcfce78d-e792-56fd-877f-9b827030810b"; title: "Wielowymiarowa analiza kondycji ekonomicznej przedsiębiorstw sektora e-usług"; scientist_id: "bbc9f839-3707-5d18-8162-c787c106138e";
2025-01-05 12:12:03 [knowledge_scraper.pipelines] INFO: Validation: set field to null - PublicationItem - validate_and_null: provided key "publisher" is not in item -> identifier: "dcfce78d-e792-56fd-877f-9b827030810b"; title: "Wielowymiarowa analiza kondycji ekonomicznej przedsiębiorstw sektora e-usług"; scientist_id: "bbc9f839-3707-5d18-8162-c787c106138e";
2025-01-05 12:12:03 [knowledge_scraper.pipelines] INFO: Validation: set field to null - PublicationItem - validate_and_null: provided key "journal" is not in item -> identifier: "aecbf0e1-42d3-5eee-a712-c0eb9b7b9901"; title: "Metody wielowymiarowej analizy statystycznej w identyfikacji inteligentnej specjalizacji regionu"; scientist_id: "bbc9f839-3707-5d18-8162-c787c106138e";
2025-01-05 12:12:03 [knowledge_scraper.pipelines] INFO: Validation: set field to null - PublicationItem - validate_and_null: provided key "publisher" is not in item -> identifier: "aecbf0e1-42d3-5eee-a712-c0eb9b7b9901"; title: "Metody wielowymiarowej analizy statystycznej w identyfikacji inteligentnej specjalizacji regionu"; scientist_id: "bbc9f839-3707-5d18-8162-c787c106138e";
2025-01-05 12:12:04 [knowledge_scraper.pipelines] INFO: Validation: set field to null - PublicationItem - validate_and_null: provided key "publisher" is not in item -> identifier: "54db4b88-e86b-511f-867e-09384a4dc083"; title: "Foresight Study of Road Pavement Technologies"; scientist_id: "bbc9f839-3707-5d18-8162-c787c106138e";
2025-01-05 12:12:04 [knowledge_scraper.pipelines] INFO: Validation: set field to null - PublicationItem - validate_and_null: provided key "publisher" is not in item -> identifier: "eb07ac6a-756f-5a3a-a725-f7f690b5094e"; title: "Wielowymiarowa analiza kondycji finasowej przedsiębiorstw sektora e-usług"; scientist_id: "bbc9f839-3707-5d18-8162-c787c106138e";
2025-01-05 12:12:05 [knowledge_scraper.pipelines] INFO: Validation: set field to null - PublicationItem - validate_and_null: provided key "publisher" is not in item -> identifier: "939950f2-e25a-5428-8203-9c483c3e6fe4"; title: "Efektywność wykorzystania e-usług w działalności polskich przedsiębiorstw"; scientist_id: "bbc9f839-3707-5d18-8162-c787c106138e";
2025-01-05 12:12:05 [knowledge_scraper.pipelines] INFO: Validation: set field to null - PublicationItem - validate_and_null: provided key "publisher" is not in item -> identifier: "77de74d4-18d2-5edb-8acb-189b5d09e2ce"; title: "Coopetition Effect Determinants: Competitor’s Size, Geographical Scope, Market and Technological Positions"; scientist_id: "bbc9f839-3707-5d18-8162-c787c106138e";
2025-01-05 12:12:06 [knowledge_scraper.pipelines] INFO: Validation: set field to null - PublicationItem - validate_and_null: provided key "journal" is not in item -> identifier: "4786a181-9a93-5a1e-b8d5-9b1751f36e86"; title: "Przydatność potencjału turystycznego województwa podlaskiego do rozwoju wybranych form turystyki"; scientist_id: "bbc9f839-3707-5d18-8162-c787c106138e";
2025-01-05 12:12:06 [knowledge_scraper.pipelines] INFO: Validation: set field to null - PublicationItem - validate_and_null: provided key "publisher" is not in item -> identifier: "4786a181-9a93-5a1e-b8d5-9b1751f36e86"; title: "Przydatność potencjału turystycznego województwa podlaskiego do rozwoju wybranych form turystyki"; scientist_id: "bbc9f839-3707-5d18-8162-c787c106138e";
2025-01-05 12:12:06 [knowledge_scraper.pipelines] INFO: Validation: set field to null - PublicationItem - validate_and_null: provided key "journal" is not in item -> identifier: "5ea4e10d-6d0c-5552-b16d-c702cadc438d"; title: "Potencjał turystyczny województwa podlaskiego na tle kraju i regionów zachodnich"; scientist_id: "bbc9f839-3707-5d18-8162-c787c106138e";
2025-01-05 12:12:06 [knowledge_scraper.pipelines] INFO: Validation: set field to null - PublicationItem - validate_and_null: provided key "publisher" is not in item -> identifier: "5ea4e10d-6d0c-5552-b16d-c702cadc438d"; title: "Potencjał turystyczny województwa podlaskiego na tle kraju i regionów zachodnich"; scientist_id: "bbc9f839-3707-5d18-8162-c787c106138e";
2025-01-05 12:12:07 [knowledge_scraper.pipelines] INFO: Validation: set field to null - PublicationItem - validate_and_null: provided key "journal" is not in item -> identifier: "89a12c03-edf8-5cff-b7fa-ca20e9ee7f1f"; title: "Ocena wybranych czynników potencjału turystycznego województwa podlaskiego"; scientist_id: "bbc9f839-3707-5d18-8162-c787c106138e";
2025-01-05 12:12:07 [knowledge_scraper.pipelines] INFO: Validation: set field to null - PublicationItem - validate_and_null: provided key "publisher" is not in item -> identifier: "89a12c03-edf8-5cff-b7fa-ca20e9ee7f1f"; title: "Ocena wybranych czynników potencjału turystycznego województwa podlaskiego"; scientist_id: "bbc9f839-3707-5d18-8162-c787c106138e";
2025-01-05 12:12:08 [knowledge_scraper.pipelines] INFO: Validation: set field to null - PublicationItem - validate_and_null: provided key "journal" is not in item -> identifier: "fa1fc7cd-66d9-524c-95a7-8672e2bde2ed"; title: "Competitor's size, geographical scope, market and technological positions as determinants of the coopetition effects. A focus on high-tech companies operating in Poland"; scientist_id: "bbc9f839-3707-5d18-8162-c787c106138e";
2025-01-05 12:12:08 [knowledge_scraper.pipelines] INFO: Validation: set field to null - PublicationItem - validate_and_null: provided key "publisher" is not in item -> identifier: "fa1fc7cd-66d9-524c-95a7-8672e2bde2ed"; title: "Competitor's size, geographical scope, market and technological positions as determinants of the coopetition effects. A focus on high-tech companies operating in Poland"; scientist_id: "bbc9f839-3707-5d18-8162-c787c106138e";
2025-01-05 12:12:08 [knowledge_scraper.pipelines] INFO: Validation: set field to null - PublicationItem - validate_and_null: provided key "journal" is not in item -> identifier: "785275c6-b45f-558f-9839-840e96dd9723"; title: "Analiza zmian w sektorze turystyki w województwie podlaskim w latach 2007 i 2013 na tle kraju i Europy"; scientist_id: "bbc9f839-3707-5d18-8162-c787c106138e";
2025-01-05 12:12:08 [knowledge_scraper.pipelines] INFO: Validation: set field to null - PublicationItem - validate_and_null: provided key "publisher" is not in item -> identifier: "785275c6-b45f-558f-9839-840e96dd9723"; title: "Analiza zmian w sektorze turystyki w województwie podlaskim w latach 2007 i 2013 na tle kraju i Europy"; scientist_id: "bbc9f839-3707-5d18-8162-c787c106138e";
2025-01-05 12:12:09 [knowledge_scraper.pipelines] INFO: Validation: set field to null - PublicationItem - validate_and_null: provided key "journal" is not in item -> identifier: "6db15114-49e6-5388-bf2d-d7bb8016d4b9"; title: "The value of customer service as a fundamental dimension of the business model of companies in the TFL sector, focused on sales revenue"; scientist_id: "bbc9f839-3707-5d18-8162-c787c106138e";
2025-01-05 12:12:09 [knowledge_scraper.pipelines] INFO: Validation: set field to null - PublicationItem - validate_and_null: provided key "publisher" is not in item -> identifier: "6db15114-49e6-5388-bf2d-d7bb8016d4b9"; title: "The value of customer service as a fundamental dimension of the business model of companies in the TFL sector, focused on sales revenue"; scientist_id: "bbc9f839-3707-5d18-8162-c787c106138e";
2025-01-05 12:12:10 [knowledge_scraper.pipelines] INFO: Validation: set field to null - PublicationItem - validate_and_null: provided key "publisher" is not in item -> identifier: "b089288d-10b5-516b-9f3f-cd774b7f3ee8"; title: "Future Trends in Road Technologies Development in the Context of Environmental Protection"; scientist_id: "bbc9f839-3707-5d18-8162-c787c106138e";
2025-01-05 12:12:10 [knowledge_scraper.pipelines] INFO: Validation: set field to null - PublicationItem - validate_and_null: provided key "publisher" is not in item -> identifier: "c7f960c5-a16b-5f97-b404-10907f98a561"; title: "Helicobacter pylori seroprevalence in children with sleep-disordered breathing"; scientist_id: "bbc9f839-3707-5d18-8162-c787c106138e";
2025-01-05 12:12:11 [knowledge_scraper.pipelines] INFO: Validation: set field to null - PublicationItem - validate_and_null: provided key "journal" is not in item -> identifier: "ae5d1524-a84d-5edb-88dc-e00707aa4519"; title: "E-logistics as an element of the business model maturity in enterprises of the TFL sector"; scientist_id: "bbc9f839-3707-5d18-8162-c787c106138e";
2025-01-05 12:12:11 [knowledge_scraper.pipelines] INFO: Validation: set field to null - PublicationItem - validate_and_null: provided key "publisher" is not in item -> identifier: "ae5d1524-a84d-5edb-88dc-e00707aa4519"; title: "E-logistics as an element of the business model maturity in enterprises of the TFL sector"; scientist_id: "bbc9f839-3707-5d18-8162-c787c106138e";
2025-01-05 12:12:11 [knowledge_scraper.pipelines] INFO: Validation: set field to null - PublicationItem - validate_and_null: provided key "journal" is not in item -> identifier: "a6785682-5fca-5422-9a25-a89425013d89"; title: "Coopetition and maturity of the business models of enterprises in the high tech sector"; scientist_id: "bbc9f839-3707-5d18-8162-c787c106138e";
2025-01-05 12:12:11 [knowledge_scraper.pipelines] INFO: Validation: set field to null - PublicationItem - validate_and_null: provided key "publisher" is not in item -> identifier: "a6785682-5fca-5422-9a25-a89425013d89"; title: "Coopetition and maturity of the business models of enterprises in the high tech sector"; scientist_id: "bbc9f839-3707-5d18-8162-c787c106138e";
2025-01-05 12:12:12 [knowledge_scraper.pipelines] INFO: Validation: set field to null - PublicationItem - validate_and_null: provided key "journal" is not in item -> identifier: "ab0e5130-be10-58f0-ba8a-b973f4d914b4"; title: "Therapeutic and diagnostic set for irradiation the cell lines in Low Level Laser Therapy"; scientist_id: "e0815074-0751-53d3-86df-68e7114ef5ab";
2025-01-05 12:12:12 [knowledge_scraper.pipelines] INFO: Validation: set field to null - PublicationItem - validate_and_null: provided key "publisher" is not in item -> identifier: "ab0e5130-be10-58f0-ba8a-b973f4d914b4"; title: "Therapeutic and diagnostic set for irradiation the cell lines in Low Level Laser Therapy"; scientist_id: "e0815074-0751-53d3-86df-68e7114ef5ab";
2025-01-05 12:12:13 [knowledge_scraper.pipelines] INFO: Validation: set field to null - PublicationItem - validate_and_null: provided key "journal" is not in item -> identifier: "2627d0db-9f4f-55b3-9588-6882929e0d4b"; title: "Therapeutic and diagnostic set for irradiation the cell lines in Low Level Laser Therapy"; scientist_id: "e0815074-0751-53d3-86df-68e7114ef5ab";
2025-01-05 12:12:13 [knowledge_scraper.pipelines] INFO: Validation: set field to null - PublicationItem - validate_and_null: provided key "publisher" is not in item -> identifier: "2627d0db-9f4f-55b3-9588-6882929e0d4b"; title: "Therapeutic and diagnostic set for irradiation the cell lines in Low Level Laser Therapy"; scientist_id: "e0815074-0751-53d3-86df-68e7114ef5ab";
2025-01-05 12:12:13 [knowledge_scraper.pipelines] INFO: Validation: set field to null - PublicationItem - validate_and_null: provided key "journal" is not in item -> identifier: "dc86de77-0437-5999-a0ff-d2470a60f56c"; title: "Applications of optical fibers and miniature photonic elements in medical diagnostics"; scientist_id: "e0815074-0751-53d3-86df-68e7114ef5ab";
2025-01-05 12:12:13 [knowledge_scraper.pipelines] INFO: Validation: set field to null - PublicationItem - validate_and_null: provided key "publisher" is not in item -> identifier: "dc86de77-0437-5999-a0ff-d2470a60f56c"; title: "Applications of optical fibers and miniature photonic elements in medical diagnostics"; scientist_id: "e0815074-0751-53d3-86df-68e7114ef5ab";
2025-01-05 12:12:14 [knowledge_scraper.pipelines] INFO: Validation: set field to null - PublicationItem - validate_and_null: provided key "journal" is not in item -> identifier: "822da6ab-4136-57c7-9303-2c3ddc99af35"; title: "Applications of optical fibers and miniature photonic elements in medical diagnostics"; scientist_id: "e0815074-0751-53d3-86df-68e7114ef5ab";
2025-01-05 12:12:14 [knowledge_scraper.pipelines] INFO: Validation: set field to null - PublicationItem - validate_and_null: provided key "publisher" is not in item -> identifier: "822da6ab-4136-57c7-9303-2c3ddc99af35"; title: "Applications of optical fibers and miniature photonic elements in medical diagnostics"; scientist_id: "e0815074-0751-53d3-86df-68e7114ef5ab";
2025-01-05 12:12:15 [knowledge_scraper.pipelines] INFO: Validation: set field to null - PublicationItem - validate_and_null: provided key "publisher" is not in item -> identifier: "840a0184-df9f-5718-81ed-0f376cc3f592"; title: "Effect of low level laser irradiation on VEGF gene expression in cultured endothelial cells"; scientist_id: "e0815074-0751-53d3-86df-68e7114ef5ab";
2025-01-05 12:12:15 [knowledge_scraper.pipelines] INFO: Validation: set field to null - PublicationItem - validate_and_null: provided key "journal" is not in item -> identifier: "4c211c64-e09b-5d7d-aa15-fbb04ac5f56f"; title: "Wybrane aspekty projektowania układu oświetlającego dedykowanego do zastosowań medycznych na przykładzie oświetlacza endoskopu"; scientist_id: "e0815074-0751-53d3-86df-68e7114ef5ab";
2025-01-05 12:12:15 [knowledge_scraper.pipelines] INFO: Validation: set field to null - PublicationItem - validate_and_null: provided key "publisher" is not in item -> identifier: "4c211c64-e09b-5d7d-aa15-fbb04ac5f56f"; title: "Wybrane aspekty projektowania układu oświetlającego dedykowanego do zastosowań medycznych na przykładzie oświetlacza endoskopu"; scientist_id: "e0815074-0751-53d3-86df-68e7114ef5ab";
2025-01-05 12:12:16 [knowledge_scraper.pipelines] INFO: Validation: set field to null - PublicationItem - validate_and_null: provided key "journal" is not in item -> identifier: "3ba50d11-0228-5c68-bfb2-ab69022bd573"; title: "The possibility of achieving fiberscope effect in disorder optical fiber bundle"; scientist_id: "e0815074-0751-53d3-86df-68e7114ef5ab";
2025-01-05 12:12:16 [knowledge_scraper.pipelines] INFO: Validation: set field to null - PublicationItem - validate_and_null: provided key "publisher" is not in item -> identifier: "3ba50d11-0228-5c68-bfb2-ab69022bd573"; title: "The possibility of achieving fiberscope effect in disorder optical fiber bundle"; scientist_id: "e0815074-0751-53d3-86df-68e7114ef5ab";
2025-01-05 12:12:17 [knowledge_scraper.pipelines] INFO: Validation: set field to null - PublicationItem - validate_and_null: provided key "journal" is not in item -> identifier: "f3519fb4-c7b3-5dfc-83d0-242f149cf392"; title: "Optoelectronic set for measuring reflectance spectrum of living human skin"; scientist_id: "e0815074-0751-53d3-86df-68e7114ef5ab";
2025-01-05 12:12:17 [knowledge_scraper.pipelines] INFO: Validation: set field to null - PublicationItem - validate_and_null: provided key "publisher" is not in item -> identifier: "f3519fb4-c7b3-5dfc-83d0-242f149cf392"; title: "Optoelectronic set for measuring reflectance spectrum of living human skin"; scientist_id: "e0815074-0751-53d3-86df-68e7114ef5ab";
2025-01-05 12:12:17 [knowledge_scraper.pipelines] INFO: Validation: set field to null - PublicationItem - validate_and_null: provided key "publisher" is not in item -> identifier: "260331ab-4481-5152-9a26-ddf5516a801d"; title: "Układ stabilizacji temperaturowej zestawu niezależnie pracujących diod laserowych"; scientist_id: "e0815074-0751-53d3-86df-68e7114ef5ab";
2025-01-05 12:12:18 [knowledge_scraper.pipelines] INFO: Validation: set field to null - PublicationItem - validate_and_null: provided key "publisher" is not in item -> identifier: "b9e7e944-b330-595f-8705-c186dd40c6ca"; title: "Effect of LLLT on endothelial cells culture"; scientist_id: "e0815074-0751-53d3-86df-68e7114ef5ab";
2025-01-05 12:12:18 [knowledge_scraper.pipelines] INFO: Validation: set field to null - PublicationItem - validate_and_null: provided key "publisher" is not in item -> identifier: "109396d8-0765-5164-8882-f3d69d35bb56"; title: "Wybrane zagadnienia dotyczące projektowania charakterystyki spektralnej układu oświetlającego do zastosowań medycznych na przykładzie oświetlacza endoskopu"; scientist_id: "e0815074-0751-53d3-86df-68e7114ef5ab";
2025-01-05 12:12:18 [knowledge_scraper.pipelines] INFO: Validation: set field to null - PublicationItem - validate_and_null: provided key "journal" is not in item -> identifier: "4546594d-d5d8-5864-bd40-e62921e42249"; title: "Wykorzystanie diod LED w medycynie"; scientist_id: "e0815074-0751-53d3-86df-68e7114ef5ab";
2025-01-05 12:12:18 [knowledge_scraper.pipelines] INFO: Validation: set field to null - PublicationItem - validate_and_null: provided key "publisher" is not in item -> identifier: "4546594d-d5d8-5864-bd40-e62921e42249"; title: "Wykorzystanie diod LED w medycynie"; scientist_id: "e0815074-0751-53d3-86df-68e7114ef5ab";
2025-01-05 12:12:19 [knowledge_scraper.pipelines] INFO: Validation: set field to null - PublicationItem - validate_and_null: provided key "journal" is not in item -> identifier: "96877e51-570b-5217-846e-9e3b323c5323"; title: "Ocena możliwości modelowania temperatury barwowej najbliższej zestawu diod elektroluminescencyjnych dużej mocy"; scientist_id: "e0815074-0751-53d3-86df-68e7114ef5ab";
2025-01-05 12:12:19 [knowledge_scraper.pipelines] INFO: Validation: set field to null - PublicationItem - validate_and_null: provided key "publisher" is not in item -> identifier: "96877e51-570b-5217-846e-9e3b323c5323"; title: "Ocena możliwości modelowania temperatury barwowej najbliższej zestawu diod elektroluminescencyjnych dużej mocy"; scientist_id: "e0815074-0751-53d3-86df-68e7114ef5ab";
2025-01-05 12:12:20 [knowledge_scraper.pipelines] INFO: Validation: set field to null - PublicationItem - validate_and_null: provided key "journal" is not in item -> identifier: "880674de-fb09-548f-b440-e4f548ed2be4"; title: "Zastosowanie diod LED do poprawy warunków pracy wzrokowej"; scientist_id: "e0815074-0751-53d3-86df-68e7114ef5ab";
2025-01-05 12:12:20 [knowledge_scraper.pipelines] INFO: Validation: set field to null - PublicationItem - validate_and_null: provided key "publisher" is not in item -> identifier: "880674de-fb09-548f-b440-e4f548ed2be4"; title: "Zastosowanie diod LED do poprawy warunków pracy wzrokowej"; scientist_id: "e0815074-0751-53d3-86df-68e7114ef5ab";
2025-01-05 12:12:20 [knowledge_scraper.pipelines] INFO: Validation: set field to null - PublicationItem - validate_and_null: provided key "journal" is not in item -> identifier: "32081c8d-5cb9-56dc-9bed-b7e58592258e"; title: "Tunable light sources for general illumination and medical applications"; scientist_id: "e0815074-0751-53d3-86df-68e7114ef5ab";
2025-01-05 12:12:20 [knowledge_scraper.pipelines] INFO: Validation: set field to null - PublicationItem - validate_and_null: provided key "publisher" is not in item -> identifier: "32081c8d-5cb9-56dc-9bed-b7e58592258e"; title: "Tunable light sources for general illumination and medical applications"; scientist_id: "e0815074-0751-53d3-86df-68e7114ef5ab";
2025-01-05 12:12:20 [knowledge_scraper.pipelines] INFO: Validation: set field to null - PublicationItem - validate_and_null: provided key "journal" is not in item -> identifier: "7523307d-03a5-5fe2-a36f-5fa3f87de257"; title: "Badanie wpływu sposobu zasilania na wybrane parametry optyczne zestawu diod elektroluminescencyjnych"; scientist_id: "e0815074-0751-53d3-86df-68e7114ef5ab";
2025-01-05 12:12:20 [knowledge_scraper.pipelines] INFO: Validation: set field to null - PublicationItem - validate_and_null: provided key "publisher" is not in item -> identifier: "7523307d-03a5-5fe2-a36f-5fa3f87de257"; title: "Badanie wpływu sposobu zasilania na wybrane parametry optyczne zestawu diod elektroluminescencyjnych"; scientist_id: "e0815074-0751-53d3-86df-68e7114ef5ab";
2025-01-05 12:12:21 [knowledge_scraper.pipelines] INFO: Validation: set field to null - PublicationItem - validate_and_null: provided key "journal" is not in item -> identifier: "5638dc58-1ee9-5996-92c0-64e86345dc1e"; title: "Spectroscopic properties of Eu-doped antimony-germanate glass and glass-ceramics"; scientist_id: "e0815074-0751-53d3-86df-68e7114ef5ab";
2025-01-05 12:12:21 [knowledge_scraper.pipelines] INFO: Validation: set field to null - PublicationItem - validate_and_null: provided key "publisher" is not in item -> identifier: "5638dc58-1ee9-5996-92c0-64e86345dc1e"; title: "Spectroscopic properties of Eu-doped antimony-germanate glass and glass-ceramics"; scientist_id: "e0815074-0751-53d3-86df-68e7114ef5ab";
2025-01-05 12:12:21 [knowledge_scraper.pipelines] INFO: Validation: set field to null - PublicationItem - validate_and_null: provided key "journal" is not in item -> identifier: "e7c9d69d-a20e-5cc1-8cf7-6b7654d588c6"; title: "Semiconductor lasers vs LEDs in diagnostic and therapeutic medicine"; scientist_id: "e0815074-0751-53d3-86df-68e7114ef5ab";
2025-01-05 12:12:21 [knowledge_scraper.pipelines] INFO: Validation: set field to null - PublicationItem - validate_and_null: provided key "publisher" is not in item -> identifier: "e7c9d69d-a20e-5cc1-8cf7-6b7654d588c6"; title: "Semiconductor lasers vs LEDs in diagnostic and therapeutic medicine"; scientist_id: "e0815074-0751-53d3-86df-68e7114ef5ab";
2025-01-05 12:12:22 [knowledge_scraper.pipelines] INFO: Validation: set field to null - PublicationItem - validate_and_null: provided key "journal" is not in item -> identifier: "0910a4cd-ba78-5b40-ac0c-5808449a30bb"; title: "Color mixing in LED illuminating system for endoscopic purposes"; scientist_id: "e0815074-0751-53d3-86df-68e7114ef5ab";
2025-01-05 12:12:22 [knowledge_scraper.pipelines] INFO: Validation: set field to null - PublicationItem - validate_and_null: provided key "publisher" is not in item -> identifier: "0910a4cd-ba78-5b40-ac0c-5808449a30bb"; title: "Color mixing in LED illuminating system for endoscopic purposes"; scientist_id: "e0815074-0751-53d3-86df-68e7114ef5ab";
2025-01-05 12:12:23 [knowledge_scraper.pipelines] INFO: Validation: set field to null - PublicationItem - validate_and_null: provided key "publisher" is not in item -> identifier: "182adcad-ab8a-5e89-983b-5518b4a673a6"; title: "Ocena możliwości modelowania temperatury barwowej najbliższej zestawu diod LED dużej mocy"; scientist_id: "e0815074-0751-53d3-86df-68e7114ef5ab";
2025-01-05 12:12:23 [knowledge_scraper.pipelines] INFO: Validation: set field to null - PublicationItem - validate_and_null: provided key "journal" is not in item -> identifier: "2e13764e-f0b4-5a68-94b7-7b9df261b817"; title: "Analiza środowiska wewnętrznego w mieszkaniu w budownictwie wielorodzinnym"; scientist_id: "f0193dbc-46b6-55ca-87f3-9557acb59dd4";
2025-01-05 12:12:23 [knowledge_scraper.pipelines] INFO: Validation: set field to null - PublicationItem - validate_and_null: provided key "publisher" is not in item -> identifier: "2e13764e-f0b4-5a68-94b7-7b9df261b817"; title: "Analiza środowiska wewnętrznego w mieszkaniu w budownictwie wielorodzinnym"; scientist_id: "f0193dbc-46b6-55ca-87f3-9557acb59dd4";
2025-01-05 12:12:24 [knowledge_scraper.pipelines] INFO: Validation: set field to null - PublicationItem - validate_and_null: provided key "journal" is not in item -> identifier: "cf63d0aa-813a-5089-8328-1b5806921bb5"; title: "Analiza jakości powietrza w wybranych pomieszczeniach"; scientist_id: "f0193dbc-46b6-55ca-87f3-9557acb59dd4";
2025-01-05 12:12:24 [knowledge_scraper.pipelines] INFO: Validation: set field to null - PublicationItem - validate_and_null: provided key "journal" is not in item -> identifier: "c9d15cd7-75da-5c2c-b7a8-d50c1ef15415"; title: "The Small Technical English-Polish-Spanish-Lithuanian Dictionary"; scientist_id: "f0193dbc-46b6-55ca-87f3-9557acb59dd4";
2025-01-05 12:12:24 [knowledge_scraper.pipelines] INFO: Validation: set field to null - PublicationItem - validate_and_null: provided key "publisher" is not in item -> identifier: "c9d15cd7-75da-5c2c-b7a8-d50c1ef15415"; title: "The Small Technical English-Polish-Spanish-Lithuanian Dictionary"; scientist_id: "f0193dbc-46b6-55ca-87f3-9557acb59dd4";
2025-01-05 12:12:25 [knowledge_scraper.pipelines] INFO: Validation: set field to null - PublicationItem - validate_and_null: provided key "publisher" is not in item -> identifier: "d9a7885f-134a-536f-b445-022ab0f8fc15"; title: "Analysis of thermal comfort in education building in surveys"; scientist_id: "f0193dbc-46b6-55ca-87f3-9557acb59dd4";
2025-01-05 12:12:25 [knowledge_scraper.pipelines] INFO: Validation: set field to null - PublicationItem - validate_and_null: provided key "publisher" is not in item -> identifier: "481c15d8-1880-5cbd-8602-8155854d609e"; title: "Wyznaczanie strumienia powietrza przepływającego przez okno"; scientist_id: "f0193dbc-46b6-55ca-87f3-9557acb59dd4";
2025-01-05 12:12:25 [knowledge_scraper.pipelines] INFO: Validation: set field to null - PublicationItem - validate_and_null: provided key "publisher" is not in item -> identifier: "4a20e9e9-4964-5b76-b144-e6b4dd670fb0"; title: "Changes of Carbon Dioxide Concentrations in Classrooms: Simplified Model and Experimental Verification"; scientist_id: "f0193dbc-46b6-55ca-87f3-9557acb59dd4";
2025-01-05 12:12:26 [knowledge_scraper.pipelines] INFO: Validation: set field to null - PublicationItem - validate_and_null: provided key "publisher" is not in item -> identifier: "8853fd7a-b127-50de-9876-a17e8758e0fc"; title: "Analysis of the results of emiprical research and surveys of perceived indoor temperature depending on gender and seasons"; scientist_id: "f0193dbc-46b6-55ca-87f3-9557acb59dd4";
2025-01-05 12:12:26 [knowledge_scraper.pipelines] INFO: Validation: set field to null - PublicationItem - validate_and_null: provided key "publisher" is not in item -> identifier: "97c269c9-c808-5b29-b710-fc5d83b027ff"; title: "Usable elements of technical infrastructure around historic architecture in the Old Town of Prague"; scientist_id: "f0193dbc-46b6-55ca-87f3-9557acb59dd4";
2025-01-05 12:12:27 [knowledge_scraper.pipelines] INFO: Validation: set field to null - PublicationItem - validate_and_null: provided key "publisher" is not in item -> identifier: "2f871c5a-2546-5611-b26a-8682bd1fa47c"; title: "Correlation of humidity and temperature in conference rooms - preliminary tests"; scientist_id: "f0193dbc-46b6-55ca-87f3-9557acb59dd4";
2025-01-05 12:12:27 [knowledge_scraper.pipelines] INFO: Validation: set field to null - PublicationItem - validate_and_null: provided key "publisher" is not in item -> identifier: "1989d268-bb00-5074-b8b4-8b8c62a4814c"; title: "Analysis of operating costs of a heat pump in a passive building"; scientist_id: "f0193dbc-46b6-55ca-87f3-9557acb59dd4";
2025-01-05 12:12:27 [knowledge_scraper.pipelines] INFO: Validation: set field to null - PublicationItem - validate_and_null: provided key "journal" is not in item -> identifier: "5ec21149-f495-5e81-8720-bda45bfe5325"; title: "Usable architectural details in the Old Town of Prague"; scientist_id: "f0193dbc-46b6-55ca-87f3-9557acb59dd4";
2025-01-05 12:12:27 [knowledge_scraper.pipelines] INFO: Validation: set field to null - PublicationItem - validate_and_null: provided key "publisher" is not in item -> identifier: "5ec21149-f495-5e81-8720-bda45bfe5325"; title: "Usable architectural details in the Old Town of Prague"; scientist_id: "f0193dbc-46b6-55ca-87f3-9557acb59dd4";
2025-01-05 12:12:28 [knowledge_scraper.pipelines] INFO: Validation: set field to null - PublicationItem - validate_and_null: provided key "journal" is not in item -> identifier: "1a5a2e6f-76c9-5061-8724-bbec30bd8f7d"; title: "Rekuperacja jako metoda odzysku ciepła z wentylacji"; scientist_id: "f0193dbc-46b6-55ca-87f3-9557acb59dd4";
2025-01-05 12:12:28 [knowledge_scraper.pipelines] INFO: Validation: set field to null - PublicationItem - validate_and_null: provided key "publisher" is not in item -> identifier: "1a5a2e6f-76c9-5061-8724-bbec30bd8f7d"; title: "Rekuperacja jako metoda odzysku ciepła z wentylacji"; scientist_id: "f0193dbc-46b6-55ca-87f3-9557acb59dd4";
2025-01-05 12:12:28 [knowledge_scraper.pipelines] INFO: Validation: set field to null - PublicationItem - validate_and_null: provided key "journal" is not in item -> identifier: "dc2ada74-ea2d-5b94-a9e3-14e9ca2ff3ee"; title: "Correlation of humidity and temperature in conference rooms - preliminary tests"; scientist_id: "f0193dbc-46b6-55ca-87f3-9557acb59dd4";
2025-01-05 12:12:28 [knowledge_scraper.pipelines] INFO: Validation: set field to null - PublicationItem - validate_and_null: provided key "publisher" is not in item -> identifier: "dc2ada74-ea2d-5b94-a9e3-14e9ca2ff3ee"; title: "Correlation of humidity and temperature in conference rooms - preliminary tests"; scientist_id: "f0193dbc-46b6-55ca-87f3-9557acb59dd4";
2025-01-05 12:12:29 [knowledge_scraper.pipelines] INFO: Validation: set field to null - PublicationItem - validate_and_null: provided key "journal" is not in item -> identifier: "0e67f670-75bd-568c-80e2-daa84c01415e"; title: "Analysis of thermal comfort in education building in surveys"; scientist_id: "f0193dbc-46b6-55ca-87f3-9557acb59dd4";
2025-01-05 12:12:29 [knowledge_scraper.pipelines] INFO: Validation: set field to null - PublicationItem - validate_and_null: provided key "publisher" is not in item -> identifier: "0e67f670-75bd-568c-80e2-daa84c01415e"; title: "Analysis of thermal comfort in education building in surveys"; scientist_id: "f0193dbc-46b6-55ca-87f3-9557acb59dd4";
2025-01-05 12:12:29 [knowledge_scraper.pipelines] INFO: Validation: set field to null - PublicationItem - validate_and_null: provided key "journal" is not in item -> identifier: "ef2c1ee8-c70e-5ad6-8fcf-a53cf09b784f"; title: "Analysis of operating costs of heat pump in passive building"; scientist_id: "f0193dbc-46b6-55ca-87f3-9557acb59dd4";
2025-01-05 12:12:29 [knowledge_scraper.pipelines] INFO: Validation: set field to null - PublicationItem - validate_and_null: provided key "publisher" is not in item -> identifier: "ef2c1ee8-c70e-5ad6-8fcf-a53cf09b784f"; title: "Analysis of operating costs of heat pump in passive building"; scientist_id: "f0193dbc-46b6-55ca-87f3-9557acb59dd4";
2025-01-05 12:12:29 [knowledge_scraper.pipelines] INFO: Validation: set field to null - PublicationItem - validate_and_null: provided key "publisher" is not in item -> identifier: "2c057ed2-72fb-5ee3-b879-901fd9f46bf0"; title: "Analiza stężenia pyłów zawieszonych PM10 i PM2,5 w domu jednorodzinnym"; scientist_id: "f0193dbc-46b6-55ca-87f3-9557acb59dd4";
2025-01-05 12:12:30 [knowledge_scraper.pipelines] INFO: Validation: set field to null - PublicationItem - validate_and_null: provided key "publisher" is not in item -> identifier: "3867a71c-4f23-5570-b8ae-3a5c2b6bf8c8"; title: "The concentration of carbon dioxide in conference rooms: a simplified model and experimental verification"; scientist_id: "f0193dbc-46b6-55ca-87f3-9557acb59dd4";
2025-01-05 12:12:30 [knowledge_scraper.pipelines] INFO: Validation: set field to null - PublicationItem - validate_and_null: provided key "publisher" is not in item -> identifier: "5cd2d85e-3b45-5a36-9df8-c124cd80139c"; title: "Survey Research of Selected Issues the Sick Building Syndrome (SBS) in an Office Building"; scientist_id: "f0193dbc-46b6-55ca-87f3-9557acb59dd4";
2025-01-05 12:12:31 [knowledge_scraper.pipelines] INFO: Validation: set field to null - PublicationItem - validate_and_null: provided key "publisher" is not in item -> identifier: "ab2e7437-3762-594f-8c85-d0f7c41080d5"; title: "Indoor Air Quality in the Bedroom of a Single-Family House—A Case Study"; scientist_id: "f0193dbc-46b6-55ca-87f3-9557acb59dd4";
2025-01-05 12:12:31 [knowledge_scraper.pipelines] INFO: Validation: set field to null - PublicationItem - validate_and_null: provided key "publisher" is not in item -> identifier: "d5264948-6bd2-5305-ab28-949e97632178"; title: "Społeczna odpowiedzialność biznesu w wybranych krajach Unii Europejskiej"; scientist_id: "ff84c0c4-e83d-5dcb-8771-eecb6d9b6071";
2025-01-05 12:12:31 [knowledge_scraper.pipelines] INFO: Validation: set field to null - PublicationItem - validate_and_null: provided key "publisher" is not in item -> identifier: "30e2a98b-1374-5aed-a6b0-b2b9902019fb"; title: "Koncepcja społecznej odpowiedzialności przedsiębiorstw w ekonomii instytucjonalnej"; scientist_id: "ff84c0c4-e83d-5dcb-8771-eecb6d9b6071";
2025-01-05 12:12:31 [knowledge_scraper.pipelines] INFO: Validation: set field to null - PublicationItem - validate_and_null: provided key "publisher" is not in item -> identifier: "5063a982-a37a-5d98-b777-bdd5316670a8"; title: "Ewaluacja jako narzędzie doskonalenia organizacji"; scientist_id: "ff84c0c4-e83d-5dcb-8771-eecb6d9b6071";
2025-01-05 12:12:32 [knowledge_scraper.pipelines] INFO: Validation: set field to null - PublicationItem - validate_and_null: provided key "publisher" is not in item -> identifier: "81a19eab-b6a4-56e7-a548-ab2a3f57d499"; title: "Benchmarking jako narzędzie doskonalenia organizacji w obszarze społecznej odpowiedzialności biznesu"; scientist_id: "ff84c0c4-e83d-5dcb-8771-eecb6d9b6071";
2025-01-05 12:12:32 [knowledge_scraper.pipelines] INFO: Validation: set field to null - PublicationItem - validate_and_null: provided key "publisher" is not in item -> identifier: "78b84e4a-afd7-5496-91d0-e2edb941a785"; title: "Inteligentna specjalizacja - nowy kierunek polityki regionalnej Unii Europejskiej"; scientist_id: "ff84c0c4-e83d-5dcb-8771-eecb6d9b6071";
2025-01-05 12:12:32 [knowledge_scraper.pipelines] INFO: Validation: set field to null - PublicationItem - validate_and_null: provided key "journal" is not in item -> identifier: "38041ada-41fb-5d24-bf23-8593be194968"; title: "Managing by values as new paradigm of management science"; scientist_id: "ff84c0c4-e83d-5dcb-8771-eecb6d9b6071";
2025-01-05 12:12:32 [knowledge_scraper.pipelines] INFO: Validation: set field to null - PublicationItem - validate_and_null: provided key "publisher" is not in item -> identifier: "38041ada-41fb-5d24-bf23-8593be194968"; title: "Managing by values as new paradigm of management science"; scientist_id: "ff84c0c4-e83d-5dcb-8771-eecb6d9b6071";
2025-01-05 12:12:33 [knowledge_scraper.pipelines] INFO: Validation: set field to null - PublicationItem - validate_and_null: provided key "journal" is not in item -> identifier: "264af003-433d-5cb9-a39b-8c9e2e384023"; title: "Corporate social responsibility versus social irresponsibility. Theory approach"; scientist_id: "ff84c0c4-e83d-5dcb-8771-eecb6d9b6071";
2025-01-05 12:12:33 [knowledge_scraper.pipelines] INFO: Validation: set field to null - PublicationItem - validate_and_null: provided key "publisher" is not in item -> identifier: "264af003-433d-5cb9-a39b-8c9e2e384023"; title: "Corporate social responsibility versus social irresponsibility. Theory approach"; scientist_id: "ff84c0c4-e83d-5dcb-8771-eecb6d9b6071";
2025-01-05 12:12:33 [knowledge_scraper.pipelines] INFO: Validation: set field to null - PublicationItem - validate_and_null: provided key "journal" is not in item -> identifier: "b57228ed-8f2e-5ea0-b970-e1273d7925e0"; title: "Corporate social (ir)responsibility"; scientist_id: "ff84c0c4-e83d-5dcb-8771-eecb6d9b6071";
2025-01-05 12:12:34 [knowledge_scraper.pipelines] INFO: Validation: set field to null - PublicationItem - validate_and_null: provided key "publisher" is not in item -> identifier: "190084fb-1234-529f-a404-92002227cc79"; title: "The effectiveness of SRI funds in Poland"; scientist_id: "ff84c0c4-e83d-5dcb-8771-eecb6d9b6071";
2025-01-05 12:12:34 [knowledge_scraper.pipelines] INFO: Validation: set field to null - PublicationItem - validate_and_null: provided key "publisher" is not in item -> identifier: "ac106f70-056a-5c37-98f0-4d8afd5e86a3"; title: "Społecznie odpowiedzialne inwestowanie narzędziem koncepcji społecznie odpowiedzialnego biznesu"; scientist_id: "ff84c0c4-e83d-5dcb-8771-eecb6d9b6071";
2025-01-05 12:12:34 [knowledge_scraper.pipelines] INFO: Validation: set field to null - PublicationItem - validate_and_null: provided key "publisher" is not in item -> identifier: "d8425a5b-62fe-57b2-9d39-9d2540fcb9d6"; title: "Ewaluacja społecznie odpowiedzialnej działalności przedsiębiorstw"; scientist_id: "ff84c0c4-e83d-5dcb-8771-eecb6d9b6071";
2025-01-05 12:12:35 [knowledge_scraper.pipelines] INFO: Validation: set field to null - PublicationItem - validate_and_null: provided key "publisher" is not in item -> identifier: "9d2d9180-5ef5-5075-8e29-f7dfce584780"; title: "A new aproach to evaluation of socially responsible activities"; scientist_id: "ff84c0c4-e83d-5dcb-8771-eecb6d9b6071";
2025-01-05 12:12:35 [knowledge_scraper.pipelines] INFO: Validation: set field to null - PublicationItem - validate_and_null: provided key "journal" is not in item -> identifier: "5e1ec17b-f7fa-55a7-8562-715e672ceb2a"; title: "Socially responsible investment market in Poland"; scientist_id: "ff84c0c4-e83d-5dcb-8771-eecb6d9b6071";
2025-01-05 12:12:35 [knowledge_scraper.pipelines] INFO: Validation: set field to null - PublicationItem - validate_and_null: provided key "publisher" is not in item -> identifier: "5e1ec17b-f7fa-55a7-8562-715e672ceb2a"; title: "Socially responsible investment market in Poland"; scientist_id: "ff84c0c4-e83d-5dcb-8771-eecb6d9b6071";
2025-01-05 12:12:36 [knowledge_scraper.pipelines] INFO: Validation: set field to null - PublicationItem - validate_and_null: provided key "journal" is not in item -> identifier: "b24877b5-7ebb-5c94-8cb5-e30e45220ddf"; title: "Socially responsible business as a form of development of relations with stakeholders – research results"; scientist_id: "ff84c0c4-e83d-5dcb-8771-eecb6d9b6071";
2025-01-05 12:12:36 [knowledge_scraper.pipelines] INFO: Validation: set field to null - PublicationItem - validate_and_null: provided key "publisher" is not in item -> identifier: "b24877b5-7ebb-5c94-8cb5-e30e45220ddf"; title: "Socially responsible business as a form of development of relations with stakeholders – research results"; scientist_id: "ff84c0c4-e83d-5dcb-8771-eecb6d9b6071";
2025-01-05 12:12:36 [knowledge_scraper.pipelines] INFO: Validation: set field to null - PublicationItem - validate_and_null: provided key "publisher" is not in item -> identifier: "b94be985-acdc-54fe-b685-c489af064763"; title: "Two stage switching control for autonomous formation flight of unmanned aerial vehicles"; scientist_id: "8c4efdcb-dd74-5317-ba30-9caa7c0ec102";
2025-01-05 12:12:36 [knowledge_scraper.pipelines] INFO: Validation: set field to null - PublicationItem - validate_and_null: provided key "publisher" is not in item -> identifier: "9aca6e1a-6ca9-55c9-b4f9-5fddce9525e7"; title: "Przetwarzanie mowy w celu sterowania urządzeniami mechatronicznymi"; scientist_id: "8c4efdcb-dd74-5317-ba30-9caa7c0ec102";
2025-01-05 12:12:37 [knowledge_scraper.pipelines] INFO: Validation: set field to null - PublicationItem - validate_and_null: provided key "publisher" is not in item -> identifier: "c99ecb9f-69a1-5b22-ae21-8aacc476f529"; title: "Computationaly simple obstacle avoidance control law for small unmanned aerial vehicles"; scientist_id: "8c4efdcb-dd74-5317-ba30-9caa7c0ec102";
2025-01-05 12:12:37 [knowledge_scraper.pipelines] INFO: Validation: set field to null - PublicationItem - validate_and_null: provided key "journal" is not in item -> identifier: "ebeac4b4-e9e8-5459-8254-a75527326d45"; title: "Dynamic model of device with parallel-serial structure to support the human lower limb"; scientist_id: "8c4efdcb-dd74-5317-ba30-9caa7c0ec102";
2025-01-05 12:12:37 [knowledge_scraper.pipelines] INFO: Validation: set field to null - PublicationItem - validate_and_null: provided key "publisher" is not in item -> identifier: "ebeac4b4-e9e8-5459-8254-a75527326d45"; title: "Dynamic model of device with parallel-serial structure to support the human lower limb"; scientist_id: "8c4efdcb-dd74-5317-ba30-9caa7c0ec102";
2025-01-05 12:12:38 [knowledge_scraper.pipelines] INFO: Validation: set field to null - PublicationItem - validate_and_null: provided key "journal" is not in item -> identifier: "414b718b-f2bb-5d55-a88b-0064e47f400b"; title: "Influence of reduction methods of structure models on the stability of vibration control system"; scientist_id: "8c4efdcb-dd74-5317-ba30-9caa7c0ec102";
2025-01-05 12:12:38 [knowledge_scraper.pipelines] INFO: Validation: set field to null - PublicationItem - validate_and_null: provided key "publisher" is not in item -> identifier: "414b718b-f2bb-5d55-a88b-0064e47f400b"; title: "Influence of reduction methods of structure models on the stability of vibration control system"; scientist_id: "8c4efdcb-dd74-5317-ba30-9caa7c0ec102";
2025-01-05 12:12:38 [knowledge_scraper.pipelines] INFO: Validation: set field to null - PublicationItem - validate_and_null: provided key "journal" is not in item -> identifier: "1ace8573-db97-5585-8940-87b74a6c179c"; title: "Roboty mobilne jako inteligentne systemy techniczne"; scientist_id: "8c4efdcb-dd74-5317-ba30-9caa7c0ec102";
2025-01-05 12:12:38 [knowledge_scraper.pipelines] INFO: Validation: set field to null - PublicationItem - validate_and_null: provided key "publisher" is not in item -> identifier: "1ace8573-db97-5585-8940-87b74a6c179c"; title: "Roboty mobilne jako inteligentne systemy techniczne"; scientist_id: "8c4efdcb-dd74-5317-ba30-9caa7c0ec102";
2025-01-05 12:12:39 [knowledge_scraper.pipelines] INFO: Validation: set field to null - PublicationItem - validate_and_null: provided key "journal" is not in item -> identifier: "78f0bea6-9072-550e-b317-686e6b2d5da8"; title: "Reduction methods of structure models for vibration control system"; scientist_id: "8c4efdcb-dd74-5317-ba30-9caa7c0ec102";
2025-01-05 12:12:39 [knowledge_scraper.pipelines] INFO: Validation: set field to null - PublicationItem - validate_and_null: provided key "publisher" is not in item -> identifier: "78f0bea6-9072-550e-b317-686e6b2d5da8"; title: "Reduction methods of structure models for vibration control system"; scientist_id: "8c4efdcb-dd74-5317-ba30-9caa7c0ec102";
2025-01-05 12:12:39 [knowledge_scraper.pipelines] INFO: Validation: set field to null - PublicationItem - validate_and_null: provided key "journal" is not in item -> identifier: "a5d2b1bf-aff2-5a0b-a276-b2642c7c824d"; title: "Integration and field tests of flight and navigation controller for remotely piloted aerial systems"; scientist_id: "8c4efdcb-dd74-5317-ba30-9caa7c0ec102";
2025-01-05 12:12:39 [knowledge_scraper.pipelines] INFO: Validation: set field to null - PublicationItem - validate_and_null: provided key "publisher" is not in item -> identifier: "a5d2b1bf-aff2-5a0b-a276-b2642c7c824d"; title: "Integration and field tests of flight and navigation controller for remotely piloted aerial systems"; scientist_id: "8c4efdcb-dd74-5317-ba30-9caa7c0ec102";
2025-01-05 12:12:40 [knowledge_scraper.pipelines] INFO: Validation: set field to null - PublicationItem - validate_and_null: provided key "journal" is not in item -> identifier: "da5e000c-beb8-5123-8f20-50ea13c899f7"; title: "Inertial measurement units for position and orientation estimation of end effector of manipulator"; scientist_id: "8c4efdcb-dd74-5317-ba30-9caa7c0ec102";
2025-01-05 12:12:40 [knowledge_scraper.pipelines] INFO: Validation: set field to null - PublicationItem - validate_and_null: provided key "publisher" is not in item -> identifier: "da5e000c-beb8-5123-8f20-50ea13c899f7"; title: "Inertial measurement units for position and orientation estimation of end effector of manipulator"; scientist_id: "8c4efdcb-dd74-5317-ba30-9caa7c0ec102";
2025-01-05 12:12:40 [knowledge_scraper.pipelines] INFO: Validation: set field to null - PublicationItem - validate_and_null: provided key "journal" is not in item -> identifier: "6749a8cd-c81e-50e9-a1a3-ab2e13fb81ca"; title: "Experimental analysis of navigational precision for dedicated GNSS receivers"; scientist_id: "8c4efdcb-dd74-5317-ba30-9caa7c0ec102";
2025-01-05 12:12:40 [knowledge_scraper.pipelines] INFO: Validation: set field to null - PublicationItem - validate_and_null: provided key "publisher" is not in item -> identifier: "6749a8cd-c81e-50e9-a1a3-ab2e13fb81ca"; title: "Experimental analysis of navigational precision for dedicated GNSS receivers"; scientist_id: "8c4efdcb-dd74-5317-ba30-9caa7c0ec102";
2025-01-05 12:12:41 [knowledge_scraper.pipelines] INFO: Validation: set field to null - PublicationItem - validate_and_null: provided key "journal" is not in item -> identifier: "3dfdc968-8a1e-5cff-911f-1740c99b1dbb"; title: "Ellipsoidal unfalsified control in small UAV"; scientist_id: "8c4efdcb-dd74-5317-ba30-9caa7c0ec102";
2025-01-05 12:12:41 [knowledge_scraper.pipelines] INFO: Validation: set field to null - PublicationItem - validate_and_null: provided key "publisher" is not in item -> identifier: "3dfdc968-8a1e-5cff-911f-1740c99b1dbb"; title: "Ellipsoidal unfalsified control in small UAV"; scientist_id: "8c4efdcb-dd74-5317-ba30-9caa7c0ec102";
2025-01-05 12:12:41 [knowledge_scraper.pipelines] INFO: Validation: set field to null - PublicationItem - validate_and_null: provided key "journal" is not in item -> identifier: "1dee8c6c-e8ea-5a18-b262-b8bdd1d87958"; title: "Real Time Localization System with Extended Kalman Filter for Indoor Applications"; scientist_id: "8c4efdcb-dd74-5317-ba30-9caa7c0ec102";
2025-01-05 12:12:41 [knowledge_scraper.pipelines] INFO: Validation: set field to null - PublicationItem - validate_and_null: provided key "publisher" is not in item -> identifier: "1dee8c6c-e8ea-5a18-b262-b8bdd1d87958"; title: "Real Time Localization System with Extended Kalman Filter for Indoor Applications"; scientist_id: "8c4efdcb-dd74-5317-ba30-9caa7c0ec102";
2025-01-05 12:12:42 [knowledge_scraper.pipelines] INFO: Validation: set field to null - PublicationItem - validate_and_null: provided key "publisher" is not in item -> identifier: "eb4c557e-8571-5a16-a569-dc4a017151f9"; title: "Reduction methods of structure models for control system purposes"; scientist_id: "8c4efdcb-dd74-5317-ba30-9caa7c0ec102";
2025-01-05 12:12:42 [knowledge_scraper.pipelines] INFO: Validation: set field to null - PublicationItem - validate_and_null: provided key "publisher" is not in item -> identifier: "bf5a09b9-cd21-5c7f-bb38-fe5d1f9bbfe9"; title: "Quasi-optimal locations of piezo-elements on a rectangular plate"; scientist_id: "8c4efdcb-dd74-5317-ba30-9caa7c0ec102";
2025-01-05 12:12:42 [knowledge_scraper.pipelines] INFO: Validation: set field to null - PublicationItem - validate_and_null: provided key "publisher" is not in item -> identifier: "0a42b92a-31c6-561d-a1c5-0e299711004d"; title: "HIL investigations of extended UAV on-board controller"; scientist_id: "8c4efdcb-dd74-5317-ba30-9caa7c0ec102";
2025-01-05 12:12:43 [knowledge_scraper.pipelines] INFO: Validation: set field to null - PublicationItem - validate_and_null: provided key "publisher" is not in item -> identifier: "d27d3c43-23ac-59d8-b7da-e5e225cebb2f"; title: "A Ground Control Station for the UAV Flight Simulator"; scientist_id: "8c4efdcb-dd74-5317-ba30-9caa7c0ec102";
2025-01-05 12:12:43 [knowledge_scraper.pipelines] INFO: Validation: set field to null - PublicationItem - validate_and_null: provided key "journal" is not in item -> identifier: "8ee959f4-eb52-58ea-b80f-7be540c46db6"; title: "Design of active vibration control system for the smart beam with non-collocated piezo-elements"; scientist_id: "8c4efdcb-dd74-5317-ba30-9caa7c0ec102";
2025-01-05 12:12:43 [knowledge_scraper.pipelines] INFO: Validation: set field to null - PublicationItem - validate_and_null: provided key "publisher" is not in item -> identifier: "8ee959f4-eb52-58ea-b80f-7be540c46db6"; title: "Design of active vibration control system for the smart beam with non-collocated piezo-elements"; scientist_id: "8c4efdcb-dd74-5317-ba30-9caa7c0ec102";
2025-01-05 12:12:44 [knowledge_scraper.pipelines] INFO: Validation: set field to null - PublicationItem - validate_and_null: provided key "journal" is not in item -> identifier: "56fb04c0-8dd4-52f9-b06b-f5286dfe238b"; title: "Two stage algorithm of anchors autolocalization in complex radiolocalization systems"; scientist_id: "8c4efdcb-dd74-5317-ba30-9caa7c0ec102";
2025-01-05 12:12:44 [knowledge_scraper.pipelines] INFO: Validation: set field to null - PublicationItem - validate_and_null: provided key "publisher" is not in item -> identifier: "56fb04c0-8dd4-52f9-b06b-f5286dfe238b"; title: "Two stage algorithm of anchors autolocalization in complex radiolocalization systems"; scientist_id: "8c4efdcb-dd74-5317-ba30-9caa7c0ec102";
2025-01-05 12:12:44 [knowledge_scraper.pipelines] INFO: Validation: set field to null - PublicationItem - validate_and_null: provided key "journal" is not in item -> identifier: "4ed65c39-f57f-5d16-862a-82d0db7605fb"; title: "HIL investigations of extended UAV on-board controller"; scientist_id: "8c4efdcb-dd74-5317-ba30-9caa7c0ec102";
2025-01-05 12:12:44 [knowledge_scraper.pipelines] INFO: Validation: set field to null - PublicationItem - validate_and_null: provided key "publisher" is not in item -> identifier: "4ed65c39-f57f-5d16-862a-82d0db7605fb"; title: "HIL investigations of extended UAV on-board controller"; scientist_id: "8c4efdcb-dd74-5317-ba30-9caa7c0ec102";
2025-01-05 12:12:45 [knowledge_scraper.pipelines] INFO: Validation: set field to null - PublicationItem - validate_and_null: provided key "journal" is not in item -> identifier: "94883dbb-3a5e-5524-bac0-9489e2611947"; title: "Filtr integrujący przeznaczony do fuzji danych płynących z systemu radiolokalizacyjnego oraz systemu inercyjnego"; scientist_id: "8c4efdcb-dd74-5317-ba30-9caa7c0ec102";
2025-01-05 12:12:45 [knowledge_scraper.pipelines] INFO: Validation: set field to null - PublicationItem - validate_and_null: provided key "publisher" is not in item -> identifier: "94883dbb-3a5e-5524-bac0-9489e2611947"; title: "Filtr integrujący przeznaczony do fuzji danych płynących z systemu radiolokalizacyjnego oraz systemu inercyjnego"; scientist_id: "8c4efdcb-dd74-5317-ba30-9caa7c0ec102";
2025-01-05 12:12:45 [knowledge_scraper.pipelines] INFO: Validation: set field to null - PublicationItem - validate_and_null: provided key "journal" is not in item -> identifier: "8091ce77-ba4b-59e1-a237-e6d1ea9c3a9b"; title: "Non-linear analysis of alternative nozzles penetration by liquid during bubble departures"; scientist_id: "b81ce8e6-cf6e-5190-825a-9f11584c247d";
2025-01-05 12:12:45 [knowledge_scraper.pipelines] INFO: Validation: set field to null - PublicationItem - validate_and_null: provided key "publisher" is not in item -> identifier: "8091ce77-ba4b-59e1-a237-e6d1ea9c3a9b"; title: "Non-linear analysis of alternative nozzles penetration by liquid during bubble departures"; scientist_id: "b81ce8e6-cf6e-5190-825a-9f11584c247d";
2025-01-05 12:12:45 [knowledge_scraper.pipelines] INFO: Validation: set field to null - PublicationItem - validate_and_null: provided key "journal" is not in item -> identifier: "6209ce74-938a-5a5c-8309-4ec1e3da9b1f"; title: "Pore-scale numerical modeling of the large uniaxial compressive deformation of porous 316L steel based on X-ray microtomography"; scientist_id: "b81ce8e6-cf6e-5190-825a-9f11584c247d";
2025-01-05 12:12:45 [knowledge_scraper.pipelines] INFO: Validation: set field to null - PublicationItem - validate_and_null: provided key "publisher" is not in item -> identifier: "6209ce74-938a-5a5c-8309-4ec1e3da9b1f"; title: "Pore-scale numerical modeling of the large uniaxial compressive deformation of porous 316L steel based on X-ray microtomography"; scientist_id: "b81ce8e6-cf6e-5190-825a-9f11584c247d";
2025-01-05 12:12:46 [knowledge_scraper.pipelines] INFO: Validation: set field to null - PublicationItem - validate_and_null: provided key "journal" is not in item -> identifier: "d88f312f-27c4-5562-b3f2-63aa828a95a1"; title: "Numerical modeling of the compressive mechanical properties of sintered porous metal based on micro-CT"; scientist_id: "b81ce8e6-cf6e-5190-825a-9f11584c247d";
2025-01-05 12:12:46 [knowledge_scraper.pipelines] INFO: Validation: set field to null - PublicationItem - validate_and_null: provided key "publisher" is not in item -> identifier: "d88f312f-27c4-5562-b3f2-63aa828a95a1"; title: "Numerical modeling of the compressive mechanical properties of sintered porous metal based on micro-CT"; scientist_id: "b81ce8e6-cf6e-5190-825a-9f11584c247d";
2025-01-05 12:12:46 [knowledge_scraper.pipelines] INFO: Validation: set field to null - PublicationItem - validate_and_null: provided key "journal" is not in item -> identifier: "7c837d79-e4b8-5d43-8fc6-5fd8a0c683c9"; title: "Densification effect analysis of sintered porous metal under compression using FEM and micro-CT"; scientist_id: "b81ce8e6-cf6e-5190-825a-9f11584c247d";
2025-01-05 12:12:46 [knowledge_scraper.pipelines] INFO: Validation: set field to null - PublicationItem - validate_and_null: provided key "publisher" is not in item -> identifier: "7c837d79-e4b8-5d43-8fc6-5fd8a0c683c9"; title: "Densification effect analysis of sintered porous metal under compression using FEM and micro-CT"; scientist_id: "b81ce8e6-cf6e-5190-825a-9f11584c247d";
2025-01-05 12:12:47 [knowledge_scraper.pipelines] INFO: Validation: set field to null - PublicationItem - validate_and_null: provided key "journal" is not in item -> identifier: "6bb100c7-e08f-5efd-b5c7-7de5d53682ff"; title: "Numerical investigation of ductile fracture of elements with notches under elevated temperature"; scientist_id: "b81ce8e6-cf6e-5190-825a-9f11584c247d";
2025-01-05 12:12:47 [knowledge_scraper.pipelines] INFO: Validation: set field to null - PublicationItem - validate_and_null: provided key "publisher" is not in item -> identifier: "6bb100c7-e08f-5efd-b5c7-7de5d53682ff"; title: "Numerical investigation of ductile fracture of elements with notches under elevated temperature"; scientist_id: "b81ce8e6-cf6e-5190-825a-9f11584c247d";
2025-01-05 12:12:47 [knowledge_scraper.pipelines] INFO: Validation: set field to null - PublicationItem - validate_and_null: provided key "journal" is not in item -> identifier: "ac12dab8-0c3e-5fe8-bda1-a91fc93d259b"; title: "Experimental investigation of ductile fracture of elements with notches under elevated temperature"; scientist_id: "b81ce8e6-cf6e-5190-825a-9f11584c247d";
2025-01-05 12:12:47 [knowledge_scraper.pipelines] INFO: Validation: set field to null - PublicationItem - validate_and_null: provided key "publisher" is not in item -> identifier: "ac12dab8-0c3e-5fe8-bda1-a91fc93d259b"; title: "Experimental investigation of ductile fracture of elements with notches under elevated temperature"; scientist_id: "b81ce8e6-cf6e-5190-825a-9f11584c247d";
2025-01-05 12:12:48 [knowledge_scraper.pipelines] INFO: Validation: set field to null - PublicationItem - validate_and_null: provided key "journal" is not in item -> identifier: "6e76f553-202b-57ce-ad38-e3ad80e429a3"; title: "Experimental investigation of fracture in notched specimens under compression"; scientist_id: "b81ce8e6-cf6e-5190-825a-9f11584c247d";
2025-01-05 12:12:48 [knowledge_scraper.pipelines] INFO: Validation: set field to null - PublicationItem - validate_and_null: provided key "publisher" is not in item -> identifier: "6e76f553-202b-57ce-ad38-e3ad80e429a3"; title: "Experimental investigation of fracture in notched specimens under compression"; scientist_id: "b81ce8e6-cf6e-5190-825a-9f11584c247d";
2025-01-05 12:12:48 [knowledge_scraper.pipelines] INFO: Validation: set field to null - PublicationItem - validate_and_null: provided key "journal" is not in item -> identifier: "27d549b6-0398-50d1-a8ad-b0b5e42c727f"; title: "Conference Proceedings 10th International Symposium on Mechanics of Materials and Structures"; scientist_id: "b81ce8e6-cf6e-5190-825a-9f11584c247d";
2025-01-05 12:12:48 [knowledge_scraper.pipelines] INFO: Validation: set field to null - PublicationItem - validate_and_null: provided key "publisher" is not in item -> identifier: "47d8e298-3967-581f-8fe6-d482a7d60879"; title: "Strength Properties of a Porous Titanium Alloy Ti6Al4V with Diamond Structure Obtained by Laser Power Bed Fusion (LPBF)"; scientist_id: "b81ce8e6-cf6e-5190-825a-9f11584c247d";
2025-01-05 12:12:49 [knowledge_scraper.pipelines] INFO: Validation: set field to null - PublicationItem - validate_and_null: provided key "publisher" is not in item -> identifier: "111e2c90-08b7-5a18-9219-03b2e0525017"; title: "Pore-scale numerical modelling of large deformation behaviour of sintered porous metals under compression using computed microtomography"; scientist_id: "b81ce8e6-cf6e-5190-825a-9f11584c247d";
2025-01-05 12:12:49 [knowledge_scraper.pipelines] INFO: Validation: set field to null - PublicationItem - validate_and_null: provided key "publisher" is not in item -> identifier: "77f830fa-b91e-538e-a6a0-c51e57aeeaf0"; title: "Fracture Initiation in Notched Specimens Subjected to Compression: Strain Rate Effect"; scientist_id: "b81ce8e6-cf6e-5190-825a-9f11584c247d";
2025-01-05 12:12:50 [knowledge_scraper.pipelines] INFO: Validation: set field to null - PublicationItem - validate_and_null: provided key "publisher" is not in item -> identifier: "7bfc9dc0-a690-5138-aa56-8d0b52be7e55"; title: "Experimental Investigation and Modeling of Damage Accumulation of EN-AW 2024 Aluminum Alloy under Creep Condition at Elevated Temperature"; scientist_id: "b81ce8e6-cf6e-5190-825a-9f11584c247d";
2025-01-05 12:12:50 [knowledge_scraper.pipelines] INFO: Validation: set field to null - PublicationItem - validate_and_null: provided key "publisher" is not in item -> identifier: "8a052cdf-034e-5bd5-b09d-8cb536bce8d6"; title: "Numerical modelling of the mesofracture process of sintered 316L steel under tension using microtomography"; scientist_id: "b81ce8e6-cf6e-5190-825a-9f11584c247d";
2025-01-05 12:12:50 [knowledge_scraper.pipelines] INFO: Validation: set field to null - PublicationItem - validate_and_null: provided key "publisher" is not in item -> identifier: "8d3565ac-c28f-5430-b130-895f369b00c7"; title: "Image-based numerical modeling of the tensile deformation behavior and mechanical properties of additive manufactured Ti–6Al–4V diamond lattice structures"; scientist_id: "b81ce8e6-cf6e-5190-825a-9f11584c247d";
2025-01-05 12:12:51 [knowledge_scraper.pipelines] INFO: Validation: set field to null - PublicationItem - validate_and_null: provided key "publisher" is not in item -> identifier: "2a532a73-85f0-559a-8d9f-f902de3bca79"; title: "Analysis of the water meter management of the urban-rural water supply system"; scientist_id: "23c08de1-2868-5e00-bbda-1775da8d0112";
2025-01-05 12:12:51 [knowledge_scraper.pipelines] INFO: Validation: set field to null - PublicationItem - validate_and_null: provided key "publisher" is not in item -> identifier: "a2586b4a-2222-506a-9fdf-78f4e32c4149"; title: "Wpływ badania hydrantów przeciwpożarowych na straty wody"; scientist_id: "23c08de1-2868-5e00-bbda-1775da8d0112";
2025-01-05 12:12:52 [knowledge_scraper.pipelines] INFO: Validation: set field to null - PublicationItem - validate_and_null: provided key "publisher" is not in item -> identifier: "bdb6e4ff-7854-5150-b785-48cb6a944ba1"; title: "Analiza awaryjności miejskiej sieci wodociągowej"; scientist_id: "23c08de1-2868-5e00-bbda-1775da8d0112";
2025-01-05 12:12:52 [knowledge_scraper.pipelines] INFO: Validation: set field to null - PublicationItem - validate_and_null: provided key "publisher" is not in item -> identifier: "b9c34473-fc5c-541c-8afc-f7952caea4e6"; title: "Analysis of water losses and failure frequency in an urban-rural water supply system"; scientist_id: "23c08de1-2868-5e00-bbda-1775da8d0112";
2025-01-05 12:12:52 [knowledge_scraper.pipelines] INFO: Validation: set field to null - PublicationItem - validate_and_null: provided key "journal" is not in item -> identifier: "22d176e8-0254-5707-913f-28f503867722"; title: "Ocena strat wody i awaryjności miejsko-wiejskiej sieci wodociągowej"; scientist_id: "23c08de1-2868-5e00-bbda-1775da8d0112";
2025-01-05 12:12:52 [knowledge_scraper.pipelines] INFO: Validation: set field to null - PublicationItem - validate_and_null: provided key "publisher" is not in item -> identifier: "22d176e8-0254-5707-913f-28f503867722"; title: "Ocena strat wody i awaryjności miejsko-wiejskiej sieci wodociągowej"; scientist_id: "23c08de1-2868-5e00-bbda-1775da8d0112";
2025-01-05 12:12:53 [knowledge_scraper.pipelines] INFO: Validation: set field to null - PublicationItem - validate_and_null: provided key "journal" is not in item -> identifier: "70a856a9-548e-505d-b232-47e25927be89"; title: "Analiza awaryjności miejskiej sieci wodociągowej"; scientist_id: "23c08de1-2868-5e00-bbda-1775da8d0112";
2025-01-05 12:12:53 [knowledge_scraper.pipelines] INFO: Validation: set field to null - PublicationItem - validate_and_null: provided key "publisher" is not in item -> identifier: "70a856a9-548e-505d-b232-47e25927be89"; title: "Analiza awaryjności miejskiej sieci wodociągowej"; scientist_id: "23c08de1-2868-5e00-bbda-1775da8d0112";
2025-01-05 12:12:53 [knowledge_scraper.pipelines] INFO: Validation: set field to null - PublicationItem - validate_and_null: provided key "journal" is not in item -> identifier: "020c9ae9-c612-5b67-9d38-c6356a07a3e2"; title: "Analysis of water losses and failure frequency in an urban-rural water supply system"; scientist_id: "23c08de1-2868-5e00-bbda-1775da8d0112";
2025-01-05 12:12:53 [knowledge_scraper.pipelines] INFO: Validation: set field to null - PublicationItem - validate_and_null: provided key "publisher" is not in item -> identifier: "020c9ae9-c612-5b67-9d38-c6356a07a3e2"; title: "Analysis of water losses and failure frequency in an urban-rural water supply system"; scientist_id: "23c08de1-2868-5e00-bbda-1775da8d0112";
2025-01-05 12:12:53 [knowledge_scraper.pipelines] INFO: Validation: set field to null - PublicationItem - validate_and_null: provided key "journal" is not in item -> identifier: "fd9997dc-d78c-5c42-98f4-63169451f4f8"; title: "Analysis of the water meter management of the urban-rural water supply system"; scientist_id: "23c08de1-2868-5e00-bbda-1775da8d0112";
2025-01-05 12:12:53 [knowledge_scraper.pipelines] INFO: Validation: set field to null - PublicationItem - validate_and_null: provided key "publisher" is not in item -> identifier: "fd9997dc-d78c-5c42-98f4-63169451f4f8"; title: "Analysis of the water meter management of the urban-rural water supply system"; scientist_id: "23c08de1-2868-5e00-bbda-1775da8d0112";
2025-01-05 12:12:54 [knowledge_scraper.pipelines] INFO: Validation: set field to null - PublicationItem - validate_and_null: provided key "publisher" is not in item -> identifier: "cfcb56c1-9d49-5b22-a4bf-4e19b9325517"; title: "Awarie sieci wodociągowych w północnej Polsce"; scientist_id: "23c08de1-2868-5e00-bbda-1775da8d0112";
2025-01-05 12:12:54 [knowledge_scraper.pipelines] INFO: Validation: set field to null - PublicationItem - validate_and_null: provided key "publisher" is not in item -> identifier: "b5c397f0-5bad-5a68-9067-7820992b62e6"; title: "Non-Uniformity of Water Demands in a Rural Water Supply System"; scientist_id: "23c08de1-2868-5e00-bbda-1775da8d0112";
2025-01-05 12:12:54 [knowledge_scraper.pipelines] INFO: Validation: set field to null - PublicationItem - validate_and_null: provided key "publisher" is not in item -> identifier: "d3e3020e-c441-546b-8ef9-8bc0b33af1a6"; title: "Failure frequency of water supply networks in the Podlaskie voivodeship"; scientist_id: "23c08de1-2868-5e00-bbda-1775da8d0112";
2025-01-05 12:12:55 [knowledge_scraper.pipelines] INFO: Validation: set field to null - PublicationItem - validate_and_null: provided key "publisher" is not in item -> identifier: "dace1c9b-fcd6-5a8d-90ac-49ddae116611"; title: "Wykrywanie wycieków w sieci wodociągowej obszarów wiejskich na przykładach"; scientist_id: "23c08de1-2868-5e00-bbda-1775da8d0112";
2025-01-05 12:12:55 [knowledge_scraper.pipelines] INFO: Validation: set field to null - PublicationItem - validate_and_null: provided key "publisher" is not in item -> identifier: "250e0563-a0a7-5df8-8cf1-b23017404087"; title: "Modelowanie zarządzania ciśnieniem w obniżaniu strat wody"; scientist_id: "23c08de1-2868-5e00-bbda-1775da8d0112";
2025-01-05 12:12:55 [knowledge_scraper.pipelines] INFO: Validation: set field to null - PublicationItem - validate_and_null: provided key "publisher" is not in item -> identifier: "c2cb20e7-57d5-5985-8182-1f72fb9cfed8"; title: "Awaryjność sieci wodociągowych w województwach dolnośląskim i opolskim"; scientist_id: "23c08de1-2868-5e00-bbda-1775da8d0112";
2025-01-05 12:12:56 [knowledge_scraper.pipelines] INFO: Validation: set field to null - PublicationItem - validate_and_null: provided key "publisher" is not in item -> identifier: "70a4d428-b9ca-5d81-ab70-03a410b1283b"; title: "Evaluation of Real Water Losses and the Failure of Urban-Rural Water Supply System"; scientist_id: "23c08de1-2868-5e00-bbda-1775da8d0112";
2025-01-05 12:12:56 [knowledge_scraper.pipelines] INFO: Validation: set field to null - PublicationItem - validate_and_null: provided key "publisher" is not in item -> identifier: "8ad36ba8-eb00-54e8-8261-d2ae3ce90f93"; title: "Analysis of the Use of the PV Installation in the Power Supply of the Water Pumping Station"; scientist_id: "23c08de1-2868-5e00-bbda-1775da8d0112";
2025-01-05 12:12:57 [knowledge_scraper.pipelines] INFO: Validation: set field to null - PublicationItem - validate_and_null: provided key "publisher" is not in item -> identifier: "3d9c8961-d8e7-57a7-b17e-3d72559ca490"; title: "Analysis of the Use of a Low-Power Photovoltaic System to Power a Water Pumping Station in a Tourist Town"; scientist_id: "23c08de1-2868-5e00-bbda-1775da8d0112";
2025-01-05 12:12:57 [knowledge_scraper.pipelines] INFO: Validation: set field to null - PublicationItem - validate_and_null: provided key "publisher" is not in item -> identifier: "2526e2b2-b21d-538d-aa8e-4ff9fb9ba72d"; title: "Analysis of the possibility of energy self-sufficiency of water pumping stations with the use of PV installations"; scientist_id: "23c08de1-2868-5e00-bbda-1775da8d0112";
2025-01-05 12:12:57 [knowledge_scraper.pipelines] INFO: Validation: set field to null - PublicationItem - validate_and_null: provided key "publisher" is not in item -> identifier: "140d3975-18c4-5399-9640-fba78dd7bce3"; title: "Possibility of using retention reservoirs as flow controllers"; scientist_id: "23c08de1-2868-5e00-bbda-1775da8d0112";
2025-01-05 12:12:58 [scrapy.extensions.logstats] INFO: Crawled 620 pages (at 138 pages/min), scraped 662 items (at 137 items/min)
2025-01-05 12:12:58 [knowledge_scraper.pipelines] INFO: Validation: set field to null - PublicationItem - validate_and_null: provided key "publisher" is not in item -> identifier: "fa0837e3-dd9e-5a81-9305-1293b87ff2fa"; title: "The Hourly Peak Coefficient of Single-Family and Multi-Family Buildings in Poland: Support for the Selection of Water Meters and the Construction of a Water Distribution System Model"; scientist_id: "23c08de1-2868-5e00-bbda-1775da8d0112";
2025-01-05 12:13:02 [knowledge_scraper.pipelines] INFO: Validation: set field to null - ScientistItem - validate_and_null: value corresponding to key "position" is None. Nothing to do -> identifier: "de50a588-4748-5e41-9aa7-1286f1e90a66"; name: "PhD Joanna Smyk"; profile_url: "https://bazawiedzy.pb.edu.pl/info/author/BUT43f51d287d714826afe98a1b35de8f0f?r=author&tab=&title=Person%2Bprofile%2B%25E2%2580%2593%2BJoanna%2BSmyk%2B%25E2%2580%2593%2BBialystok%2BUniversity%2Bof%2BTechnology&lang=en";
2025-01-05 12:13:02 [knowledge_scraper.pipelines] INFO: Validation: set field to null - ScientistItem - validate_and_null: value corresponding to key "email" is None. Nothing to do -> identifier: "de50a588-4748-5e41-9aa7-1286f1e90a66"; name: "PhD Joanna Smyk"; profile_url: "https://bazawiedzy.pb.edu.pl/info/author/BUT43f51d287d714826afe98a1b35de8f0f?r=author&tab=&title=Person%2Bprofile%2B%25E2%2580%2593%2BJoanna%2BSmyk%2B%25E2%2580%2593%2BBialystok%2BUniversity%2Bof%2BTechnology&lang=en";
2025-01-05 12:13:03 [knowledge_scraper.pipelines] INFO: Validation: set field to null - ScientistItem - validate_and_null: value corresponding to key "position" is None. Nothing to do -> identifier: "5c089a37-1d18-5508-8699-9560d014b930"; name: "PhD Konrad Rojcewicz"; profile_url: "https://bazawiedzy.pb.edu.pl/info/author/BUT4a1080606d654c649a7590fabb95e639?r=author&tab=&title=Person%2Bprofile%2B%25E2%2580%2593%2BKonrad%2BRojcewicz%2B%25E2%2580%2593%2BBialystok%2BUniversity%2Bof%2BTechnology&lang=en";
2025-01-05 12:13:03 [knowledge_scraper.pipelines] INFO: Validation: set field to null - ScientistItem - validate_and_null: value corresponding to key "email" is None. Nothing to do -> identifier: "5c089a37-1d18-5508-8699-9560d014b930"; name: "PhD Konrad Rojcewicz"; profile_url: "https://bazawiedzy.pb.edu.pl/info/author/BUT4a1080606d654c649a7590fabb95e639?r=author&tab=&title=Person%2Bprofile%2B%25E2%2580%2593%2BKonrad%2BRojcewicz%2B%25E2%2580%2593%2BBialystok%2BUniversity%2Bof%2BTechnology&lang=en";
2025-01-05 12:13:04 [knowledge_scraper.pipelines] INFO: Validation: set field to null - ScientistItem - validate_and_null: value corresponding to key "position" is None. Nothing to do -> identifier: "aaae3a0b-b7c3-57a4-85ee-befdcfcfc9b5"; name: "PhD Paweł Malinowski"; profile_url: "https://bazawiedzy.pb.edu.pl/info/author/BUT36bd8682dc7641f389a23d089cce4646?r=author&tab=&title=Person%2Bprofile%2B%25E2%2580%2593%2BPawe%25C5%2582%2BMalinowski%2B%25E2%2580%2593%2BBialystok%2BUniversity%2Bof%2BTechnology&lang=en";
2025-01-05 12:13:04 [knowledge_scraper.pipelines] INFO: Validation: set field to null - ScientistItem - validate_and_null: value corresponding to key "email" is None. Nothing to do -> identifier: "aaae3a0b-b7c3-57a4-85ee-befdcfcfc9b5"; name: "PhD Paweł Malinowski"; profile_url: "https://bazawiedzy.pb.edu.pl/info/author/BUT36bd8682dc7641f389a23d089cce4646?r=author&tab=&title=Person%2Bprofile%2B%25E2%2580%2593%2BPawe%25C5%2582%2BMalinowski%2B%25E2%2580%2593%2BBialystok%2BUniversity%2Bof%2BTechnology&lang=en";
2025-01-05 12:13:04 [knowledge_scraper.pipelines] INFO: Validation: set field to null - ScientistItem - validate_and_null: value corresponding to key "position" is None. Nothing to do -> identifier: "9f81559d-8b8f-59d9-bac2-af7deffee6ae"; name: "PhD Mateusz Kędzierski"; profile_url: "https://bazawiedzy.pb.edu.pl/info/author/BUT366948c5e5ee4c4db04aff6b8e9f359f?r=author&tab=&title=Person%2Bprofile%2B%25E2%2580%2593%2BMateusz%2BK%25C4%2599dzierski%2B%25E2%2580%2593%2BBialystok%2BUniversity%2Bof%2BTechnology&lang=en";
2025-01-05 12:13:04 [knowledge_scraper.pipelines] INFO: Validation: set field to null - ScientistItem - validate_and_null: value corresponding to key "email" is None. Nothing to do -> identifier: "9f81559d-8b8f-59d9-bac2-af7deffee6ae"; name: "PhD Mateusz Kędzierski"; profile_url: "https://bazawiedzy.pb.edu.pl/info/author/BUT366948c5e5ee4c4db04aff6b8e9f359f?r=author&tab=&title=Person%2Bprofile%2B%25E2%2580%2593%2BMateusz%2BK%25C4%2599dzierski%2B%25E2%2580%2593%2BBialystok%2BUniversity%2Bof%2BTechnology&lang=en";
2025-01-05 12:13:06 [knowledge_scraper.pipelines] INFO: Validation: set field to null - ScientistItem - validate_and_null: value corresponding to key "position" is None. Nothing to do -> identifier: "7e803a82-34c7-51dc-a6e7-4503718c4be7"; name: "PhD Waldemar Kołodziejczyk"; profile_url: "https://bazawiedzy.pb.edu.pl/info/author/BUTf1eb38644f19467481d6f65295785bfc?r=author&tab=&title=Person%2Bprofile%2B%25E2%2580%2593%2BWaldemar%2BKo%25C5%2582odziejczyk%2B%25E2%2580%2593%2BBialystok%2BUniversity%2Bof%2BTechnology&lang=en";
2025-01-05 12:13:06 [knowledge_scraper.pipelines] INFO: Validation: set field to null - ScientistItem - validate_and_null: value corresponding to key "email" is None. Nothing to do -> identifier: "7e803a82-34c7-51dc-a6e7-4503718c4be7"; name: "PhD Waldemar Kołodziejczyk"; profile_url: "https://bazawiedzy.pb.edu.pl/info/author/BUTf1eb38644f19467481d6f65295785bfc?r=author&tab=&title=Person%2Bprofile%2B%25E2%2580%2593%2BWaldemar%2BKo%25C5%2582odziejczyk%2B%25E2%2580%2593%2BBialystok%2BUniversity%2Bof%2BTechnology&lang=en";
2025-01-05 12:13:06 [knowledge_scraper.pipelines] INFO: Validation: set field to null - ScientistItem - validate_and_null: value corresponding to key "position" is None. Nothing to do -> identifier: "cf8d306c-ac0a-532e-b7b5-0037c63b8f4b"; name: "Prof. Tadeusz Łoboda"; profile_url: "https://bazawiedzy.pb.edu.pl/info/author/BUTfb968bfbb94443a7ab781ddab118cbef?r=author&tab=&title=Person%2Bprofile%2B%25E2%2580%2593%2BTadeusz%2B%25C5%2581oboda%2B%25E2%2580%2593%2BBialystok%2BUniversity%2Bof%2BTechnology&lang=en";
2025-01-05 12:13:06 [knowledge_scraper.pipelines] INFO: Validation: set field to null - ScientistItem - validate_and_null: value corresponding to key "email" is None. Nothing to do -> identifier: "cf8d306c-ac0a-532e-b7b5-0037c63b8f4b"; name: "Prof. Tadeusz Łoboda"; profile_url: "https://bazawiedzy.pb.edu.pl/info/author/BUTfb968bfbb94443a7ab781ddab118cbef?r=author&tab=&title=Person%2Bprofile%2B%25E2%2580%2593%2BTadeusz%2B%25C5%2581oboda%2B%25E2%2580%2593%2BBialystok%2BUniversity%2Bof%2BTechnology&lang=en";
2025-01-05 12:13:07 [knowledge_scraper.pipelines] INFO: Validation: set field to null - ScientistItem - validate_and_null: value corresponding to key "position" is None. Nothing to do -> identifier: "66b6c59d-eea5-5217-af64-e6412f509bcf"; name: "PhD Wiesław Załuska"; profile_url: "https://bazawiedzy.pb.edu.pl/info/author/BUTe9f34866660548b68c3257b6233a30b9?r=author&tab=&title=Person%2Bprofile%2B%25E2%2580%2593%2BWies%25C5%2582aw%2BZa%25C5%2582uska%2B%25E2%2580%2593%2BBialystok%2BUniversity%2Bof%2BTechnology&lang=en";
2025-01-05 12:13:07 [knowledge_scraper.pipelines] INFO: Validation: set field to null - ScientistItem - validate_and_null: value corresponding to key "email" is None. Nothing to do -> identifier: "66b6c59d-eea5-5217-af64-e6412f509bcf"; name: "PhD Wiesław Załuska"; profile_url: "https://bazawiedzy.pb.edu.pl/info/author/BUTe9f34866660548b68c3257b6233a30b9?r=author&tab=&title=Person%2Bprofile%2B%25E2%2580%2593%2BWies%25C5%2582aw%2BZa%25C5%2582uska%2B%25E2%2580%2593%2BBialystok%2BUniversity%2Bof%2BTechnology&lang=en";
2025-01-05 12:13:07 [knowledge_scraper.pipelines] INFO: Validation: set field to null - ScientistItem - validate_and_null: value corresponding to key "position" is None. Nothing to do -> identifier: "e614f251-629d-54c0-8bc6-d1eec77d7ded"; name: "PhD Iwona Piszczatowska"; profile_url: "https://bazawiedzy.pb.edu.pl/info/author/BUTdf7909daacf24a14a5ea1e8c203ac11b?r=author&tab=&title=Person%2Bprofile%2B%25E2%2580%2593%2BIwona%2BPiszczatowska%2B%25E2%2580%2593%2BBialystok%2BUniversity%2Bof%2BTechnology&lang=en";
2025-01-05 12:13:07 [knowledge_scraper.pipelines] INFO: Validation: set field to null - ScientistItem - validate_and_null: value corresponding to key "email" is None. Nothing to do -> identifier: "e614f251-629d-54c0-8bc6-d1eec77d7ded"; name: "PhD Iwona Piszczatowska"; profile_url: "https://bazawiedzy.pb.edu.pl/info/author/BUTdf7909daacf24a14a5ea1e8c203ac11b?r=author&tab=&title=Person%2Bprofile%2B%25E2%2580%2593%2BIwona%2BPiszczatowska%2B%25E2%2580%2593%2BBialystok%2BUniversity%2Bof%2BTechnology&lang=en";
2025-01-05 12:13:12 [knowledge_scraper.pipelines] INFO: Validation: set field to null - ScientistItem - validate_and_null: value corresponding to key "position" is None. Nothing to do -> identifier: "f44c81be-4283-5d3d-bcdb-0d7d59982e3a"; name: "DSc Sławomir Adam Sorko"; profile_url: "https://bazawiedzy.pb.edu.pl/info/author/BUTd8fea8bb4f5c426e88082a1edb951ebc?r=author&tab=&title=Person%2Bprofile%2B%25E2%2580%2593%2BS%25C5%2582awomir%2BAdam%2BSorko%2B%25E2%2580%2593%2BBialystok%2BUniversity%2Bof%2BTechnology&lang=en";
2025-01-05 12:13:12 [knowledge_scraper.pipelines] INFO: Validation: set field to null - ScientistItem - validate_and_null: value corresponding to key "email" is None. Nothing to do -> identifier: "f44c81be-4283-5d3d-bcdb-0d7d59982e3a"; name: "DSc Sławomir Adam Sorko"; profile_url: "https://bazawiedzy.pb.edu.pl/info/author/BUTd8fea8bb4f5c426e88082a1edb951ebc?r=author&tab=&title=Person%2Bprofile%2B%25E2%2580%2593%2BS%25C5%2582awomir%2BAdam%2BSorko%2B%25E2%2580%2593%2BBialystok%2BUniversity%2Bof%2BTechnology&lang=en";
2025-01-05 12:13:19 [knowledge_scraper.pipelines] INFO: Validation: set field to null - ScientistItem - validate_and_null: value corresponding to key "position" is None. Nothing to do -> identifier: "ba7e45ed-7775-53d0-bf03-cf7df74fdf7e"; name: "PhD Krzysztof Mogielnicki"; profile_url: "https://bazawiedzy.pb.edu.pl/info/author/BUTc1ee12e4908e4721a50cca9c20db1951?r=author&tab=&title=Person%2Bprofile%2B%25E2%2580%2593%2BKrzysztof%2BMogielnicki%2B%25E2%2580%2593%2BBialystok%2BUniversity%2Bof%2BTechnology&lang=en";
2025-01-05 12:13:19 [knowledge_scraper.pipelines] INFO: Validation: set field to null - ScientistItem - validate_and_null: value corresponding to key "email" is None. Nothing to do -> identifier: "ba7e45ed-7775-53d0-bf03-cf7df74fdf7e"; name: "PhD Krzysztof Mogielnicki"; profile_url: "https://bazawiedzy.pb.edu.pl/info/author/BUTc1ee12e4908e4721a50cca9c20db1951?r=author&tab=&title=Person%2Bprofile%2B%25E2%2580%2593%2BKrzysztof%2BMogielnicki%2B%25E2%2580%2593%2BBialystok%2BUniversity%2Bof%2BTechnology&lang=en";
2025-01-05 12:13:30 [knowledge_scraper.pipelines] INFO: Validation: set field to null - ScientistItem - validate_and_null: value corresponding to key "position" is None. Nothing to do -> identifier: "6026f5fe-6694-5f48-ac0f-44732ef3de1a"; name: "PhD Łukasz Trybułowski"; profile_url: "https://bazawiedzy.pb.edu.pl/info/author/BUT8d7484bc5cad4155847503afe7b84c7d?r=author&tab=&title=Person%2Bprofile%2B%25E2%2580%2593%2B%25C5%2581ukasz%2B%2BTrybu%25C5%2582owski%2B%25E2%2580%2593%2BBialystok%2BUniversity%2Bof%2BTechnology&lang=en";
2025-01-05 12:13:30 [knowledge_scraper.pipelines] INFO: Validation: set field to null - ScientistItem - validate_and_null: value corresponding to key "email" is None. Nothing to do -> identifier: "6026f5fe-6694-5f48-ac0f-44732ef3de1a"; name: "PhD Łukasz Trybułowski"; profile_url: "https://bazawiedzy.pb.edu.pl/info/author/BUT8d7484bc5cad4155847503afe7b84c7d?r=author&tab=&title=Person%2Bprofile%2B%25E2%2580%2593%2B%25C5%2581ukasz%2B%2BTrybu%25C5%2582owski%2B%25E2%2580%2593%2BBialystok%2BUniversity%2Bof%2BTechnology&lang=en";
2025-01-05 12:13:30 [knowledge_scraper.pipelines] INFO: Validation: set field to null - BibliometricsItem - validate_and_null: provided key "h_index_scopus" is not in item -> identifier: "c7f56645-d4f8-5940-a05d-4ac5b7144b06"; scientist_id: "6026f5fe-6694-5f48-ac0f-44732ef3de1a";
2025-01-05 12:13:35 [knowledge_scraper.pipelines] INFO: Validation: set field to null - ScientistItem - validate_and_null: value corresponding to key "position" is None. Nothing to do -> identifier: "0246ed27-e851-50a8-bee1-0e8f8b284c3c"; name: "MSc Patryk Zwierzyński"; profile_url: "https://bazawiedzy.pb.edu.pl/info/author/BUT8bf5f26411e846499c7ff556671f9158?r=author&tab=&title=Person%2Bprofile%2B%25E2%2580%2593%2BPatryk%2BZwierzy%25C5%2584ski%2B%25E2%2580%2593%2BBialystok%2BUniversity%2Bof%2BTechnology&lang=en";
2025-01-05 12:13:35 [knowledge_scraper.pipelines] INFO: Validation: set field to null - ScientistItem - validate_and_null: value corresponding to key "email" is None. Nothing to do -> identifier: "0246ed27-e851-50a8-bee1-0e8f8b284c3c"; name: "MSc Patryk Zwierzyński"; profile_url: "https://bazawiedzy.pb.edu.pl/info/author/BUT8bf5f26411e846499c7ff556671f9158?r=author&tab=&title=Person%2Bprofile%2B%25E2%2580%2593%2BPatryk%2BZwierzy%25C5%2584ski%2B%25E2%2580%2593%2BBialystok%2BUniversity%2Bof%2BTechnology&lang=en";
2025-01-05 12:13:38 [knowledge_scraper.pipelines] INFO: Validation: set field to null - ScientistItem - validate_and_null: value corresponding to key "email" is None. Nothing to do -> identifier: "10c83425-e300-5789-bd37-56946d553f0a"; name: "PhD Agata Godlewska"; profile_url: "https://bazawiedzy.pb.edu.pl/info/author/BUT8bb0dec2a634437db23d79d2e21db21a?r=author&tab=&title=Person%2Bprofile%2B%25E2%2580%2593%2BAgata%2BGodlewska%2B%25E2%2580%2593%2BBialystok%2BUniversity%2Bof%2BTechnology&lang=en";
2025-01-05 12:13:44 [knowledge_scraper.pipelines] INFO: Validation: set field to null - ScientistItem - validate_and_null: value corresponding to key "position" is None. Nothing to do -> identifier: "61c62b60-38f2-5a33-9075-576f066d1d83"; name: "PhD Karol Czajkowski"; profile_url: "https://bazawiedzy.pb.edu.pl/info/author/BUT8a8a250286114365a4b3e9f424722500?r=author&tab=&title=Person%2Bprofile%2B%25E2%2580%2593%2BKarol%2BCzajkowski%2B%25E2%2580%2593%2BBialystok%2BUniversity%2Bof%2BTechnology&lang=en";
2025-01-05 12:13:44 [knowledge_scraper.pipelines] INFO: Validation: set field to null - ScientistItem - validate_and_null: value corresponding to key "email" is None. Nothing to do -> identifier: "61c62b60-38f2-5a33-9075-576f066d1d83"; name: "PhD Karol Czajkowski"; profile_url: "https://bazawiedzy.pb.edu.pl/info/author/BUT8a8a250286114365a4b3e9f424722500?r=author&tab=&title=Person%2Bprofile%2B%25E2%2580%2593%2BKarol%2BCzajkowski%2B%25E2%2580%2593%2BBialystok%2BUniversity%2Bof%2BTechnology&lang=en";
2025-01-05 12:13:44 [knowledge_scraper.pipelines] INFO: Validation: set field to null - BibliometricsItem - validate_and_null: provided key "h_index_scopus" is not in item -> identifier: "723f150e-b4cd-5ee6-a152-0bd130bddc73"; scientist_id: "61c62b60-38f2-5a33-9075-576f066d1d83";
2025-01-05 12:13:48 [knowledge_scraper.pipelines] INFO: Validation: set field to null - ScientistItem - validate_and_null: value corresponding to key "position" is None. Nothing to do -> identifier: "1326fef7-559b-5be1-b35e-9be93eb2e731"; name: "MSc Cezary Winkowski"; profile_url: "https://bazawiedzy.pb.edu.pl/info/author/BUT6470427fd15c408194a4f707c7c7f0f6?r=author&tab=&title=Person%2Bprofile%2B%25E2%2580%2593%2BCezary%2BWinkowski%2B%25E2%2580%2593%2BBialystok%2BUniversity%2Bof%2BTechnology&lang=en";
2025-01-05 12:13:48 [knowledge_scraper.pipelines] INFO: Validation: set field to null - ScientistItem - validate_and_null: value corresponding to key "email" is None. Nothing to do -> identifier: "1326fef7-559b-5be1-b35e-9be93eb2e731"; name: "MSc Cezary Winkowski"; profile_url: "https://bazawiedzy.pb.edu.pl/info/author/BUT6470427fd15c408194a4f707c7c7f0f6?r=author&tab=&title=Person%2Bprofile%2B%25E2%2580%2593%2BCezary%2BWinkowski%2B%25E2%2580%2593%2BBialystok%2BUniversity%2Bof%2BTechnology&lang=en";
2025-01-05 12:13:50 [knowledge_scraper.pipelines] INFO: Validation: set field to null - PublicationItem - validate_and_null: provided key "publisher" is not in item -> identifier: "bee048ca-0890-54ce-b9a5-8264f05457d4"; title: "Fractional-order water level control based on PLC: hardware-in-the-loop simulation and experimental validation"; scientist_id: "4615c474-843d-5cbc-a70f-cfab4baba7b0";
2025-01-05 12:13:58 [scrapy.extensions.logstats] INFO: Crawled 638 pages (at 18 pages/min), scraped 696 items (at 34 items/min)
2025-01-05 12:13:59 [pb] INFO: get_page_count: total page count could no be found - assuming it's 1
2025-01-05 12:14:02 [pb] INFO: get_page_count: total page count could no be found - assuming it's 1
2025-01-05 12:14:02 [knowledge_scraper.pipelines] INFO: Validation: set field to null - PublicationItem - validate_and_null: provided key "journal" is not in item -> identifier: "6cca5d2a-0cce-5753-8035-265857b8adbc"; title: "Eliminacja skażenia bakteryjnego ze ścieków bytowych za pomocą mokradła o przepływie pionowym"; scientist_id: "aaae3a0b-b7c3-57a4-85ee-befdcfcfc9b5";
2025-01-05 12:14:02 [knowledge_scraper.pipelines] INFO: Validation: set field to null - PublicationItem - validate_and_null: provided key "publisher" is not in item -> identifier: "6cca5d2a-0cce-5753-8035-265857b8adbc"; title: "Eliminacja skażenia bakteryjnego ze ścieków bytowych za pomocą mokradła o przepływie pionowym"; scientist_id: "aaae3a0b-b7c3-57a4-85ee-befdcfcfc9b5";
2025-01-05 12:14:02 [knowledge_scraper.pipelines] INFO: Validation: set field to null - PublicationItem - validate_and_null: provided key "ministerial_score" is not in item -> identifier: "6cca5d2a-0cce-5753-8035-265857b8adbc"; title: "Eliminacja skażenia bakteryjnego ze ścieków bytowych za pomocą mokradła o przepływie pionowym"; scientist_id: "aaae3a0b-b7c3-57a4-85ee-befdcfcfc9b5";
2025-01-05 12:14:02 [knowledge_scraper.pipelines] INFO: Validation: set field to null - PublicationItem - validate_and_null: provided key "journal" is not in item -> identifier: "68675bf5-5199-5b4d-a4c0-8b54b7e6d56a"; title: "Elimination of bacterial contamination from domestic sewage by means of vertical flow constructed wetland"; scientist_id: "aaae3a0b-b7c3-57a4-85ee-befdcfcfc9b5";
2025-01-05 12:14:02 [knowledge_scraper.pipelines] INFO: Validation: set field to null - PublicationItem - validate_and_null: provided key "publisher" is not in item -> identifier: "68675bf5-5199-5b4d-a4c0-8b54b7e6d56a"; title: "Elimination of bacterial contamination from domestic sewage by means of vertical flow constructed wetland"; scientist_id: "aaae3a0b-b7c3-57a4-85ee-befdcfcfc9b5";
2025-01-05 12:14:02 [knowledge_scraper.pipelines] INFO: Validation: set field to null - PublicationItem - validate_and_null: provided key "ministerial_score" is not in item -> identifier: "68675bf5-5199-5b4d-a4c0-8b54b7e6d56a"; title: "Elimination of bacterial contamination from domestic sewage by means of vertical flow constructed wetland"; scientist_id: "aaae3a0b-b7c3-57a4-85ee-befdcfcfc9b5";
2025-01-05 12:14:05 [pb] INFO: get_page_count: total page count could no be found - assuming it's 1
2025-01-05 12:14:08 [pb] INFO: get_page_count: total page count could no be found - assuming it's 1
2025-01-05 12:14:14 [pb] INFO: get_page_count: total page count could no be found - assuming it's 1
2025-01-05 12:14:27 [pb] INFO: get_page_count: total page count could no be found - assuming it's 1
2025-01-05 12:14:31 [pb] INFO: get_page_count: total page count could no be found - assuming it's 1
2025-01-05 12:14:37 [pb] INFO: get_page_count: total page count could no be found - assuming it's 1
2025-01-05 12:14:39 [pb] INFO: get_page_count: total page count could no be found - assuming it's 1
2025-01-05 12:14:43 [pb] INFO: get_page_count: total page count could no be found - assuming it's 1
2025-01-05 12:14:43 [knowledge_scraper.pipelines] INFO: Validation: set field to null - PublicationItem - validate_and_null: provided key "journal" is not in item -> identifier: "a4e2f6ba-cebb-5f21-a712-d4ab9fd98809"; title: "Przekształtnik AC/DC/AC/DC do naziemnego zasilania statków powietrznych"; scientist_id: "10c83425-e300-5789-bd37-56946d553f0a";
2025-01-05 12:14:43 [knowledge_scraper.pipelines] INFO: Validation: set field to null - PublicationItem - validate_and_null: provided key "publisher" is not in item -> identifier: "a4e2f6ba-cebb-5f21-a712-d4ab9fd98809"; title: "Przekształtnik AC/DC/AC/DC do naziemnego zasilania statków powietrznych"; scientist_id: "10c83425-e300-5789-bd37-56946d553f0a";
2025-01-05 12:14:43 [knowledge_scraper.pipelines] INFO: Validation: set field to null - PublicationItem - validate_and_null: provided key "ministerial_score" is not in item -> identifier: "a4e2f6ba-cebb-5f21-a712-d4ab9fd98809"; title: "Przekształtnik AC/DC/AC/DC do naziemnego zasilania statków powietrznych"; scientist_id: "10c83425-e300-5789-bd37-56946d553f0a";
2025-01-05 12:14:48 [pb] INFO: get_page_count: total page count could no be found - assuming it's 1
2025-01-05 12:14:48 [knowledge_scraper.pipelines] INFO: Validation: set field to null - PublicationItem - validate_and_null: provided key "journal" is not in item -> identifier: "a0a831d5-9879-51ce-8f23-3103b3957608"; title: "Nanocomposite optical fibers for photonic applications"; scientist_id: "61c62b60-38f2-5a33-9075-576f066d1d83";
2025-01-05 12:14:48 [knowledge_scraper.pipelines] INFO: Validation: set field to null - PublicationItem - validate_and_null: provided key "publisher" is not in item -> identifier: "a0a831d5-9879-51ce-8f23-3103b3957608"; title: "Nanocomposite optical fibers for photonic applications"; scientist_id: "61c62b60-38f2-5a33-9075-576f066d1d83";
2025-01-05 12:14:48 [knowledge_scraper.pipelines] INFO: Validation: set field to null - PublicationItem - validate_and_null: provided key "ministerial_score" is not in item -> identifier: "a0a831d5-9879-51ce-8f23-3103b3957608"; title: "Nanocomposite optical fibers for photonic applications"; scientist_id: "61c62b60-38f2-5a33-9075-576f066d1d83";
2025-01-05 12:14:51 [pb] INFO: get_page_count: total page count could no be found - assuming it's 1
2025-01-05 12:14:52 [knowledge_scraper.pipelines] INFO: Validation: set field to null - PublicationItem - validate_and_null: provided key "publisher" is not in item -> identifier: "3c43a96e-2f1a-54c0-bb78-bdb69089ae97"; title: "Pomiar strumienia elektromagnetycznego w aktywnym łożysku magnetycznym z wykorzystaniem elastycznych czujników Halla"; scientist_id: "4615c474-843d-5cbc-a70f-cfab4baba7b0";
2025-01-05 12:14:57 [knowledge_scraper.pipelines] INFO: Validation: set field to null - PublicationItem - validate_and_null: provided key "journal" is not in item -> identifier: "d5a15c81-ecb8-5748-b0f9-3be96b6efa9c"; title: "Design of a vertical convection dryer with analysis of the process parameters of drying the wood-based waste"; scientist_id: "5c089a37-1d18-5508-8699-9560d014b930";
2025-01-05 12:14:57 [knowledge_scraper.pipelines] INFO: Validation: set field to null - PublicationItem - validate_and_null: provided key "publisher" is not in item -> identifier: "d5a15c81-ecb8-5748-b0f9-3be96b6efa9c"; title: "Design of a vertical convection dryer with analysis of the process parameters of drying the wood-based waste"; scientist_id: "5c089a37-1d18-5508-8699-9560d014b930";
2025-01-05 12:14:58 [scrapy.extensions.logstats] INFO: Crawled 656 pages (at 18 pages/min), scraped 702 items (at 6 items/min)
2025-01-05 12:15:00 [knowledge_scraper.pipelines] INFO: Validation: set field to null - PublicationItem - validate_and_null: provided key "journal" is not in item -> identifier: "5c2393a3-7fbe-5783-a011-bec28358323a"; title: "Subsurface vertical flow vs. horizontal flow constructed wetland for high ammonia concentration sewage treatment"; scientist_id: "aaae3a0b-b7c3-57a4-85ee-befdcfcfc9b5";
2025-01-05 12:15:00 [knowledge_scraper.pipelines] INFO: Validation: set field to null - PublicationItem - validate_and_null: provided key "publisher" is not in item -> identifier: "5c2393a3-7fbe-5783-a011-bec28358323a"; title: "Subsurface vertical flow vs. horizontal flow constructed wetland for high ammonia concentration sewage treatment"; scientist_id: "aaae3a0b-b7c3-57a4-85ee-befdcfcfc9b5";
2025-01-05 12:15:01 [knowledge_scraper.pipelines] INFO: Validation: set field to null - PublicationItem - validate_and_null: provided key "journal" is not in item -> identifier: "4a0c7878-51da-50b4-8cec-c8b0a6ddcfa6"; title: "Assesment of Refrigerant Selection for Ejection System Driven by Low-Grade Heat"; scientist_id: "9f81559d-8b8f-59d9-bac2-af7deffee6ae";
2025-01-05 12:15:01 [knowledge_scraper.pipelines] INFO: Validation: set field to null - PublicationItem - validate_and_null: provided key "publisher" is not in item -> identifier: "4a0c7878-51da-50b4-8cec-c8b0a6ddcfa6"; title: "Assesment of Refrigerant Selection for Ejection System Driven by Low-Grade Heat"; scientist_id: "9f81559d-8b8f-59d9-bac2-af7deffee6ae";
2025-01-05 12:15:03 [knowledge_scraper.pipelines] INFO: Validation: set field to null - PublicationItem - validate_and_null: provided key "publisher" is not in item -> identifier: "3a100c5a-9a8e-54fe-ad41-a1888fbfb48b"; title: "Stress distribution in two-layered half-space with periodical structure caused by Hertz pressure"; scientist_id: "7e803a82-34c7-51dc-a6e7-4503718c4be7";
2025-01-05 12:15:05 [knowledge_scraper.pipelines] INFO: Validation: set field to null - PublicationItem - validate_and_null: provided key "publisher" is not in item -> identifier: "7357dfb5-8499-5c6a-ae76-2e6562938064"; title: "Zastosowanie instalacji fotowoltaicznej jako odnawialnego źródła energii w parku wodnym w Ełku"; scientist_id: "66b6c59d-eea5-5217-af64-e6412f509bcf";
2025-01-05 12:15:08 [knowledge_scraper.pipelines] INFO: Validation: set field to null - PublicationItem - validate_and_null: provided key "journal" is not in item -> identifier: "9128d9a0-8fa8-5fe0-9bd6-235e6dd6934f"; title: "Numerical Simulation in Microforming for Very Small Metal Elements"; scientist_id: "ba7e45ed-7775-53d0-bf03-cf7df74fdf7e";
2025-01-05 12:15:08 [knowledge_scraper.pipelines] INFO: Validation: set field to null - PublicationItem - validate_and_null: provided key "publisher" is not in item -> identifier: "9128d9a0-8fa8-5fe0-9bd6-235e6dd6934f"; title: "Numerical Simulation in Microforming for Very Small Metal Elements"; scientist_id: "ba7e45ed-7775-53d0-bf03-cf7df74fdf7e";
2025-01-05 12:15:13 [knowledge_scraper.pipelines] INFO: Validation: set field to null - PublicationItem - validate_and_null: provided key "publisher" is not in item -> identifier: "e30e8c9c-08e2-584f-84ed-43e083f7419b"; title: "Correlations between the wear of car brake friction materials and airborne wear particle emissions"; scientist_id: "127b55cc-dd93-5140-a713-302b0d0874e3";
2025-01-05 12:15:15 [knowledge_scraper.pipelines] INFO: Validation: set field to null - PublicationItem - validate_and_null: provided key "journal" is not in item -> identifier: "2179bf96-33fc-562a-964b-d091c0b27cbb"; title: "Analiza wykonania programu ochrony środowiska dla gminy Wizna na lata 2011-2014 z uwzględnieniem pespektywy na lata 2015-2018"; scientist_id: "6026f5fe-6694-5f48-ac0f-44732ef3de1a";
2025-01-05 12:15:15 [knowledge_scraper.pipelines] INFO: Validation: set field to null - PublicationItem - validate_and_null: provided key "publisher" is not in item -> identifier: "2179bf96-33fc-562a-964b-d091c0b27cbb"; title: "Analiza wykonania programu ochrony środowiska dla gminy Wizna na lata 2011-2014 z uwzględnieniem pespektywy na lata 2015-2018"; scientist_id: "6026f5fe-6694-5f48-ac0f-44732ef3de1a";
2025-01-05 12:15:17 [knowledge_scraper.pipelines] INFO: Validation: set field to null - PublicationItem - validate_and_null: provided key "publisher" is not in item -> identifier: "e5e75eed-253d-5241-872c-8e472b3aff38"; title: "The determinants of consumer behaviours in the furniture market"; scientist_id: "0246ed27-e851-50a8-bee1-0e8f8b284c3c";
2025-01-05 12:15:18 [knowledge_scraper.pipelines] INFO: Validation: set field to null - PublicationItem - validate_and_null: provided key "journal" is not in item -> identifier: "16f73479-e110-5255-aa0f-cfe004cd8353"; title: "New direct torque control of induction motor supplied by current source inverter"; scientist_id: "10c83425-e300-5789-bd37-56946d553f0a";
2025-01-05 12:15:18 [knowledge_scraper.pipelines] INFO: Validation: set field to null - PublicationItem - validate_and_null: provided key "publisher" is not in item -> identifier: "16f73479-e110-5255-aa0f-cfe004cd8353"; title: "New direct torque control of induction motor supplied by current source inverter"; scientist_id: "10c83425-e300-5789-bd37-56946d553f0a";
2025-01-05 12:15:19 [knowledge_scraper.pipelines] INFO: Validation: set field to null - PublicationItem - validate_and_null: provided key "journal" is not in item -> identifier: "58f6e2da-ad4c-54e4-9f77-a337b6006b22"; title: "Visible emission in Sm3+ and Tb3+ doped phosphate glass excited by UV radiation"; scientist_id: "61c62b60-38f2-5a33-9075-576f066d1d83";
2025-01-05 12:15:19 [knowledge_scraper.pipelines] INFO: Validation: set field to null - PublicationItem - validate_and_null: provided key "publisher" is not in item -> identifier: "58f6e2da-ad4c-54e4-9f77-a337b6006b22"; title: "Visible emission in Sm3+ and Tb3+ doped phosphate glass excited by UV radiation"; scientist_id: "61c62b60-38f2-5a33-9075-576f066d1d83";
2025-01-05 12:15:19 [knowledge_scraper.pipelines] INFO: Validation: set field to null - PublicationItem - validate_and_null: provided key "publisher" is not in item -> identifier: "73061ab5-4a47-543f-8930-e80fba3b00a9"; title: "Wykorzystanie metod wygładzania wykładniczego do prognozowania kursu sprzedaży EUR"; scientist_id: "1326fef7-559b-5be1-b35e-9be93eb2e731";
2025-01-05 12:15:20 [knowledge_scraper.pipelines] INFO: Validation: set field to null - PublicationItem - validate_and_null: provided key "publisher" is not in item -> identifier: "4f9cb173-abc8-5ee0-b509-69514cf088ca"; title: "Predicting oil prices"; scientist_id: "1326fef7-559b-5be1-b35e-9be93eb2e731";
2025-01-05 12:15:20 [knowledge_scraper.pipelines] INFO: Validation: set field to null - PublicationItem - validate_and_null: provided key "journal" is not in item -> identifier: "6b45b72b-2c03-598a-affb-942ea5602b5f"; title: "Przegląd metod i narzędzi jakości wykorzystywanych w przedsiębiorstwie produkcyjnym"; scientist_id: "1326fef7-559b-5be1-b35e-9be93eb2e731";
2025-01-05 12:15:20 [knowledge_scraper.pipelines] INFO: Validation: set field to null - PublicationItem - validate_and_null: provided key "publisher" is not in item -> identifier: "6b45b72b-2c03-598a-affb-942ea5602b5f"; title: "Przegląd metod i narzędzi jakości wykorzystywanych w przedsiębiorstwie produkcyjnym"; scientist_id: "1326fef7-559b-5be1-b35e-9be93eb2e731";
2025-01-05 12:15:21 [knowledge_scraper.pipelines] INFO: Validation: set field to null - PublicationItem - validate_and_null: provided key "journal" is not in item -> identifier: "de29ccf3-22b8-5da4-b0fe-c41c88e1415f"; title: "Ocena funkcjonowania przydomowej oczyszczalni ścieków ze złożem hydrofitowym w miejscowości Zwierki"; scientist_id: "de50a588-4748-5e41-9aa7-1286f1e90a66";
2025-01-05 12:15:21 [knowledge_scraper.pipelines] INFO: Validation: set field to null - PublicationItem - validate_and_null: provided key "publisher" is not in item -> identifier: "de29ccf3-22b8-5da4-b0fe-c41c88e1415f"; title: "Ocena funkcjonowania przydomowej oczyszczalni ścieków ze złożem hydrofitowym w miejscowości Zwierki"; scientist_id: "de50a588-4748-5e41-9aa7-1286f1e90a66";
2025-01-05 12:15:21 [knowledge_scraper.pipelines] INFO: Validation: set field to null - PublicationItem - validate_and_null: provided key "publisher" is not in item -> identifier: "bfc4c33f-2008-52ce-84af-02c0c881ef4b"; title: "Ekologiczne rozwiązanie gospodarki ściekowej i grzewczej w monasterze w Zwierkach"; scientist_id: "de50a588-4748-5e41-9aa7-1286f1e90a66";
2025-01-05 12:15:22 [knowledge_scraper.pipelines] INFO: Validation: set field to null - PublicationItem - validate_and_null: provided key "publisher" is not in item -> identifier: "6f365fbd-280b-570b-928a-e5b7f1dcd65d"; title: "COD fractions changes during sewage treatment with constructed wetland"; scientist_id: "de50a588-4748-5e41-9aa7-1286f1e90a66";
2025-01-05 12:15:22 [knowledge_scraper.pipelines] INFO: Validation: set field to null - PublicationItem - validate_and_null: provided key "journal" is not in item -> identifier: "f57c4025-5196-5039-aa7c-db6e517ecabe"; title: "Proces kontroli jakości opakowań w przemyśle poligraficznym"; scientist_id: "1326fef7-559b-5be1-b35e-9be93eb2e731";
2025-01-05 12:15:22 [knowledge_scraper.pipelines] INFO: Validation: set field to null - PublicationItem - validate_and_null: provided key "publisher" is not in item -> identifier: "f57c4025-5196-5039-aa7c-db6e517ecabe"; title: "Proces kontroli jakości opakowań w przemyśle poligraficznym"; scientist_id: "1326fef7-559b-5be1-b35e-9be93eb2e731";
2025-01-05 12:15:23 [knowledge_scraper.pipelines] INFO: Validation: set field to null - PublicationItem - validate_and_null: provided key "publisher" is not in item -> identifier: "0c9e1865-29e7-5c41-a47c-c18ae446dd90"; title: "Classification of forecasting methods in production engineering"; scientist_id: "1326fef7-559b-5be1-b35e-9be93eb2e731";
2025-01-05 12:15:23 [knowledge_scraper.pipelines] INFO: Validation: set field to null - PublicationItem - validate_and_null: provided key "journal" is not in item -> identifier: "a3437128-2bd2-5e37-9f10-fd8e623a153b"; title: "Prognozowanie w inżynierii produkcji w świetle przeglądu literatury"; scientist_id: "1326fef7-559b-5be1-b35e-9be93eb2e731";
2025-01-05 12:15:23 [knowledge_scraper.pipelines] INFO: Validation: set field to null - PublicationItem - validate_and_null: provided key "publisher" is not in item -> identifier: "a3437128-2bd2-5e37-9f10-fd8e623a153b"; title: "Prognozowanie w inżynierii produkcji w świetle przeglądu literatury"; scientist_id: "1326fef7-559b-5be1-b35e-9be93eb2e731";
2025-01-05 12:15:24 [knowledge_scraper.pipelines] INFO: Validation: set field to null - PublicationItem - validate_and_null: provided key "publisher" is not in item -> identifier: "780ed4b0-c4ff-5301-a2dd-eb1e71acac30"; title: "Wyzaczanie przepływów Stokesa w przewodach profilowanych metodą elementów brzegowych"; scientist_id: "f44c81be-4283-5d3d-bcdb-0d7d59982e3a";
2025-01-05 12:15:25 [knowledge_scraper.pipelines] INFO: Validation: set field to null - PublicationItem - validate_and_null: provided key "publisher" is not in item -> identifier: "ceee2d2d-71fa-53ad-bed2-6e85a7673106"; title: "Porównywanie wodociągów"; scientist_id: "e614f251-629d-54c0-8bc6-d1eec77d7ded";
2025-01-05 12:15:25 [knowledge_scraper.pipelines] INFO: Validation: set field to null - PublicationItem - validate_and_null: provided key "publisher" is not in item -> identifier: "648e26e6-ab06-5fa0-b3fe-e183becf713c"; title: "Nawóz Granbial jako przykład przyrodniczego wykorzystania osadów pościekowych"; scientist_id: "e614f251-629d-54c0-8bc6-d1eec77d7ded";
2025-01-05 12:15:26 [knowledge_scraper.pipelines] INFO: Validation: set field to null - PublicationItem - validate_and_null: provided key "journal" is not in item -> identifier: "c7ab6aba-7e46-5951-b068-801d14f83372"; title: "Zastosowanie wybranych benchmarkingowych wskaźników eksploatacyjnych sieci wodociągowej - na przykładzie Wodociągów Białostockich"; scientist_id: "e614f251-629d-54c0-8bc6-d1eec77d7ded";
2025-01-05 12:15:26 [knowledge_scraper.pipelines] INFO: Validation: set field to null - PublicationItem - validate_and_null: provided key "publisher" is not in item -> identifier: "c7ab6aba-7e46-5951-b068-801d14f83372"; title: "Zastosowanie wybranych benchmarkingowych wskaźników eksploatacyjnych sieci wodociągowej - na przykładzie Wodociągów Białostockich"; scientist_id: "e614f251-629d-54c0-8bc6-d1eec77d7ded";
2025-01-05 12:15:26 [knowledge_scraper.pipelines] INFO: Validation: set field to null - PublicationItem - validate_and_null: provided key "journal" is not in item -> identifier: "fb07d4ab-39cb-59b7-9efe-5701fce9d555"; title: "Wpływ stacji zlewnej nieczystości ciekłych na sposób zagospodarowania wysuszonych osadów ściekowych"; scientist_id: "e614f251-629d-54c0-8bc6-d1eec77d7ded";
2025-01-05 12:15:26 [knowledge_scraper.pipelines] INFO: Validation: set field to null - PublicationItem - validate_and_null: provided key "publisher" is not in item -> identifier: "fb07d4ab-39cb-59b7-9efe-5701fce9d555"; title: "Wpływ stacji zlewnej nieczystości ciekłych na sposób zagospodarowania wysuszonych osadów ściekowych"; scientist_id: "e614f251-629d-54c0-8bc6-d1eec77d7ded";
2025-01-05 12:15:28 [knowledge_scraper.pipelines] INFO: Validation: set field to null - PublicationItem - validate_and_null: provided key "journal" is not in item -> identifier: "4104804f-e0fb-5cd1-9682-945aaf601cfa"; title: "Wpływ na stacji zlewnej nieczystości ciekłych na sposób zagospodarowania wysuszonych odpadów ściekowych"; scientist_id: "e614f251-629d-54c0-8bc6-d1eec77d7ded";
2025-01-05 12:15:28 [knowledge_scraper.pipelines] INFO: Validation: set field to null - PublicationItem - validate_and_null: provided key "publisher" is not in item -> identifier: "4104804f-e0fb-5cd1-9682-945aaf601cfa"; title: "Wpływ na stacji zlewnej nieczystości ciekłych na sposób zagospodarowania wysuszonych odpadów ściekowych"; scientist_id: "e614f251-629d-54c0-8bc6-d1eec77d7ded";
2025-01-05 12:15:29 [knowledge_scraper.pipelines] INFO: Validation: set field to null - PublicationItem - validate_and_null: provided key "journal" is not in item -> identifier: "b48d5df0-ee16-53af-aca4-aae916c67070"; title: "Przyrodnicze zagospodarowanie wysuszonych osadów ściekowych"; scientist_id: "e614f251-629d-54c0-8bc6-d1eec77d7ded";
2025-01-05 12:15:29 [knowledge_scraper.pipelines] INFO: Validation: set field to null - PublicationItem - validate_and_null: provided key "publisher" is not in item -> identifier: "b48d5df0-ee16-53af-aca4-aae916c67070"; title: "Przyrodnicze zagospodarowanie wysuszonych osadów ściekowych"; scientist_id: "e614f251-629d-54c0-8bc6-d1eec77d7ded";
2025-01-05 12:15:30 [knowledge_scraper.pipelines] INFO: Validation: set field to null - PublicationItem - validate_and_null: provided key "journal" is not in item -> identifier: "4eb4b942-6954-5014-bd37-6367c1e7728b"; title: "Przyrodnicze zagospodarowanie wysuszonych osadów ściekowych"; scientist_id: "e614f251-629d-54c0-8bc6-d1eec77d7ded";
2025-01-05 12:15:30 [knowledge_scraper.pipelines] INFO: Validation: set field to null - PublicationItem - validate_and_null: provided key "publisher" is not in item -> identifier: "4eb4b942-6954-5014-bd37-6367c1e7728b"; title: "Przyrodnicze zagospodarowanie wysuszonych osadów ściekowych"; scientist_id: "e614f251-629d-54c0-8bc6-d1eec77d7ded";
2025-01-05 12:15:31 [knowledge_scraper.pipelines] INFO: Validation: set field to null - PublicationItem - validate_and_null: provided key "journal" is not in item -> identifier: "c1da5b8d-2ad8-50ae-96cc-e56a9a9861cd"; title: "Ocena przydatności osadu ściekowego do upraw w rolnictwie i ogrodnictwie"; scientist_id: "e614f251-629d-54c0-8bc6-d1eec77d7ded";
2025-01-05 12:15:31 [knowledge_scraper.pipelines] INFO: Validation: set field to null - PublicationItem - validate_and_null: provided key "publisher" is not in item -> identifier: "c1da5b8d-2ad8-50ae-96cc-e56a9a9861cd"; title: "Ocena przydatności osadu ściekowego do upraw w rolnictwie i ogrodnictwie"; scientist_id: "e614f251-629d-54c0-8bc6-d1eec77d7ded";
2025-01-05 12:15:31 [knowledge_scraper.pipelines] INFO: Validation: set field to null - PublicationItem - validate_and_null: provided key "journal" is not in item -> identifier: "9aa9d4b7-e173-5b92-89cd-0ca9b8076fd9"; title: "Nawóz Granbial jako przykład przyrodniczego wykorzystania osadów pościekowych"; scientist_id: "e614f251-629d-54c0-8bc6-d1eec77d7ded";
2025-01-05 12:15:31 [knowledge_scraper.pipelines] INFO: Validation: set field to null - PublicationItem - validate_and_null: provided key "publisher" is not in item -> identifier: "9aa9d4b7-e173-5b92-89cd-0ca9b8076fd9"; title: "Nawóz Granbial jako przykład przyrodniczego wykorzystania osadów pościekowych"; scientist_id: "e614f251-629d-54c0-8bc6-d1eec77d7ded";
2025-01-05 12:15:32 [knowledge_scraper.pipelines] INFO: Validation: set field to null - PublicationItem - validate_and_null: provided key "journal" is not in item -> identifier: "e21be2bb-27f9-52b4-bc49-4e039a1e6408"; title: "Możliwość wykorzystania osadu ściekowego jako nawozu organicznego na przykładzie nawozu GRANBIAL"; scientist_id: "e614f251-629d-54c0-8bc6-d1eec77d7ded";
2025-01-05 12:15:32 [knowledge_scraper.pipelines] INFO: Validation: set field to null - PublicationItem - validate_and_null: provided key "publisher" is not in item -> identifier: "e21be2bb-27f9-52b4-bc49-4e039a1e6408"; title: "Możliwość wykorzystania osadu ściekowego jako nawozu organicznego na przykładzie nawozu GRANBIAL"; scientist_id: "e614f251-629d-54c0-8bc6-d1eec77d7ded";
2025-01-05 12:15:32 [knowledge_scraper.pipelines] INFO: Validation: set field to null - PublicationItem - validate_and_null: provided key "journal" is not in item -> identifier: "2e5b6489-28bd-50d1-8588-d0c426370cd0"; title: "Możliwości zagospodarowania wysuszonego osadu ściekowego w zależności od jego jakości"; scientist_id: "e614f251-629d-54c0-8bc6-d1eec77d7ded";
2025-01-05 12:15:32 [knowledge_scraper.pipelines] INFO: Validation: set field to null - PublicationItem - validate_and_null: provided key "publisher" is not in item -> identifier: "2e5b6489-28bd-50d1-8588-d0c426370cd0"; title: "Możliwości zagospodarowania wysuszonego osadu ściekowego w zależności od jego jakości"; scientist_id: "e614f251-629d-54c0-8bc6-d1eec77d7ded";
2025-01-05 12:15:32 [knowledge_scraper.pipelines] INFO: Validation: set field to null - PublicationItem - validate_and_null: provided key "journal" is not in item -> identifier: "856135fb-b136-5236-9af3-3dab6fadc417"; title: "Wymiana zbiornika biogazu w białostockiej oczyszczalni ścieków"; scientist_id: "e614f251-629d-54c0-8bc6-d1eec77d7ded";
2025-01-05 12:15:32 [knowledge_scraper.pipelines] INFO: Validation: set field to null - PublicationItem - validate_and_null: provided key "publisher" is not in item -> identifier: "856135fb-b136-5236-9af3-3dab6fadc417"; title: "Wymiana zbiornika biogazu w białostockiej oczyszczalni ścieków"; scientist_id: "e614f251-629d-54c0-8bc6-d1eec77d7ded";
2025-01-05 12:15:33 [knowledge_scraper.pipelines] INFO: Validation: set field to null - PublicationItem - validate_and_null: provided key "journal" is not in item -> identifier: "10c52918-c4a3-5d11-8046-49bf8082e35d"; title: "Wymiana zbiornika biogazu w białostockiej oczyszczalni ścieków"; scientist_id: "e614f251-629d-54c0-8bc6-d1eec77d7ded";
2025-01-05 12:15:33 [knowledge_scraper.pipelines] INFO: Validation: set field to null - PublicationItem - validate_and_null: provided key "publisher" is not in item -> identifier: "10c52918-c4a3-5d11-8046-49bf8082e35d"; title: "Wymiana zbiornika biogazu w białostockiej oczyszczalni ścieków"; scientist_id: "e614f251-629d-54c0-8bc6-d1eec77d7ded";
2025-01-05 12:15:33 [knowledge_scraper.pipelines] INFO: Validation: set field to null - PublicationItem - validate_and_null: provided key "journal" is not in item -> identifier: "65bda3a9-89db-5160-976c-68664627e432"; title: "Wskaźniki eksploatacyjne, inwestycyjne i remontowe jako element benchmarkingu w spółce wodociągowo-kanalizacyjnej"; scientist_id: "e614f251-629d-54c0-8bc6-d1eec77d7ded";
2025-01-05 12:15:33 [knowledge_scraper.pipelines] INFO: Validation: set field to null - PublicationItem - validate_and_null: provided key "publisher" is not in item -> identifier: "65bda3a9-89db-5160-976c-68664627e432"; title: "Wskaźniki eksploatacyjne, inwestycyjne i remontowe jako element benchmarkingu w spółce wodociągowo-kanalizacyjnej"; scientist_id: "e614f251-629d-54c0-8bc6-d1eec77d7ded";
2025-01-05 12:15:34 [knowledge_scraper.pipelines] INFO: Validation: set field to null - PublicationItem - validate_and_null: provided key "journal" is not in item -> identifier: "bdd4b689-d4c3-54c6-9fcd-68bc3bc6b135"; title: "Wskaźniki eksploatacyjne, inwestycyjne i remontowe jako element benchmarkingu w spółce wodociągowo-kanalizacyjnej"; scientist_id: "e614f251-629d-54c0-8bc6-d1eec77d7ded";
2025-01-05 12:15:34 [knowledge_scraper.pipelines] INFO: Validation: set field to null - PublicationItem - validate_and_null: provided key "publisher" is not in item -> identifier: "bdd4b689-d4c3-54c6-9fcd-68bc3bc6b135"; title: "Wskaźniki eksploatacyjne, inwestycyjne i remontowe jako element benchmarkingu w spółce wodociągowo-kanalizacyjnej"; scientist_id: "e614f251-629d-54c0-8bc6-d1eec77d7ded";
2025-01-05 12:15:34 [knowledge_scraper.pipelines] INFO: Validation: set field to null - PublicationItem - validate_and_null: provided key "journal" is not in item -> identifier: "8696b89a-9d0f-56ee-bb17-980850468839"; title: "Produkcja biogazu ze ścieków"; scientist_id: "e614f251-629d-54c0-8bc6-d1eec77d7ded";
2025-01-05 12:15:34 [knowledge_scraper.pipelines] INFO: Validation: set field to null - PublicationItem - validate_and_null: provided key "publisher" is not in item -> identifier: "8696b89a-9d0f-56ee-bb17-980850468839"; title: "Produkcja biogazu ze ścieków"; scientist_id: "e614f251-629d-54c0-8bc6-d1eec77d7ded";
2025-01-05 12:15:35 [knowledge_scraper.pipelines] INFO: Validation: set field to null - PublicationItem - validate_and_null: provided key "journal" is not in item -> identifier: "736508d7-fb04-5525-9832-1ad4d7ad3529"; title: "Ocena przydatności osadu ściekowego do upraw w rolnictwie i ogrodnictwie"; scientist_id: "e614f251-629d-54c0-8bc6-d1eec77d7ded";
2025-01-05 12:15:35 [knowledge_scraper.pipelines] INFO: Validation: set field to null - PublicationItem - validate_and_null: provided key "publisher" is not in item -> identifier: "736508d7-fb04-5525-9832-1ad4d7ad3529"; title: "Ocena przydatności osadu ściekowego do upraw w rolnictwie i ogrodnictwie"; scientist_id: "e614f251-629d-54c0-8bc6-d1eec77d7ded";
2025-01-05 12:15:35 [knowledge_scraper.pipelines] INFO: Validation: set field to null - PublicationItem - validate_and_null: provided key "journal" is not in item -> identifier: "82ab5c1f-c9f7-545d-9041-76bfc1a76847"; title: "Model Zintegrowanego Systemu Zarządzania w firmie wodociągowokanalizacyjnej na przykładzie „Wodociągów Białostockich” Sp. z o.o."; scientist_id: "e614f251-629d-54c0-8bc6-d1eec77d7ded";
2025-01-05 12:15:35 [knowledge_scraper.pipelines] INFO: Validation: set field to null - PublicationItem - validate_and_null: provided key "publisher" is not in item -> identifier: "82ab5c1f-c9f7-545d-9041-76bfc1a76847"; title: "Model Zintegrowanego Systemu Zarządzania w firmie wodociągowokanalizacyjnej na przykładzie „Wodociągów Białostockich” Sp. z o.o."; scientist_id: "e614f251-629d-54c0-8bc6-d1eec77d7ded";
2025-01-05 12:15:35 [knowledge_scraper.pipelines] INFO: Validation: set field to null - PublicationItem - validate_and_null: provided key "journal" is not in item -> identifier: "a3b240d6-e27f-5a10-8a17-8abe62bf4948"; title: "Flokulacja w procesie odwadniania osadów ściekowych"; scientist_id: "e614f251-629d-54c0-8bc6-d1eec77d7ded";
2025-01-05 12:15:35 [knowledge_scraper.pipelines] INFO: Validation: set field to null - PublicationItem - validate_and_null: provided key "publisher" is not in item -> identifier: "a3b240d6-e27f-5a10-8a17-8abe62bf4948"; title: "Flokulacja w procesie odwadniania osadów ściekowych"; scientist_id: "e614f251-629d-54c0-8bc6-d1eec77d7ded";
2025-01-05 12:15:36 [knowledge_scraper.pipelines] INFO: Validation: set field to null - PublicationItem - validate_and_null: provided key "journal" is not in item -> identifier: "84c8c479-7678-58f9-81ad-c20790f10419"; title: "Wpływ wód technicznych powstających na oczyszczalni ścieków na ilość azotu w obiegu technologicznym"; scientist_id: "e614f251-629d-54c0-8bc6-d1eec77d7ded";
2025-01-05 12:15:36 [knowledge_scraper.pipelines] INFO: Validation: set field to null - PublicationItem - validate_and_null: provided key "publisher" is not in item -> identifier: "84c8c479-7678-58f9-81ad-c20790f10419"; title: "Wpływ wód technicznych powstających na oczyszczalni ścieków na ilość azotu w obiegu technologicznym"; scientist_id: "e614f251-629d-54c0-8bc6-d1eec77d7ded";
2025-01-05 12:15:36 [knowledge_scraper.pipelines] INFO: Validation: set field to null - PublicationItem - validate_and_null: provided key "journal" is not in item -> identifier: "354f3846-67c3-5b8a-88e3-1a67465e4077"; title: "Innowacyjne metody usuwania azotu z odcieków technologicznych"; scientist_id: "e614f251-629d-54c0-8bc6-d1eec77d7ded";
2025-01-05 12:15:36 [knowledge_scraper.pipelines] INFO: Validation: set field to null - PublicationItem - validate_and_null: provided key "publisher" is not in item -> identifier: "354f3846-67c3-5b8a-88e3-1a67465e4077"; title: "Innowacyjne metody usuwania azotu z odcieków technologicznych"; scientist_id: "e614f251-629d-54c0-8bc6-d1eec77d7ded";
2025-01-05 12:15:37 [knowledge_scraper.pipelines] INFO: Validation: set field to null - PublicationItem - validate_and_null: provided key "publisher" is not in item -> identifier: "c6d552cd-0e7e-5ed2-b233-3c7ed5530a7d"; title: "Effect of Sewage Sludge on Biomass Production and Content of Macronutrients and Chlorophyll in Grass Mixtures"; scientist_id: "cf8d306c-ac0a-532e-b7b5-0037c63b8f4b";
2025-01-05 12:15:37 [knowledge_scraper.pipelines] INFO: Validation: set field to null - PublicationItem - validate_and_null: provided key "publisher" is not in item -> identifier: "e73105ed-6009-5d11-89c1-5cb1179dd90c"; title: "Effects of sewage sludge on the accumulation of heavy metals in urban soils"; scientist_id: "cf8d306c-ac0a-532e-b7b5-0037c63b8f4b";
2025-01-05 12:15:38 [knowledge_scraper.pipelines] INFO: Validation: set field to null - PublicationItem - validate_and_null: provided key "publisher" is not in item -> identifier: "0526383f-bf43-5261-a54d-9a973f371e95"; title: "Influence of sewage sludge on the content of selected metals and chlorophyll in lawn grass mixtures"; scientist_id: "cf8d306c-ac0a-532e-b7b5-0037c63b8f4b";
2025-01-05 12:15:38 [knowledge_scraper.pipelines] INFO: Validation: set field to null - PublicationItem - validate_and_null: provided key "publisher" is not in item -> identifier: "5266c634-53ce-59a2-97ef-6f45eb3651d2"; title: "Effects of sewage sludge on the accumulation of heavy metals in soil and in mixtures of lawn grasses"; scientist_id: "cf8d306c-ac0a-532e-b7b5-0037c63b8f4b";
2025-01-05 12:15:38 [knowledge_scraper.pipelines] INFO: Validation: set field to null - PublicationItem - validate_and_null: provided key "journal" is not in item -> identifier: "abc35f1e-e495-5d77-b0ee-5553123c40b3"; title: "Wpływ różnorodnych dawek osadu na zmiany parametrów mikrobiologicznych w strefie ryzosferowej mieszanek traw gazonowych"; scientist_id: "cf8d306c-ac0a-532e-b7b5-0037c63b8f4b";
2025-01-05 12:15:38 [knowledge_scraper.pipelines] INFO: Validation: set field to null - PublicationItem - validate_and_null: provided key "publisher" is not in item -> identifier: "abc35f1e-e495-5d77-b0ee-5553123c40b3"; title: "Wpływ różnorodnych dawek osadu na zmiany parametrów mikrobiologicznych w strefie ryzosferowej mieszanek traw gazonowych"; scientist_id: "cf8d306c-ac0a-532e-b7b5-0037c63b8f4b";
2025-01-05 12:15:39 [knowledge_scraper.pipelines] INFO: Validation: set field to null - PublicationItem - validate_and_null: provided key "journal" is not in item -> identifier: "94e2af49-ea8d-5037-ab39-0e2fe5b2e90f"; title: "Wpływ osadów ściekowych na skład gatunkowy i wzrost gazonowych odmian traw"; scientist_id: "cf8d306c-ac0a-532e-b7b5-0037c63b8f4b";
2025-01-05 12:15:39 [knowledge_scraper.pipelines] INFO: Validation: set field to null - PublicationItem - validate_and_null: provided key "publisher" is not in item -> identifier: "94e2af49-ea8d-5037-ab39-0e2fe5b2e90f"; title: "Wpływ osadów ściekowych na skład gatunkowy i wzrost gazonowych odmian traw"; scientist_id: "cf8d306c-ac0a-532e-b7b5-0037c63b8f4b";
2025-01-05 12:15:39 [knowledge_scraper.pipelines] INFO: Validation: set field to null - PublicationItem - validate_and_null: provided key "journal" is not in item -> identifier: "0ddf300b-0c54-5f53-a3b0-f394a73889ff"; title: "Efektywność produkcji energii z biogazu na przykładzie białostockiej oczyszczalni ścieków"; scientist_id: "e614f251-629d-54c0-8bc6-d1eec77d7ded";
2025-01-05 12:15:39 [knowledge_scraper.pipelines] INFO: Validation: set field to null - PublicationItem - validate_and_null: provided key "publisher" is not in item -> identifier: "0ddf300b-0c54-5f53-a3b0-f394a73889ff"; title: "Efektywność produkcji energii z biogazu na przykładzie białostockiej oczyszczalni ścieków"; scientist_id: "e614f251-629d-54c0-8bc6-d1eec77d7ded";
2025-01-05 12:15:40 [knowledge_scraper.pipelines] INFO: Validation: set field to null - PublicationItem - validate_and_null: provided key "journal" is not in item -> identifier: "aab2dbd5-0de2-581e-9ce5-3ed5bfecb02c"; title: "Ocena ryzyka wystąpienia kondensacji pary wodnej na powierzchni ściany klatki schodowej przy wykorzystaniu MEB"; scientist_id: "f44c81be-4283-5d3d-bcdb-0d7d59982e3a";
2025-01-05 12:15:40 [knowledge_scraper.pipelines] INFO: Validation: set field to null - PublicationItem - validate_and_null: provided key "publisher" is not in item -> identifier: "aab2dbd5-0de2-581e-9ce5-3ed5bfecb02c"; title: "Ocena ryzyka wystąpienia kondensacji pary wodnej na powierzchni ściany klatki schodowej przy wykorzystaniu MEB"; scientist_id: "f44c81be-4283-5d3d-bcdb-0d7d59982e3a";
2025-01-05 12:15:40 [knowledge_scraper.pipelines] INFO: Validation: set field to null - PublicationItem - validate_and_null: provided key "journal" is not in item -> identifier: "eeae8b4d-8307-55ac-9fda-e62a15ab963d"; title: "Wyznaczanie przepływów Stokes'a w kanałach okrągłych z przeszkodami osiowo-symetrycznymi"; scientist_id: "f44c81be-4283-5d3d-bcdb-0d7d59982e3a";
2025-01-05 12:15:40 [knowledge_scraper.pipelines] INFO: Validation: set field to null - PublicationItem - validate_and_null: provided key "publisher" is not in item -> identifier: "eeae8b4d-8307-55ac-9fda-e62a15ab963d"; title: "Wyznaczanie przepływów Stokes'a w kanałach okrągłych z przeszkodami osiowo-symetrycznymi"; scientist_id: "f44c81be-4283-5d3d-bcdb-0d7d59982e3a";
2025-01-05 12:15:40 [knowledge_scraper.pipelines] INFO: Validation: set field to null - PublicationItem - validate_and_null: provided key "journal" is not in item -> identifier: "c18b5baf-571c-5763-afac-3455078b4334"; title: "Prikladnye zadači po vysšej matematike : Differencial'nye uravneniâ : učebno-metodičeskoe posobie"; scientist_id: "f44c81be-4283-5d3d-bcdb-0d7d59982e3a";
2025-01-05 12:15:41 [knowledge_scraper.pipelines] INFO: Validation: set field to null - PublicationItem - validate_and_null: provided key "journal" is not in item -> identifier: "1d8dab27-3093-5a38-a9c6-8490374fff8e"; title: "Influence of sewage sludge on the content of selected nutrients and chlorophyll a and b in lawn grass mixtures"; scientist_id: "cf8d306c-ac0a-532e-b7b5-0037c63b8f4b";
2025-01-05 12:15:41 [knowledge_scraper.pipelines] INFO: Validation: set field to null - PublicationItem - validate_and_null: provided key "publisher" is not in item -> identifier: "1d8dab27-3093-5a38-a9c6-8490374fff8e"; title: "Influence of sewage sludge on the content of selected nutrients and chlorophyll a and b in lawn grass mixtures"; scientist_id: "cf8d306c-ac0a-532e-b7b5-0037c63b8f4b";
2025-01-05 12:15:41 [knowledge_scraper.pipelines] INFO: Validation: set field to null - PublicationItem - validate_and_null: provided key "journal" is not in item -> identifier: "0dcd2607-4fa0-5ada-a0d7-8c0a432ec147"; title: "Effect of sewage sludge on urban soils and growth of lawn grass mixtures"; scientist_id: "cf8d306c-ac0a-532e-b7b5-0037c63b8f4b";
2025-01-05 12:15:41 [knowledge_scraper.pipelines] INFO: Validation: set field to null - PublicationItem - validate_and_null: provided key "publisher" is not in item -> identifier: "0dcd2607-4fa0-5ada-a0d7-8c0a432ec147"; title: "Effect of sewage sludge on urban soils and growth of lawn grass mixtures"; scientist_id: "cf8d306c-ac0a-532e-b7b5-0037c63b8f4b";
2025-01-05 12:15:42 [knowledge_scraper.pipelines] INFO: Validation: set field to null - PublicationItem - validate_and_null: provided key "journal" is not in item -> identifier: "31947d45-08fa-547a-a75f-1ae643a4aa0a"; title: "Advantages and risks of municipal sewage sludge application to urban soils"; scientist_id: "cf8d306c-ac0a-532e-b7b5-0037c63b8f4b";
2025-01-05 12:15:42 [knowledge_scraper.pipelines] INFO: Validation: set field to null - PublicationItem - validate_and_null: provided key "publisher" is not in item -> identifier: "31947d45-08fa-547a-a75f-1ae643a4aa0a"; title: "Advantages and risks of municipal sewage sludge application to urban soils"; scientist_id: "cf8d306c-ac0a-532e-b7b5-0037c63b8f4b";
2025-01-05 12:15:42 [knowledge_scraper.pipelines] INFO: Validation: set field to null - PublicationItem - validate_and_null: provided key "journal" is not in item -> identifier: "0e8090e6-1db8-521f-9b6e-9e7b54c8ad6d"; title: "Wpływ stosowania osadu ściekowego na zawartość kadmu w glebie i mieszankach traw gazonowych rosnących wzdłuż głównych ciągów komunikacyjnych Białegostoku"; scientist_id: "cf8d306c-ac0a-532e-b7b5-0037c63b8f4b";
2025-01-05 12:15:42 [knowledge_scraper.pipelines] INFO: Validation: set field to null - PublicationItem - validate_and_null: provided key "publisher" is not in item -> identifier: "0e8090e6-1db8-521f-9b6e-9e7b54c8ad6d"; title: "Wpływ stosowania osadu ściekowego na zawartość kadmu w glebie i mieszankach traw gazonowych rosnących wzdłuż głównych ciągów komunikacyjnych Białegostoku"; scientist_id: "cf8d306c-ac0a-532e-b7b5-0037c63b8f4b";
2025-01-05 12:15:43 [knowledge_scraper.pipelines] INFO: Validation: set field to null - PublicationItem - validate_and_null: provided key "journal" is not in item -> identifier: "9d4ccb62-19c5-5702-aa1b-1931f4d8f04d"; title: "Możliwość wykorzystania różnych rodzajów komunalnych osadów ściekowych do zasilania gleb pod trawniki gazonowe"; scientist_id: "cf8d306c-ac0a-532e-b7b5-0037c63b8f4b";
2025-01-05 12:15:43 [knowledge_scraper.pipelines] INFO: Validation: set field to null - PublicationItem - validate_and_null: provided key "publisher" is not in item -> identifier: "9d4ccb62-19c5-5702-aa1b-1931f4d8f04d"; title: "Możliwość wykorzystania różnych rodzajów komunalnych osadów ściekowych do zasilania gleb pod trawniki gazonowe"; scientist_id: "cf8d306c-ac0a-532e-b7b5-0037c63b8f4b";
2025-01-05 12:15:44 [knowledge_scraper.pipelines] INFO: Validation: set field to null - PublicationItem - validate_and_null: provided key "journal" is not in item -> identifier: "b7cf0bee-c9a6-5b41-a1a8-f9f11ee8bed2"; title: "Hignieniczne aspekty stosowania odwodnionych osadów ściekowych pod trawniki gazowe"; scientist_id: "cf8d306c-ac0a-532e-b7b5-0037c63b8f4b";
2025-01-05 12:15:44 [knowledge_scraper.pipelines] INFO: Validation: set field to null - PublicationItem - validate_and_null: provided key "publisher" is not in item -> identifier: "b7cf0bee-c9a6-5b41-a1a8-f9f11ee8bed2"; title: "Hignieniczne aspekty stosowania odwodnionych osadów ściekowych pod trawniki gazowe"; scientist_id: "cf8d306c-ac0a-532e-b7b5-0037c63b8f4b";
2025-01-05 12:15:44 [knowledge_scraper.pipelines] INFO: Validation: set field to null - PublicationItem - validate_and_null: provided key "publisher" is not in item -> identifier: "d7b8d47e-fe58-5659-b17e-3f5067ebec57"; title: "The effect of sewage sludge on the growth and species composition of the sward and content of heavy metals in plants and urban soil"; scientist_id: "cf8d306c-ac0a-532e-b7b5-0037c63b8f4b";
2025-01-05 12:15:45 [knowledge_scraper.pipelines] INFO: Validation: set field to null - PublicationItem - validate_and_null: provided key "publisher" is not in item -> identifier: "e2324c3e-b921-54d4-a923-81e2d41ef47f"; title: "Advantages and potential risks of muncipal sewage sludge application to urban soil"; scientist_id: "cf8d306c-ac0a-532e-b7b5-0037c63b8f4b";
2025-01-05 12:15:45 [knowledge_scraper.pipelines] INFO: Validation: set field to null - PublicationItem - validate_and_null: provided key "journal" is not in item -> identifier: "8ae24057-3a98-5aaf-8568-51489f8e1d5c"; title: "Warunki i możliwości wykorzystania komunalnych osadów ściekowych do nawożenia trawników miejskich"; scientist_id: "cf8d306c-ac0a-532e-b7b5-0037c63b8f4b";
2025-01-05 12:15:45 [knowledge_scraper.pipelines] INFO: Validation: set field to null - PublicationItem - validate_and_null: provided key "publisher" is not in item -> identifier: "8ae24057-3a98-5aaf-8568-51489f8e1d5c"; title: "Warunki i możliwości wykorzystania komunalnych osadów ściekowych do nawożenia trawników miejskich"; scientist_id: "cf8d306c-ac0a-532e-b7b5-0037c63b8f4b";
2025-01-05 12:15:46 [knowledge_scraper.pipelines] INFO: Validation: set field to null - PublicationItem - validate_and_null: provided key "journal" is not in item -> identifier: "2d0fb300-fd43-59ce-af8e-a0d991cb2363"; title: "Warunki i mozliwości wykorzystania komunalnych osadów ściekowych do nawozenia trawników miejskich"; scientist_id: "cf8d306c-ac0a-532e-b7b5-0037c63b8f4b";
2025-01-05 12:15:46 [knowledge_scraper.pipelines] INFO: Validation: set field to null - PublicationItem - validate_and_null: provided key "publisher" is not in item -> identifier: "2d0fb300-fd43-59ce-af8e-a0d991cb2363"; title: "Warunki i mozliwości wykorzystania komunalnych osadów ściekowych do nawozenia trawników miejskich"; scientist_id: "cf8d306c-ac0a-532e-b7b5-0037c63b8f4b";
2025-01-05 12:15:46 [knowledge_scraper.pipelines] INFO: Validation: set field to null - PublicationItem - validate_and_null: provided key "journal" is not in item -> identifier: "6dc1ce62-5b3e-5ece-8453-7a42a814e161"; title: "Główne problemy związane z przyrodniczym zagospodarowaniem komunalnych osadów ściekowych"; scientist_id: "cf8d306c-ac0a-532e-b7b5-0037c63b8f4b";
2025-01-05 12:15:46 [knowledge_scraper.pipelines] INFO: Validation: set field to null - PublicationItem - validate_and_null: provided key "publisher" is not in item -> identifier: "6dc1ce62-5b3e-5ece-8453-7a42a814e161"; title: "Główne problemy związane z przyrodniczym zagospodarowaniem komunalnych osadów ściekowych"; scientist_id: "cf8d306c-ac0a-532e-b7b5-0037c63b8f4b";
2025-01-05 12:15:46 [knowledge_scraper.pipelines] INFO: Validation: set field to null - PublicationItem - validate_and_null: provided key "journal" is not in item -> identifier: "c3e9d425-736b-5962-82b2-f156319b70d7"; title: "Zmienność wskaźników biologicznych i chemicznych w glebie po aplikacji odwodnionych osadów ściekowych"; scientist_id: "cf8d306c-ac0a-532e-b7b5-0037c63b8f4b";
2025-01-05 12:15:46 [knowledge_scraper.pipelines] INFO: Validation: set field to null - PublicationItem - validate_and_null: provided key "publisher" is not in item -> identifier: "c3e9d425-736b-5962-82b2-f156319b70d7"; title: "Zmienność wskaźników biologicznych i chemicznych w glebie po aplikacji odwodnionych osadów ściekowych"; scientist_id: "cf8d306c-ac0a-532e-b7b5-0037c63b8f4b";
2025-01-05 12:15:47 [knowledge_scraper.pipelines] INFO: Validation: set field to null - PublicationItem - validate_and_null: provided key "publisher" is not in item -> identifier: "2834f791-da8c-5d2d-9368-4a87ca5bbc82"; title: "Wpływ nawożenia osadami ściekowymi na wzrost i bioróżnorodność traw na terenach zurbanizowanych"; scientist_id: "cf8d306c-ac0a-532e-b7b5-0037c63b8f4b";
2025-01-05 12:15:47 [knowledge_scraper.pipelines] INFO: Validation: set field to null - PublicationItem - validate_and_null: provided key "publisher" is not in item -> identifier: "f7cb4c7d-870d-517a-aba1-8a4d8758016d"; title: "Influence of sewage sludge on the chosen soil properties and microbiological parameters of urban grass mixtures rhizosphere"; scientist_id: "cf8d306c-ac0a-532e-b7b5-0037c63b8f4b";
2025-01-05 12:15:48 [knowledge_scraper.pipelines] INFO: Validation: set field to null - PublicationItem - validate_and_null: provided key "publisher" is not in item -> identifier: "b14a4955-936f-5933-9d37-f9a355afaee0"; title: "Effects of different kinds of sewage sludge amendment on urban lawn grasses"; scientist_id: "cf8d306c-ac0a-532e-b7b5-0037c63b8f4b";
2025-01-05 12:15:48 [knowledge_scraper.pipelines] INFO: Validation: set field to null - PublicationItem - validate_and_null: provided key "publisher" is not in item -> identifier: "cf8049b2-9c7a-5c54-bb6d-2e647f7368db"; title: "Dynamics of changes in microorganisms in rhizosphere zone of lawn grasses in the second year after the application of sewage sludge"; scientist_id: "cf8d306c-ac0a-532e-b7b5-0037c63b8f4b";
2025-01-05 12:15:49 [knowledge_scraper.pipelines] INFO: Validation: set field to null - PublicationItem - validate_and_null: provided key "publisher" is not in item -> identifier: "561d064a-b2c9-52ed-ada0-4a463eb0fb2a"; title: "Changes the concentration of selected PAHs in urban soils fertilized with municipal sewage sludge"; scientist_id: "cf8d306c-ac0a-532e-b7b5-0037c63b8f4b";
2025-01-05 12:15:49 [knowledge_scraper.pipelines] INFO: Validation: set field to null - PublicationItem - validate_and_null: provided key "journal" is not in item -> identifier: "95928ad8-383c-51e5-95be-2a4acf656bb1"; title: "Zmiany liczebności wybranych mikroorganizmów w strefie ryzosferowej traw po aplikacji osadu ściekowego"; scientist_id: "cf8d306c-ac0a-532e-b7b5-0037c63b8f4b";
2025-01-05 12:15:49 [knowledge_scraper.pipelines] INFO: Validation: set field to null - PublicationItem - validate_and_null: provided key "publisher" is not in item -> identifier: "95928ad8-383c-51e5-95be-2a4acf656bb1"; title: "Zmiany liczebności wybranych mikroorganizmów w strefie ryzosferowej traw po aplikacji osadu ściekowego"; scientist_id: "cf8d306c-ac0a-532e-b7b5-0037c63b8f4b";
2025-01-05 12:15:50 [knowledge_scraper.pipelines] INFO: Validation: set field to null - PublicationItem - validate_and_null: provided key "journal" is not in item -> identifier: "3d369908-c4fd-5fd7-b5c1-f86666b56d45"; title: "Zmiany liczebności wybranych mikroorganizmów w strefie ryzosferowej traw po aplikacji osadu ściekowego"; scientist_id: "cf8d306c-ac0a-532e-b7b5-0037c63b8f4b";
2025-01-05 12:15:50 [knowledge_scraper.pipelines] INFO: Validation: set field to null - PublicationItem - validate_and_null: provided key "publisher" is not in item -> identifier: "3d369908-c4fd-5fd7-b5c1-f86666b56d45"; title: "Zmiany liczebności wybranych mikroorganizmów w strefie ryzosferowej traw po aplikacji osadu ściekowego"; scientist_id: "cf8d306c-ac0a-532e-b7b5-0037c63b8f4b";
2025-01-05 12:15:50 [knowledge_scraper.pipelines] INFO: Validation: set field to null - PublicationItem - validate_and_null: provided key "journal" is not in item -> identifier: "d0b9ba2c-7376-5f74-982f-207c06b26b15"; title: "Wpływ nawożenia osadami ściekowymi na wzrost i bioróżnorodność traw na terenach zurbanizowanych = The influence of fertilization with sewage sludge on growth and grasses biodiveristy in urban areas"; scientist_id: "cf8d306c-ac0a-532e-b7b5-0037c63b8f4b";
2025-01-05 12:15:50 [knowledge_scraper.pipelines] INFO: Validation: set field to null - PublicationItem - validate_and_null: provided key "publisher" is not in item -> identifier: "d0b9ba2c-7376-5f74-982f-207c06b26b15"; title: "Wpływ nawożenia osadami ściekowymi na wzrost i bioróżnorodność traw na terenach zurbanizowanych = The influence of fertilization with sewage sludge on growth and grasses biodiveristy in urban areas"; scientist_id: "cf8d306c-ac0a-532e-b7b5-0037c63b8f4b";
2025-01-05 12:15:51 [knowledge_scraper.pipelines] INFO: Validation: set field to null - PublicationItem - validate_and_null: provided key "publisher" is not in item -> identifier: "7ec79e7c-9400-58ad-9682-64acc6961e9c"; title: "Technology Development Roadmaps: A Bibliometric Analysis of Scientific Literature"; scientist_id: "1326fef7-559b-5be1-b35e-9be93eb2e731";
2025-01-05 12:15:51 [knowledge_scraper.pipelines] INFO: Validation: set field to null - PublicationItem - validate_and_null: provided key "publisher" is not in item -> identifier: "1805159e-ad0e-5e4e-ba57-7ae44c289604"; title: "Świadomość społeczeństwa w zakresie mobilnych systemów operacyjnych na przykładzie Androida"; scientist_id: "1326fef7-559b-5be1-b35e-9be93eb2e731";
2025-01-05 12:15:52 [knowledge_scraper.pipelines] INFO: Validation: set field to null - PublicationItem - validate_and_null: provided key "journal" is not in item -> identifier: "2dce2cfa-a190-52f2-a8a2-089ee79ae435"; title: "Factors Determining the Development of Printing Technologies in Poland in Long-Term Perspective"; scientist_id: "1326fef7-559b-5be1-b35e-9be93eb2e731";
2025-01-05 12:15:52 [knowledge_scraper.pipelines] INFO: Validation: set field to null - PublicationItem - validate_and_null: provided key "publisher" is not in item -> identifier: "2dce2cfa-a190-52f2-a8a2-089ee79ae435"; title: "Factors Determining the Development of Printing Technologies in Poland in Long-Term Perspective"; scientist_id: "1326fef7-559b-5be1-b35e-9be93eb2e731";
2025-01-05 12:15:52 [knowledge_scraper.pipelines] INFO: Validation: set field to null - PublicationItem - validate_and_null: provided key "journal" is not in item -> identifier: "8672a8a2-61cc-5143-afe0-3e9b6c067e77"; title: "Effect of temperature on luminescent properties of an antimony-silicate glass co-doped with Yb3+ and Tm3+"; scientist_id: "61c62b60-38f2-5a33-9075-576f066d1d83";
2025-01-05 12:15:52 [knowledge_scraper.pipelines] INFO: Validation: set field to null - PublicationItem - validate_and_null: provided key "publisher" is not in item -> identifier: "8672a8a2-61cc-5143-afe0-3e9b6c067e77"; title: "Effect of temperature on luminescent properties of an antimony-silicate glass co-doped with Yb3+ and Tm3+"; scientist_id: "61c62b60-38f2-5a33-9075-576f066d1d83";
2025-01-05 12:15:52 [knowledge_scraper.pipelines] INFO: Validation: set field to null - PublicationItem - validate_and_null: provided key "publisher" is not in item -> identifier: "ab2e541a-3e15-509c-b8cc-2a657d9cc233"; title: "Szkło fluorokrzemianowe podwójnie domieszkowane jonami Nd3+/Yb3- do budowy światłowodów wielordzeniowych"; scientist_id: "61c62b60-38f2-5a33-9075-576f066d1d83";
2025-01-05 12:15:53 [knowledge_scraper.pipelines] INFO: Validation: set field to null - PublicationItem - validate_and_null: provided key "publisher" is not in item -> identifier: "b882b6ab-da9b-5ce1-becf-88010f0cf1dd"; title: "Green upconversion emission in tellurite optical fibre codoped with Yb3+/Er3+"; scientist_id: "61c62b60-38f2-5a33-9075-576f066d1d83";
2025-01-05 12:15:53 [knowledge_scraper.pipelines] INFO: Validation: set field to null - PublicationItem - validate_and_null: provided key "journal" is not in item -> identifier: "ac78b19b-0865-5993-b3c0-88084978aed1"; title: "Investigation of thermal and spectroscopic properties of Bi2O3-GeO2-Ga2O3-Na2O glasses doped with Er3+ ions"; scientist_id: "61c62b60-38f2-5a33-9075-576f066d1d83";
2025-01-05 12:15:53 [knowledge_scraper.pipelines] INFO: Validation: set field to null - PublicationItem - validate_and_null: provided key "publisher" is not in item -> identifier: "ac78b19b-0865-5993-b3c0-88084978aed1"; title: "Investigation of thermal and spectroscopic properties of Bi2O3-GeO2-Ga2O3-Na2O glasses doped with Er3+ ions"; scientist_id: "61c62b60-38f2-5a33-9075-576f066d1d83";
2025-01-05 12:15:54 [knowledge_scraper.pipelines] INFO: Validation: set field to null - PublicationItem - validate_and_null: provided key "journal" is not in item -> identifier: "49f562b7-259d-5cc7-a6ff-b62707a54d3c"; title: "Structural waveguide co-doped with Yb3+/Tm3+ for measurement of chlorophyll concentration"; scientist_id: "61c62b60-38f2-5a33-9075-576f066d1d83";
2025-01-05 12:15:54 [knowledge_scraper.pipelines] INFO: Validation: set field to null - PublicationItem - validate_and_null: provided key "publisher" is not in item -> identifier: "49f562b7-259d-5cc7-a6ff-b62707a54d3c"; title: "Structural waveguide co-doped with Yb3+/Tm3+ for measurement of chlorophyll concentration"; scientist_id: "61c62b60-38f2-5a33-9075-576f066d1d83";
2025-01-05 12:15:54 [knowledge_scraper.pipelines] INFO: Validation: set field to null - PublicationItem - validate_and_null: provided key "journal" is not in item -> identifier: "e84eaa01-eba8-5095-9dff-1950631cd9e1"; title: "Development of multicomponent microstructured active optical fiber"; scientist_id: "61c62b60-38f2-5a33-9075-576f066d1d83";
2025-01-05 12:15:54 [knowledge_scraper.pipelines] INFO: Validation: set field to null - PublicationItem - validate_and_null: provided key "publisher" is not in item -> identifier: "e84eaa01-eba8-5095-9dff-1950631cd9e1"; title: "Development of multicomponent microstructured active optical fiber"; scientist_id: "61c62b60-38f2-5a33-9075-576f066d1d83";
2025-01-05 12:15:55 [knowledge_scraper.pipelines] INFO: Validation: set field to null - PublicationItem - validate_and_null: provided key "journal" is not in item -> identifier: "0c17e0da-02c7-52e3-b1b1-c83a19142dfd"; title: "Active structural waveguide for sensing application"; scientist_id: "61c62b60-38f2-5a33-9075-576f066d1d83";
2025-01-05 12:15:55 [knowledge_scraper.pipelines] INFO: Validation: set field to null - PublicationItem - validate_and_null: provided key "publisher" is not in item -> identifier: "0c17e0da-02c7-52e3-b1b1-c83a19142dfd"; title: "Active structural waveguide for sensing application"; scientist_id: "61c62b60-38f2-5a33-9075-576f066d1d83";
2025-01-05 12:15:55 [knowledge_scraper.pipelines] INFO: Validation: set field to null - PublicationItem - validate_and_null: provided key "journal" is not in item -> identifier: "b5e10cc6-70a5-5ea2-82be-ca2373d4ae5d"; title: "Active structural waveguide for sensing application"; scientist_id: "61c62b60-38f2-5a33-9075-576f066d1d83";
2025-01-05 12:15:55 [knowledge_scraper.pipelines] INFO: Validation: set field to null - PublicationItem - validate_and_null: provided key "publisher" is not in item -> identifier: "b5e10cc6-70a5-5ea2-82be-ca2373d4ae5d"; title: "Active structural waveguide for sensing application"; scientist_id: "61c62b60-38f2-5a33-9075-576f066d1d83";
2025-01-05 12:15:56 [knowledge_scraper.pipelines] INFO: Validation: set field to null - PublicationItem - validate_and_null: provided key "publisher" is not in item -> identifier: "016d887a-067f-5b12-a1aa-7f4f48298882"; title: "Capillary waveguide biosensor"; scientist_id: "61c62b60-38f2-5a33-9075-576f066d1d83";
2025-01-05 12:15:56 [knowledge_scraper.pipelines] INFO: Validation: set field to null - PublicationItem - validate_and_null: provided key "publisher" is not in item -> identifier: "0cfb2218-5731-536e-95b2-f1d450fc39fe"; title: "Światłowód mikrostrukturalny kodomieszkowany jonami Yb3+/Tm3+ do badania właściwości cieczy"; scientist_id: "61c62b60-38f2-5a33-9075-576f066d1d83";
2025-01-05 12:15:57 [knowledge_scraper.pipelines] INFO: Validation: set field to null - PublicationItem - validate_and_null: provided key "journal" is not in item -> identifier: "7636a2f6-05cd-5708-b24c-2f3ec0bfaf5c"; title: "Nanocomposite optical fibers doped with rare earth ions and nanoparticles for photonic applications"; scientist_id: "61c62b60-38f2-5a33-9075-576f066d1d83";
2025-01-05 12:15:57 [knowledge_scraper.pipelines] INFO: Validation: set field to null - PublicationItem - validate_and_null: provided key "publisher" is not in item -> identifier: "7636a2f6-05cd-5708-b24c-2f3ec0bfaf5c"; title: "Nanocomposite optical fibers doped with rare earth ions and nanoparticles for photonic applications"; scientist_id: "61c62b60-38f2-5a33-9075-576f066d1d83";
2025-01-05 12:15:57 [knowledge_scraper.pipelines] INFO: Validation: set field to null - PublicationItem - validate_and_null: provided key "publisher" is not in item -> identifier: "d68eeeff-6f97-532f-90ca-af4342956a32"; title: "Optical properties of antimony-borate glass rods co-doped with Eu3+/Ag+ ions"; scientist_id: "61c62b60-38f2-5a33-9075-576f066d1d83";
2025-01-05 12:15:58 [scrapy.extensions.logstats] INFO: Crawled 747 pages (at 91 pages/min), scraped 788 items (at 86 items/min)
2025-01-05 12:15:58 [knowledge_scraper.pipelines] INFO: Validation: set field to null - PublicationItem - validate_and_null: provided key "journal" is not in item -> identifier: "bc4b8471-0f65-57b4-ae25-5165ed7c863c"; title: "Current source inverter fed by current source"; scientist_id: "10c83425-e300-5789-bd37-56946d553f0a";
2025-01-05 12:15:58 [knowledge_scraper.pipelines] INFO: Validation: set field to null - PublicationItem - validate_and_null: provided key "publisher" is not in item -> identifier: "bc4b8471-0f65-57b4-ae25-5165ed7c863c"; title: "Current source inverter fed by current source"; scientist_id: "10c83425-e300-5789-bd37-56946d553f0a";
2025-01-05 12:15:58 [knowledge_scraper.pipelines] INFO: Validation: set field to null - PublicationItem - validate_and_null: provided key "publisher" is not in item -> identifier: "3ae53b7a-8e11-5ae2-bf92-af7b1418f771"; title: "Nowa metoda sterowania trójfazowym przekształtnikiem AC/DC"; scientist_id: "10c83425-e300-5789-bd37-56946d553f0a";
2025-01-05 12:15:59 [knowledge_scraper.pipelines] INFO: Validation: set field to null - PublicationItem - validate_and_null: provided key "journal" is not in item -> identifier: "bedc9245-5d2f-5b42-a538-3bfb57597941"; title: "Nowa metoda sterowania trójfazowym przekształtnikiem AC/DC"; scientist_id: "10c83425-e300-5789-bd37-56946d553f0a";
2025-01-05 12:15:59 [knowledge_scraper.pipelines] INFO: Validation: set field to null - PublicationItem - validate_and_null: provided key "publisher" is not in item -> identifier: "bedc9245-5d2f-5b42-a538-3bfb57597941"; title: "Nowa metoda sterowania trójfazowym przekształtnikiem AC/DC"; scientist_id: "10c83425-e300-5789-bd37-56946d553f0a";
2025-01-05 12:15:59 [knowledge_scraper.pipelines] INFO: Validation: set field to null - PublicationItem - validate_and_null: provided key "journal" is not in item -> identifier: "636b115e-7d35-525d-93c2-38ec6a2da95a"; title: "Predictive control of current source rectifier"; scientist_id: "10c83425-e300-5789-bd37-56946d553f0a";
2025-01-05 12:15:59 [knowledge_scraper.pipelines] INFO: Validation: set field to null - PublicationItem - validate_and_null: provided key "publisher" is not in item -> identifier: "636b115e-7d35-525d-93c2-38ec6a2da95a"; title: "Predictive control of current source rectifier"; scientist_id: "10c83425-e300-5789-bd37-56946d553f0a";
2025-01-05 12:16:00 [knowledge_scraper.pipelines] INFO: Validation: set field to null - PublicationItem - validate_and_null: provided key "journal" is not in item -> identifier: "8918b82e-8ea5-5e9a-ad40-1111c911e8a1"; title: "Predykcyjne sterowanie napięciem wejściowym prądowego przekształtnika AC/DC"; scientist_id: "10c83425-e300-5789-bd37-56946d553f0a";
2025-01-05 12:16:00 [knowledge_scraper.pipelines] INFO: Validation: set field to null - PublicationItem - validate_and_null: provided key "publisher" is not in item -> identifier: "8918b82e-8ea5-5e9a-ad40-1111c911e8a1"; title: "Predykcyjne sterowanie napięciem wejściowym prądowego przekształtnika AC/DC"; scientist_id: "10c83425-e300-5789-bd37-56946d553f0a";
2025-01-05 12:16:00 [knowledge_scraper.pipelines] INFO: Validation: set field to null - PublicationItem - validate_and_null: provided key "journal" is not in item -> identifier: "25173ed8-bf55-555b-9c13-3c2d7790822c"; title: "Direct torque and flux control of induction motor fed by current source inverter"; scientist_id: "10c83425-e300-5789-bd37-56946d553f0a";
2025-01-05 12:16:00 [knowledge_scraper.pipelines] INFO: Validation: set field to null - PublicationItem - validate_and_null: provided key "publisher" is not in item -> identifier: "25173ed8-bf55-555b-9c13-3c2d7790822c"; title: "Direct torque and flux control of induction motor fed by current source inverter"; scientist_id: "10c83425-e300-5789-bd37-56946d553f0a";
2025-01-05 12:16:00 [knowledge_scraper.pipelines] INFO: Validation: set field to null - PublicationItem - validate_and_null: provided key "journal" is not in item -> identifier: "b2d41325-dc9f-50af-bdc1-ca60008413c1"; title: "Predictive current control of back-to-back converter"; scientist_id: "10c83425-e300-5789-bd37-56946d553f0a";
2025-01-05 12:16:00 [knowledge_scraper.pipelines] INFO: Validation: set field to null - PublicationItem - validate_and_null: provided key "publisher" is not in item -> identifier: "b2d41325-dc9f-50af-bdc1-ca60008413c1"; title: "Predictive current control of back-to-back converter"; scientist_id: "10c83425-e300-5789-bd37-56946d553f0a";
2025-01-05 12:16:01 [knowledge_scraper.pipelines] INFO: Validation: set field to null - PublicationItem - validate_and_null: provided key "publisher" is not in item -> identifier: "df700219-1a82-599b-ad9e-3ff0d1dae27a"; title: "Predykcyjne sterowanie napięciem wejściowym prądowego przekształtnika AC/DC"; scientist_id: "10c83425-e300-5789-bd37-56946d553f0a";
2025-01-05 12:16:01 [knowledge_scraper.pipelines] INFO: Validation: set field to null - PublicationItem - validate_and_null: provided key "journal" is not in item -> identifier: "975119c8-2e69-5df9-8671-50ba064a5fce"; title: "Wpływ odkształceń napięcia zasilającego na sterowanie prądowego przekształtnika AC/DC"; scientist_id: "10c83425-e300-5789-bd37-56946d553f0a";
2025-01-05 12:16:01 [knowledge_scraper.pipelines] INFO: Validation: set field to null - PublicationItem - validate_and_null: provided key "publisher" is not in item -> identifier: "975119c8-2e69-5df9-8671-50ba064a5fce"; title: "Wpływ odkształceń napięcia zasilającego na sterowanie prądowego przekształtnika AC/DC"; scientist_id: "10c83425-e300-5789-bd37-56946d553f0a";
2025-01-05 12:16:02 [knowledge_scraper.pipelines] INFO: Validation: set field to null - PublicationItem - validate_and_null: provided key "journal" is not in item -> identifier: "32c15af6-6aff-504b-a2ca-a7222c87fdb0"; title: "Control of the Current Source Rectifier using Finite Control Set Model Predictive Control"; scientist_id: "10c83425-e300-5789-bd37-56946d553f0a";
2025-01-05 12:16:02 [knowledge_scraper.pipelines] INFO: Validation: set field to null - PublicationItem - validate_and_null: provided key "publisher" is not in item -> identifier: "32c15af6-6aff-504b-a2ca-a7222c87fdb0"; title: "Control of the Current Source Rectifier using Finite Control Set Model Predictive Control"; scientist_id: "10c83425-e300-5789-bd37-56946d553f0a";
2025-01-05 12:16:02 [knowledge_scraper.pipelines] INFO: Validation: set field to null - PublicationItem - validate_and_null: provided key "journal" is not in item -> identifier: "03c37994-7801-5372-b0f2-336aaa11adb8"; title: "Advanced Control Methods of DC/AC and AC/DC Power Converters - Look-Up Table and Predictive Algorithms"; scientist_id: "10c83425-e300-5789-bd37-56946d553f0a";
2025-01-05 12:16:02 [knowledge_scraper.pipelines] INFO: Validation: set field to null - PublicationItem - validate_and_null: provided key "publisher" is not in item -> identifier: "03c37994-7801-5372-b0f2-336aaa11adb8"; title: "Advanced Control Methods of DC/AC and AC/DC Power Converters - Look-Up Table and Predictive Algorithms"; scientist_id: "10c83425-e300-5789-bd37-56946d553f0a";
2025-01-05 12:16:02 [knowledge_scraper.pipelines] INFO: Validation: set field to null - PublicationItem - validate_and_null: provided key "publisher" is not in item -> identifier: "ed986544-90dc-5517-bc0a-885dc6db7990"; title: "Effects of Grid Disturbances on Current Source Rectifier Controlled by FCS-MPC Algorithm"; scientist_id: "10c83425-e300-5789-bd37-56946d553f0a";
2025-01-05 12:16:03 [knowledge_scraper.pipelines] INFO: Validation: set field to null - PublicationItem - validate_and_null: provided key "journal" is not in item -> identifier: "1ac497c0-b540-5054-a125-321d52f5259e"; title: "Finite Control Set Model Predictive Control of Current Source Inverter for Photovoltaic Systems"; scientist_id: "10c83425-e300-5789-bd37-56946d553f0a";
2025-01-05 12:16:03 [knowledge_scraper.pipelines] INFO: Validation: set field to null - PublicationItem - validate_and_null: provided key "publisher" is not in item -> identifier: "1ac497c0-b540-5054-a125-321d52f5259e"; title: "Finite Control Set Model Predictive Control of Current Source Inverter for Photovoltaic Systems"; scientist_id: "10c83425-e300-5789-bd37-56946d553f0a";
2025-01-05 12:16:03 [knowledge_scraper.pipelines] INFO: Validation: set field to null - PublicationItem - validate_and_null: provided key "publisher" is not in item -> identifier: "8490fd97-a80d-56ce-abfe-6e7d13efe060"; title: "Finite control set MPC of LCL-filtered grid-connected power converter  operating under grid distortions"; scientist_id: "10c83425-e300-5789-bd37-56946d553f0a";
2025-01-05 12:16:04 [knowledge_scraper.pipelines] INFO: Validation: set field to null - PublicationItem - validate_and_null: provided key "publisher" is not in item -> identifier: "9a5a9ddf-58b9-5996-ab3d-a6af405e6182"; title: "Przekształtnik AC/DC/AC/DC do naziemnego zasilania statków powietrznych"; scientist_id: "10c83425-e300-5789-bd37-56946d553f0a";
2025-01-05 12:16:04 [knowledge_scraper.pipelines] INFO: Validation: set field to null - PublicationItem - validate_and_null: provided key "journal" is not in item -> identifier: "47076ad2-1259-57b6-91ab-6c2c6b695d42"; title: "Program symulacyjny jako narzędzie projektowania łańcuchów dostaw"; scientist_id: "0246ed27-e851-50a8-bee1-0e8f8b284c3c";
2025-01-05 12:16:04 [knowledge_scraper.pipelines] INFO: Validation: set field to null - PublicationItem - validate_and_null: provided key "publisher" is not in item -> identifier: "47076ad2-1259-57b6-91ab-6c2c6b695d42"; title: "Program symulacyjny jako narzędzie projektowania łańcuchów dostaw"; scientist_id: "0246ed27-e851-50a8-bee1-0e8f8b284c3c";
2025-01-05 12:16:05 [knowledge_scraper.pipelines] INFO: Validation: set field to null - PublicationItem - validate_and_null: provided key "publisher" is not in item -> identifier: "2434c57f-8919-5379-87f6-76b94db6da88"; title: "Seru Production as an Alternative to a Traditional Assembly Line"; scientist_id: "0246ed27-e851-50a8-bee1-0e8f8b284c3c";
2025-01-05 12:16:05 [knowledge_scraper.pipelines] INFO: Validation: set field to null - PublicationItem - validate_and_null: provided key "publisher" is not in item -> identifier: "38507a02-c37f-57f7-9e53-133bde2f6b0a"; title: "Logistics Costs in Company"; scientist_id: "0246ed27-e851-50a8-bee1-0e8f8b284c3c";
2025-01-05 12:16:05 [knowledge_scraper.pipelines] INFO: Validation: set field to null - PublicationItem - validate_and_null: provided key "journal" is not in item -> identifier: "647492d1-d41b-5237-a6f0-f4dcaa750d36"; title: "Seru production jako japońska forma produkcji komórkowej"; scientist_id: "0246ed27-e851-50a8-bee1-0e8f8b284c3c";
2025-01-05 12:16:05 [knowledge_scraper.pipelines] INFO: Validation: set field to null - PublicationItem - validate_and_null: provided key "publisher" is not in item -> identifier: "647492d1-d41b-5237-a6f0-f4dcaa750d36"; title: "Seru production jako japońska forma produkcji komórkowej"; scientist_id: "0246ed27-e851-50a8-bee1-0e8f8b284c3c";
2025-01-05 12:16:06 [knowledge_scraper.pipelines] INFO: Validation: set field to null - PublicationItem - validate_and_null: provided key "journal" is not in item -> identifier: "6b9c2d5b-47a6-5839-aecf-a3c70f49c60e"; title: "Kryteria oceny przekształcenia linii montażowej ze struktury szeregowej w strukturę komórkową"; scientist_id: "0246ed27-e851-50a8-bee1-0e8f8b284c3c";
2025-01-05 12:16:06 [knowledge_scraper.pipelines] INFO: Validation: set field to null - PublicationItem - validate_and_null: provided key "publisher" is not in item -> identifier: "6b9c2d5b-47a6-5839-aecf-a3c70f49c60e"; title: "Kryteria oceny przekształcenia linii montażowej ze struktury szeregowej w strukturę komórkową"; scientist_id: "0246ed27-e851-50a8-bee1-0e8f8b284c3c";
2025-01-05 12:16:06 [knowledge_scraper.pipelines] INFO: Validation: set field to null - PublicationItem - validate_and_null: provided key "journal" is not in item -> identifier: "c515b514-19e2-5b0a-b04e-b50715e974f3"; title: "Conversion of a serial line assembly into a cellular structure"; scientist_id: "0246ed27-e851-50a8-bee1-0e8f8b284c3c";
2025-01-05 12:16:06 [knowledge_scraper.pipelines] INFO: Validation: set field to null - PublicationItem - validate_and_null: provided key "publisher" is not in item -> identifier: "c515b514-19e2-5b0a-b04e-b50715e974f3"; title: "Conversion of a serial line assembly into a cellular structure"; scientist_id: "0246ed27-e851-50a8-bee1-0e8f8b284c3c";
2025-01-05 12:16:07 [knowledge_scraper.pipelines] INFO: Validation: set field to null - PublicationItem - validate_and_null: provided key "journal" is not in item -> identifier: "8dfa19d5-b9d1-56b9-873f-a400d9045330"; title: "Rebalansowanie linii montażowej rolet plisowanych jako sposób na zwiększenie efektywności procesu montażu"; scientist_id: "0246ed27-e851-50a8-bee1-0e8f8b284c3c";
2025-01-05 12:16:07 [knowledge_scraper.pipelines] INFO: Validation: set field to null - PublicationItem - validate_and_null: provided key "publisher" is not in item -> identifier: "8dfa19d5-b9d1-56b9-873f-a400d9045330"; title: "Rebalansowanie linii montażowej rolet plisowanych jako sposób na zwiększenie efektywności procesu montażu"; scientist_id: "0246ed27-e851-50a8-bee1-0e8f8b284c3c";
2025-01-05 12:16:07 [knowledge_scraper.pipelines] INFO: Validation: set field to null - PublicationItem - validate_and_null: provided key "journal" is not in item -> identifier: "2bf76c88-f187-5404-a43d-4de263ba3551"; title: "Analysis of Simulation of Different Forms of Production Organization"; scientist_id: "0246ed27-e851-50a8-bee1-0e8f8b284c3c";
2025-01-05 12:16:07 [knowledge_scraper.pipelines] INFO: Validation: set field to null - PublicationItem - validate_and_null: provided key "publisher" is not in item -> identifier: "2bf76c88-f187-5404-a43d-4de263ba3551"; title: "Analysis of Simulation of Different Forms of Production Organization"; scientist_id: "0246ed27-e851-50a8-bee1-0e8f8b284c3c";
2025-01-05 12:16:08 [knowledge_scraper.pipelines] INFO: Validation: set field to null - PublicationItem - validate_and_null: provided key "journal" is not in item -> identifier: "2278f35f-ee07-58a5-944c-11990e4391a2"; title: "Analiza i uwarunkowania rozwoju biogazowni rolniczych w województwie podlaskim"; scientist_id: "6026f5fe-6694-5f48-ac0f-44732ef3de1a";
2025-01-05 12:16:08 [knowledge_scraper.pipelines] INFO: Validation: set field to null - PublicationItem - validate_and_null: provided key "publisher" is not in item -> identifier: "2278f35f-ee07-58a5-944c-11990e4391a2"; title: "Analiza i uwarunkowania rozwoju biogazowni rolniczych w województwie podlaskim"; scientist_id: "6026f5fe-6694-5f48-ac0f-44732ef3de1a";
2025-01-05 12:16:08 [knowledge_scraper.pipelines] INFO: Validation: set field to null - PublicationItem - validate_and_null: provided key "journal" is not in item -> identifier: "2b501767-3293-5f80-990f-896b6def74c1"; title: "Analiza i uwarunkowania rozwoju biogazowni rolniczych w województwie podlaskim"; scientist_id: "6026f5fe-6694-5f48-ac0f-44732ef3de1a";
2025-01-05 12:16:08 [knowledge_scraper.pipelines] INFO: Validation: set field to null - PublicationItem - validate_and_null: provided key "publisher" is not in item -> identifier: "2b501767-3293-5f80-990f-896b6def74c1"; title: "Analiza i uwarunkowania rozwoju biogazowni rolniczych w województwie podlaskim"; scientist_id: "6026f5fe-6694-5f48-ac0f-44732ef3de1a";
2025-01-05 12:16:08 [knowledge_scraper.pipelines] INFO: Validation: set field to null - PublicationItem - validate_and_null: provided key "journal" is not in item -> identifier: "42839099-2f02-57e0-a677-6d01dfadfcbd"; title: "Wykorzystanie i rozwój odnawialnych źródeł energii"; scientist_id: "6026f5fe-6694-5f48-ac0f-44732ef3de1a";
2025-01-05 12:16:08 [knowledge_scraper.pipelines] INFO: Validation: set field to null - PublicationItem - validate_and_null: provided key "publisher" is not in item -> identifier: "42839099-2f02-57e0-a677-6d01dfadfcbd"; title: "Wykorzystanie i rozwój odnawialnych źródeł energii"; scientist_id: "6026f5fe-6694-5f48-ac0f-44732ef3de1a";
2025-01-05 12:16:09 [knowledge_scraper.pipelines] INFO: Validation: set field to null - PublicationItem - validate_and_null: provided key "journal" is not in item -> identifier: "3fc9ca36-2805-51ca-aa55-aff2a4402b0f"; title: "Rozwój fotowoltaiki w Polsce i na świecie = Evolution of photovoltaics in Poland and in the world"; scientist_id: "6026f5fe-6694-5f48-ac0f-44732ef3de1a";
2025-01-05 12:16:09 [knowledge_scraper.pipelines] INFO: Validation: set field to null - PublicationItem - validate_and_null: provided key "publisher" is not in item -> identifier: "3fc9ca36-2805-51ca-aa55-aff2a4402b0f"; title: "Rozwój fotowoltaiki w Polsce i na świecie = Evolution of photovoltaics in Poland and in the world"; scientist_id: "6026f5fe-6694-5f48-ac0f-44732ef3de1a";
2025-01-05 12:16:10 [knowledge_scraper.pipelines] INFO: Validation: set field to null - PublicationItem - validate_and_null: provided key "journal" is not in item -> identifier: "c0a6ac77-b0fe-5612-b2e5-4987d36c3156"; title: "Wykorzystanie i rozwój odnawialnych źródeł energii"; scientist_id: "6026f5fe-6694-5f48-ac0f-44732ef3de1a";
2025-01-05 12:16:10 [knowledge_scraper.pipelines] INFO: Validation: set field to null - PublicationItem - validate_and_null: provided key "publisher" is not in item -> identifier: "c0a6ac77-b0fe-5612-b2e5-4987d36c3156"; title: "Wykorzystanie i rozwój odnawialnych źródeł energii"; scientist_id: "6026f5fe-6694-5f48-ac0f-44732ef3de1a";
2025-01-05 12:16:10 [knowledge_scraper.pipelines] INFO: Validation: set field to null - PublicationItem - validate_and_null: provided key "publisher" is not in item -> identifier: "74a68430-5c46-5460-8262-69e52a0030f7"; title: "Zarządzanie krajową gospodarką wodną od 2018 roku"; scientist_id: "6026f5fe-6694-5f48-ac0f-44732ef3de1a";
2025-01-05 12:16:11 [knowledge_scraper.pipelines] INFO: Validation: set field to null - PublicationItem - validate_and_null: provided key "journal" is not in item -> identifier: "a0682f74-4437-53c5-94c1-81ef1c5b5d51"; title: "Zarządzanie krajową gospodarką wodną od 2018 roku"; scientist_id: "6026f5fe-6694-5f48-ac0f-44732ef3de1a";
2025-01-05 12:16:11 [knowledge_scraper.pipelines] INFO: Validation: set field to null - PublicationItem - validate_and_null: provided key "publisher" is not in item -> identifier: "a0682f74-4437-53c5-94c1-81ef1c5b5d51"; title: "Zarządzanie krajową gospodarką wodną od 2018 roku"; scientist_id: "6026f5fe-6694-5f48-ac0f-44732ef3de1a";
2025-01-05 12:16:11 [knowledge_scraper.pipelines] INFO: Validation: set field to null - PublicationItem - validate_and_null: provided key "journal" is not in item -> identifier: "e6d2e05e-77c5-524c-b13e-5c411cae3163"; title: "Rozwój fotowoltaiki w Polsce i na świecie"; scientist_id: "6026f5fe-6694-5f48-ac0f-44732ef3de1a";
2025-01-05 12:16:11 [knowledge_scraper.pipelines] INFO: Validation: set field to null - PublicationItem - validate_and_null: provided key "publisher" is not in item -> identifier: "e6d2e05e-77c5-524c-b13e-5c411cae3163"; title: "Rozwój fotowoltaiki w Polsce i na świecie"; scientist_id: "6026f5fe-6694-5f48-ac0f-44732ef3de1a";
2025-01-05 12:16:12 [knowledge_scraper.pipelines] INFO: Validation: set field to null - PublicationItem - validate_and_null: provided key "publisher" is not in item -> identifier: "6017db1c-2f6d-5770-925e-227896c9d71b"; title: "Microplastics in coastal sediments of Ełckie Lake (Poland)"; scientist_id: "6026f5fe-6694-5f48-ac0f-44732ef3de1a";
2025-01-05 12:16:12 [knowledge_scraper.pipelines] INFO: Validation: set field to null - PublicationItem - validate_and_null: provided key "publisher" is not in item -> identifier: "f1c22de4-7a2f-5ee0-961c-3dcc114810e1"; title: "Biosorption Capacity of Activated Sludge Sand Bed for Removal of Copper from Treated Wastewater"; scientist_id: "6026f5fe-6694-5f48-ac0f-44732ef3de1a";
2025-01-05 12:16:13 [knowledge_scraper.pipelines] INFO: Validation: set field to null - PublicationItem - validate_and_null: provided key "publisher" is not in item -> identifier: "494aeca6-7c2e-5c87-b567-05bb27a7b9d2"; title: "Spatial Distribution and Pollution Level of Heavy Metals in Street Dust of the City of Suwałki (Poland)"; scientist_id: "6026f5fe-6694-5f48-ac0f-44732ef3de1a";
2025-01-05 12:16:13 [knowledge_scraper.pipelines] INFO: Validation: set field to null - PublicationItem - validate_and_null: provided key "publisher" is not in item -> identifier: "de812ef0-1219-5ee1-8bfe-429bc6548404"; title: "Performance of acicular grindable thermocouples for temperature measurements at sliding contacts"; scientist_id: "127b55cc-dd93-5140-a713-302b0d0874e3";
2025-01-05 12:16:13 [knowledge_scraper.pipelines] INFO: Validation: set field to null - PublicationItem - validate_and_null: provided key "publisher" is not in item -> identifier: "371b5191-864f-5d98-905a-a674d7c95d6e"; title: "Inverse determination of sliding surface temperature based on measurements by thermocouples with account of their thermal inertia"; scientist_id: "127b55cc-dd93-5140-a713-302b0d0874e3";
2025-01-05 12:16:14 [knowledge_scraper.pipelines] INFO: Validation: set field to null - PublicationItem - validate_and_null: provided key "publisher" is not in item -> identifier: "8722e1d0-e164-5b3c-a4c8-e65e89b8456e"; title: "The Effect of TiN and DLC Anti-Wear Coatings on the Tribofilm Formation and Frictional Heat Phenomena in Coated Metals vs. WC-Co"; scientist_id: "127b55cc-dd93-5140-a713-302b0d0874e3";
2025-01-05 12:16:14 [knowledge_scraper.pipelines] INFO: Validation: set field to null - PublicationItem - validate_and_null: provided key "journal" is not in item -> identifier: "e8cbd56e-906c-50d5-b3ec-defb83c83c52"; title: "Accuracy and Transparency of Sliding Surface Temperature Measurements by Acicular Grindable Thermocouples"; scientist_id: "127b55cc-dd93-5140-a713-302b0d0874e3";
2025-01-05 12:16:14 [knowledge_scraper.pipelines] INFO: Validation: set field to null - PublicationItem - validate_and_null: provided key "publisher" is not in item -> identifier: "e8cbd56e-906c-50d5-b3ec-defb83c83c52"; title: "Accuracy and Transparency of Sliding Surface Temperature Measurements by Acicular Grindable Thermocouples"; scientist_id: "127b55cc-dd93-5140-a713-302b0d0874e3";
2025-01-05 12:16:15 [knowledge_scraper.pipelines] INFO: Validation: set field to null - PublicationItem - validate_and_null: provided key "publisher" is not in item -> identifier: "444641fc-ec82-5462-8cd5-38750d5c319b"; title: "Airborne wear particle emission from train brake friction materials with different contents of steel and copper fibres"; scientist_id: "127b55cc-dd93-5140-a713-302b0d0874e3";
2025-01-05 12:16:15 [knowledge_scraper.pipelines] INFO: Validation: set field to null - PublicationItem - validate_and_null: provided key "publisher" is not in item -> identifier: "33b576df-6985-5d48-900c-7f5528c08f0d"; title: "Duplex Aging and Gas Nitriding Process as a Method of Surface Modification of Titanium Alloys for Aircraft Applications"; scientist_id: "127b55cc-dd93-5140-a713-302b0d0874e3";
2025-01-05 12:16:16 [knowledge_scraper.pipelines] INFO: Validation: set field to null - PublicationItem - validate_and_null: provided key "publisher" is not in item -> identifier: "c6c6e271-343d-5aac-bec2-d2b1790a4582"; title: "Reliability of acicular grindable thermocouples for transient temperature measurements at sliding contacts"; scientist_id: "127b55cc-dd93-5140-a713-302b0d0874e3";
2025-01-05 12:16:16 [knowledge_scraper.pipelines] INFO: Validation: set field to null - PublicationItem - validate_and_null: provided key "publisher" is not in item -> identifier: "8f4ea555-7468-5599-abd1-4b555594f2d0"; title: "Diatomaceous earth as a drug-loaded carrier in a glass-ionomer cement"; scientist_id: "127b55cc-dd93-5140-a713-302b0d0874e3";
2025-01-05 12:16:17 [knowledge_scraper.pipelines] INFO: Validation: set field to null - PublicationItem - validate_and_null: provided key "publisher" is not in item -> identifier: "b8971489-b5dd-5a5a-8ad9-85596679c2f5"; title: "Emission and properties of airborne wear particles from train brake friction materials based on novolac phenolic resins and butadiene rubbers"; scientist_id: "127b55cc-dd93-5140-a713-302b0d0874e3";
2025-01-05 12:16:17 [knowledge_scraper.pipelines] INFO: Validation: set field to null - PublicationItem - validate_and_null: provided key "publisher" is not in item -> identifier: "4e1ae7e9-bed0-5031-ba69-41c3d0fef9ac"; title: "Hominid sexual nature"; scientist_id: "ba7e45ed-7775-53d0-bf03-cf7df74fdf7e";
2025-01-05 12:16:18 [knowledge_scraper.pipelines] INFO: Validation: set field to null - PublicationItem - validate_and_null: provided key "publisher" is not in item -> identifier: "537a2c1d-503f-56c3-99d5-5f1246616a63"; title: "Wyznaczanie pola prędkości i strat energii w przepływie cieczy przez przewód prostoosiowy o dowolnym kształcie przekroju poprzecznego"; scientist_id: "f44c81be-4283-5d3d-bcdb-0d7d59982e3a";
2025-01-05 12:16:18 [knowledge_scraper.pipelines] INFO: Validation: set field to null - PublicationItem - validate_and_null: provided key "publisher" is not in item -> identifier: "b9015c48-959a-57bc-abdd-deb7815649cf"; title: "Symulacja pól prędkości i temperatury w przepływie cieczy lepkiej metodą elementów brzegowych"; scientist_id: "f44c81be-4283-5d3d-bcdb-0d7d59982e3a";
2025-01-05 12:16:18 [knowledge_scraper.pipelines] INFO: Validation: set field to null - PublicationItem - validate_and_null: provided key "publisher" is not in item -> identifier: "4a80faec-8c12-52aa-bf86-5d3ebffc7fe7"; title: "Modelowanie procesów transportu masy i ciepła w płaskich kolektorach słonecznych"; scientist_id: "f44c81be-4283-5d3d-bcdb-0d7d59982e3a";
2025-01-05 12:16:19 [knowledge_scraper.pipelines] INFO: Validation: set field to null - PublicationItem - validate_and_null: provided key "publisher" is not in item -> identifier: "878efc86-c21f-56b1-a904-ee344ef5a1cd"; title: "Modelowanie parametrów aerodynamicznych urządzeń energetyki wiatrowej III. Analiza aerodynamiczna rotorów wiatrowych o pionowej osi obrotu"; scientist_id: "f44c81be-4283-5d3d-bcdb-0d7d59982e3a";
2025-01-05 12:16:19 [knowledge_scraper.pipelines] INFO: Validation: set field to null - PublicationItem - validate_and_null: provided key "publisher" is not in item -> identifier: "c5dad6df-1137-5110-9fee-0f078a88d69f"; title: "Modelowanie parametrów aerodynamicznych urządzeń energetyki wiatrowej II. Analiza aerodynamiczna turbin wiatrowych o poziomej osi obrotu"; scientist_id: "f44c81be-4283-5d3d-bcdb-0d7d59982e3a";
2025-01-05 12:16:19 [knowledge_scraper.pipelines] INFO: Validation: set field to null - PublicationItem - validate_and_null: provided key "publisher" is not in item -> identifier: "968b166e-fb2c-5750-aba8-fcd3bc292a21"; title: "Modelowanie parametrów aerodynamicznych urządzeń energetyki wiatrowej I. Aerodynamiczna analiza profili wirników turbin i rotorów wiatrowych"; scientist_id: "f44c81be-4283-5d3d-bcdb-0d7d59982e3a";
2025-01-05 12:16:20 [knowledge_scraper.pipelines] INFO: Validation: set field to null - PublicationItem - validate_and_null: provided key "publisher" is not in item -> identifier: "901b87be-1dd3-5e28-9c9f-c61677680d9e"; title: "Modelowanie oscylacyjnego przepływu cieczy przez przewody prostoosiowe"; scientist_id: "f44c81be-4283-5d3d-bcdb-0d7d59982e3a";
2025-01-05 12:16:20 [knowledge_scraper.pipelines] INFO: Validation: set field to null - PublicationItem - validate_and_null: provided key "journal" is not in item -> identifier: "7edc421a-46ef-50fa-a0d1-eb09c4467a60"; title: "Symulacja pól temperatur dyssypacji lepkości w przepływach Couette'a metodą elementów brzegowych"; scientist_id: "f44c81be-4283-5d3d-bcdb-0d7d59982e3a";
2025-01-05 12:16:20 [knowledge_scraper.pipelines] INFO: Validation: set field to null - PublicationItem - validate_and_null: provided key "publisher" is not in item -> identifier: "7edc421a-46ef-50fa-a0d1-eb09c4467a60"; title: "Symulacja pól temperatur dyssypacji lepkości w przepływach Couette'a metodą elementów brzegowych"; scientist_id: "f44c81be-4283-5d3d-bcdb-0d7d59982e3a";
2025-01-05 12:16:21 [knowledge_scraper.pipelines] INFO: Validation: set field to null - PublicationItem - validate_and_null: provided key "journal" is not in item -> identifier: "49f80389-6239-51ab-8870-8e3d9f823fae"; title: "Modelowanie parametrów aerodynamicznych urządzeń energetyki wiatrowej. [Cz.] 3. Analiza aerodynamiczna rotorów wiatrowych"; scientist_id: "f44c81be-4283-5d3d-bcdb-0d7d59982e3a";
2025-01-05 12:16:21 [knowledge_scraper.pipelines] INFO: Validation: set field to null - PublicationItem - validate_and_null: provided key "publisher" is not in item -> identifier: "49f80389-6239-51ab-8870-8e3d9f823fae"; title: "Modelowanie parametrów aerodynamicznych urządzeń energetyki wiatrowej. [Cz.] 3. Analiza aerodynamiczna rotorów wiatrowych"; scientist_id: "f44c81be-4283-5d3d-bcdb-0d7d59982e3a";
2025-01-05 12:16:21 [knowledge_scraper.pipelines] INFO: Validation: set field to null - PublicationItem - validate_and_null: provided key "journal" is not in item -> identifier: "34f162d9-762a-5c58-8ed1-c5719a197444"; title: "Modelowanie parametrów aerodynamicznych urządzeń energetyki wiatrowej. [Cz.] 2. Analiza aerodynamiczna turbin wiatrowych"; scientist_id: "f44c81be-4283-5d3d-bcdb-0d7d59982e3a";
2025-01-05 12:16:21 [knowledge_scraper.pipelines] INFO: Validation: set field to null - PublicationItem - validate_and_null: provided key "publisher" is not in item -> identifier: "34f162d9-762a-5c58-8ed1-c5719a197444"; title: "Modelowanie parametrów aerodynamicznych urządzeń energetyki wiatrowej. [Cz.] 2. Analiza aerodynamiczna turbin wiatrowych"; scientist_id: "f44c81be-4283-5d3d-bcdb-0d7d59982e3a";
2025-01-05 12:16:21 [knowledge_scraper.pipelines] INFO: Validation: set field to null - PublicationItem - validate_and_null: provided key "journal" is not in item -> identifier: "3e3dc966-5903-50e5-961f-8bd7c42180c7"; title: "Modelowanie parametrów aerodynamicznych urządzeń energetyki wiatrowej. [Cz.] 1. Aerodynamiczna analiza profili wirników turbin i rotorów wiatrowych"; scientist_id: "f44c81be-4283-5d3d-bcdb-0d7d59982e3a";
2025-01-05 12:16:21 [knowledge_scraper.pipelines] INFO: Validation: set field to null - PublicationItem - validate_and_null: provided key "publisher" is not in item -> identifier: "3e3dc966-5903-50e5-961f-8bd7c42180c7"; title: "Modelowanie parametrów aerodynamicznych urządzeń energetyki wiatrowej. [Cz.] 1. Aerodynamiczna analiza profili wirników turbin i rotorów wiatrowych"; scientist_id: "f44c81be-4283-5d3d-bcdb-0d7d59982e3a";
2025-01-05 12:16:22 [knowledge_scraper.pipelines] INFO: Validation: set field to null - PublicationItem - validate_and_null: provided key "journal" is not in item -> identifier: "eed8c3ed-343f-5843-90ef-183c44ac3ded"; title: "Algorytm MEB wyznaczania tensora naprężeń w przewodach prostoosiowych przy przepływie laminarnym niezależnie od kształtu przekroju przewodu"; scientist_id: "f44c81be-4283-5d3d-bcdb-0d7d59982e3a";
2025-01-05 12:16:22 [knowledge_scraper.pipelines] INFO: Validation: set field to null - PublicationItem - validate_and_null: provided key "publisher" is not in item -> identifier: "eed8c3ed-343f-5843-90ef-183c44ac3ded"; title: "Algorytm MEB wyznaczania tensora naprężeń w przewodach prostoosiowych przy przepływie laminarnym niezależnie od kształtu przekroju przewodu"; scientist_id: "f44c81be-4283-5d3d-bcdb-0d7d59982e3a";
2025-01-05 12:16:22 [knowledge_scraper.pipelines] INFO: Validation: set field to null - PublicationItem - validate_and_null: provided key "journal" is not in item -> identifier: "0a22acd4-0a55-57ee-867b-eb288d9890c8"; title: "Modelowanie procesów transportu masy i ciepła w płaskich kolektorach słonecznych"; scientist_id: "f44c81be-4283-5d3d-bcdb-0d7d59982e3a";
2025-01-05 12:16:22 [knowledge_scraper.pipelines] INFO: Validation: set field to null - PublicationItem - validate_and_null: provided key "publisher" is not in item -> identifier: "0a22acd4-0a55-57ee-867b-eb288d9890c8"; title: "Modelowanie procesów transportu masy i ciepła w płaskich kolektorach słonecznych"; scientist_id: "f44c81be-4283-5d3d-bcdb-0d7d59982e3a";
2025-01-05 12:16:23 [knowledge_scraper.pipelines] INFO: Validation: set field to null - PublicationItem - validate_and_null: provided key "journal" is not in item -> identifier: "715abf09-9168-5f93-a326-c3c25f365bae"; title: "Modelowanie oscylacyjnego przepływu cieczy przez przewody prostoosiowe"; scientist_id: "f44c81be-4283-5d3d-bcdb-0d7d59982e3a";
2025-01-05 12:16:23 [knowledge_scraper.pipelines] INFO: Validation: set field to null - PublicationItem - validate_and_null: provided key "publisher" is not in item -> identifier: "715abf09-9168-5f93-a326-c3c25f365bae"; title: "Modelowanie oscylacyjnego przepływu cieczy przez przewody prostoosiowe"; scientist_id: "f44c81be-4283-5d3d-bcdb-0d7d59982e3a";
2025-01-05 12:16:23 [knowledge_scraper.pipelines] INFO: Validation: set field to null - PublicationItem - validate_and_null: provided key "publisher" is not in item -> identifier: "75ecfc3c-9374-5646-8a03-68cb946bb094"; title: "Konwekcja wymuszona w przepływie cieczy lepkiej przez przewody prostoosiowe"; scientist_id: "f44c81be-4283-5d3d-bcdb-0d7d59982e3a";
2025-01-05 12:16:24 [knowledge_scraper.pipelines] INFO: Validation: set field to null - PublicationItem - validate_and_null: provided key "journal" is not in item -> identifier: "a4de43e6-7cce-5d5a-a9ee-30204816a4ea"; title: "Modelowanie przepływów Taylora metodą elementów brzegowych"; scientist_id: "f44c81be-4283-5d3d-bcdb-0d7d59982e3a";
2025-01-05 12:16:24 [knowledge_scraper.pipelines] INFO: Validation: set field to null - PublicationItem - validate_and_null: provided key "publisher" is not in item -> identifier: "a4de43e6-7cce-5d5a-a9ee-30204816a4ea"; title: "Modelowanie przepływów Taylora metodą elementów brzegowych"; scientist_id: "f44c81be-4283-5d3d-bcdb-0d7d59982e3a";
2025-01-05 12:16:24 [knowledge_scraper.pipelines] INFO: Validation: set field to null - PublicationItem - validate_and_null: provided key "journal" is not in item -> identifier: "d5abd82d-0114-5f74-b97a-858001824b62"; title: "Simulation of forced convection a boundary element method for the laminar viscous dissipation of flow through a straight regular polygonal duct with uniform heat flux"; scientist_id: "f44c81be-4283-5d3d-bcdb-0d7d59982e3a";
2025-01-05 12:16:24 [knowledge_scraper.pipelines] INFO: Validation: set field to null - PublicationItem - validate_and_null: provided key "publisher" is not in item -> identifier: "d5abd82d-0114-5f74-b97a-858001824b62"; title: "Simulation of forced convection a boundary element method for the laminar viscous dissipation of flow through a straight regular polygonal duct with uniform heat flux"; scientist_id: "f44c81be-4283-5d3d-bcdb-0d7d59982e3a";
2025-01-05 12:16:25 [knowledge_scraper.pipelines] INFO: Validation: set field to null - PublicationItem - validate_and_null: provided key "journal" is not in item -> identifier: "e2d1eac4-b244-5f61-81ee-8587c0001502"; title: "Modelowanie dyssypacji energii w płaskich przepływach Taylora metodą elementów brzegowych"; scientist_id: "f44c81be-4283-5d3d-bcdb-0d7d59982e3a";
2025-01-05 12:16:25 [knowledge_scraper.pipelines] INFO: Validation: set field to null - PublicationItem - validate_and_null: provided key "publisher" is not in item -> identifier: "e2d1eac4-b244-5f61-81ee-8587c0001502"; title: "Modelowanie dyssypacji energii w płaskich przepływach Taylora metodą elementów brzegowych"; scientist_id: "f44c81be-4283-5d3d-bcdb-0d7d59982e3a";
2025-01-05 12:16:25 [knowledge_scraper.pipelines] INFO: Validation: set field to null - PublicationItem - validate_and_null: provided key "journal" is not in item -> identifier: "a44a75fc-8973-5f04-aa1e-6153a32db199"; title: "Simulation of forced convection a boundary element method for the laminar viscous dissipation of flow through straight regular polygonal duct with uniform heat flux"; scientist_id: "f44c81be-4283-5d3d-bcdb-0d7d59982e3a";
2025-01-05 12:16:25 [knowledge_scraper.pipelines] INFO: Validation: set field to null - PublicationItem - validate_and_null: provided key "publisher" is not in item -> identifier: "a44a75fc-8973-5f04-aa1e-6153a32db199"; title: "Simulation of forced convection a boundary element method for the laminar viscous dissipation of flow through straight regular polygonal duct with uniform heat flux"; scientist_id: "f44c81be-4283-5d3d-bcdb-0d7d59982e3a";
2025-01-05 12:16:26 [knowledge_scraper.pipelines] INFO: Validation: set field to null - PublicationItem - validate_and_null: provided key "publisher" is not in item -> identifier: "95b881dd-28fd-5417-98f7-dcb232517b40"; title: "Effect of viscous dissipation on forced convection for laminar flow through a straight regular polygonal duct using BEM method"; scientist_id: "f44c81be-4283-5d3d-bcdb-0d7d59982e3a";
2025-01-05 12:16:26 [knowledge_scraper.pipelines] INFO: Validation: set field to null - PublicationItem - validate_and_null: provided key "journal" is not in item -> identifier: "fbad266f-c49d-518d-9ccb-85781495fe30"; title: "Efektywność produkcji energii z biogazu na przykładzie białostockiej oczyszczalni ścieków"; scientist_id: "e614f251-629d-54c0-8bc6-d1eec77d7ded";
2025-01-05 12:16:26 [knowledge_scraper.pipelines] INFO: Validation: set field to null - PublicationItem - validate_and_null: provided key "publisher" is not in item -> identifier: "fbad266f-c49d-518d-9ccb-85781495fe30"; title: "Efektywność produkcji energii z biogazu na przykładzie białostockiej oczyszczalni ścieków"; scientist_id: "e614f251-629d-54c0-8bc6-d1eec77d7ded";
2025-01-05 12:16:27 [knowledge_scraper.pipelines] INFO: Validation: set field to null - PublicationItem - validate_and_null: provided key "journal" is not in item -> identifier: "8015689e-e30d-5009-9c9b-644196f7aab9"; title: "Efektywność produkcji energii z biogazu na przykładzie białostockiej oczyszczalni ścieków"; scientist_id: "e614f251-629d-54c0-8bc6-d1eec77d7ded";
2025-01-05 12:16:27 [knowledge_scraper.pipelines] INFO: Validation: set field to null - PublicationItem - validate_and_null: provided key "publisher" is not in item -> identifier: "8015689e-e30d-5009-9c9b-644196f7aab9"; title: "Efektywność produkcji energii z biogazu na przykładzie białostockiej oczyszczalni ścieków"; scientist_id: "e614f251-629d-54c0-8bc6-d1eec77d7ded";
2025-01-05 12:16:27 [knowledge_scraper.pipelines] INFO: Validation: set field to null - PublicationItem - validate_and_null: provided key "journal" is not in item -> identifier: "604aca86-eb71-5e8b-8dc6-66ab6df1d3db"; title: "Budowa kanałów sanitarnych metodą przewiertów teleoptycznych"; scientist_id: "e614f251-629d-54c0-8bc6-d1eec77d7ded";
2025-01-05 12:16:27 [knowledge_scraper.pipelines] INFO: Validation: set field to null - PublicationItem - validate_and_null: provided key "publisher" is not in item -> identifier: "604aca86-eb71-5e8b-8dc6-66ab6df1d3db"; title: "Budowa kanałów sanitarnych metodą przewiertów teleoptycznych"; scientist_id: "e614f251-629d-54c0-8bc6-d1eec77d7ded";
2025-01-05 12:16:28 [knowledge_scraper.pipelines] INFO: Validation: set field to null - PublicationItem - validate_and_null: provided key "journal" is not in item -> identifier: "f9809192-bf02-50ec-9baa-2f5130362f41"; title: "Benchmarking w zarządzaniu siecią wodociągowo-kanalizacyjną"; scientist_id: "e614f251-629d-54c0-8bc6-d1eec77d7ded";
2025-01-05 12:16:28 [knowledge_scraper.pipelines] INFO: Validation: set field to null - PublicationItem - validate_and_null: provided key "publisher" is not in item -> identifier: "f9809192-bf02-50ec-9baa-2f5130362f41"; title: "Benchmarking w zarządzaniu siecią wodociągowo-kanalizacyjną"; scientist_id: "e614f251-629d-54c0-8bc6-d1eec77d7ded";
2025-01-05 12:16:28 [knowledge_scraper.pipelines] INFO: Validation: set field to null - PublicationItem - validate_and_null: provided key "publisher" is not in item -> identifier: "ae6b298a-edcb-57bf-be36-696ae259fda2"; title: "Wybrane problemy doboru technik bezwykopowych w odnowie kanałów sanitarnych"; scientist_id: "e614f251-629d-54c0-8bc6-d1eec77d7ded";
2025-01-05 12:16:29 [knowledge_scraper.pipelines] INFO: Validation: set field to null - PublicationItem - validate_and_null: provided key "journal" is not in item -> identifier: "e5af84d8-82f8-5b19-a454-1b5818bc7071"; title: "Kontenerowa stacja zlewna"; scientist_id: "e614f251-629d-54c0-8bc6-d1eec77d7ded";
2025-01-05 12:16:29 [knowledge_scraper.pipelines] INFO: Validation: set field to null - PublicationItem - validate_and_null: provided key "publisher" is not in item -> identifier: "e5af84d8-82f8-5b19-a454-1b5818bc7071"; title: "Kontenerowa stacja zlewna"; scientist_id: "e614f251-629d-54c0-8bc6-d1eec77d7ded";
2025-01-05 12:16:29 [knowledge_scraper.pipelines] INFO: Validation: set field to null - PublicationItem - validate_and_null: provided key "journal" is not in item -> identifier: "2947c1cd-bc52-56fe-ad87-117c12d0abc8"; title: "Hermetyzacja i dezodoryzacja wybranych obiektów oczyszczalni ścieków"; scientist_id: "e614f251-629d-54c0-8bc6-d1eec77d7ded";
2025-01-05 12:16:29 [knowledge_scraper.pipelines] INFO: Validation: set field to null - PublicationItem - validate_and_null: provided key "publisher" is not in item -> identifier: "2947c1cd-bc52-56fe-ad87-117c12d0abc8"; title: "Hermetyzacja i dezodoryzacja wybranych obiektów oczyszczalni ścieków"; scientist_id: "e614f251-629d-54c0-8bc6-d1eec77d7ded";
2025-01-05 12:16:30 [knowledge_scraper.pipelines] INFO: Validation: set field to null - PublicationItem - validate_and_null: provided key "journal" is not in item -> identifier: "81902209-b0e3-5d64-83aa-63fca54d502a"; title: "Zarządzanie działaniami związanymi z awariami liniowymi występującymi w firmie wodociągowo-kanalizacyjnej"; scientist_id: "e614f251-629d-54c0-8bc6-d1eec77d7ded";
2025-01-05 12:16:30 [knowledge_scraper.pipelines] INFO: Validation: set field to null - PublicationItem - validate_and_null: provided key "publisher" is not in item -> identifier: "81902209-b0e3-5d64-83aa-63fca54d502a"; title: "Zarządzanie działaniami związanymi z awariami liniowymi występującymi w firmie wodociągowo-kanalizacyjnej"; scientist_id: "e614f251-629d-54c0-8bc6-d1eec77d7ded";
2025-01-05 12:16:30 [knowledge_scraper.pipelines] INFO: Validation: set field to null - PublicationItem - validate_and_null: provided key "journal" is not in item -> identifier: "43560712-0e75-501c-9a00-edd95e9318cc"; title: "Zarządzanie działaniami związanymi z awariami liniowymi występującymi w firmie wodociągowo-kanalizacyjnej"; scientist_id: "e614f251-629d-54c0-8bc6-d1eec77d7ded";
2025-01-05 12:16:30 [knowledge_scraper.pipelines] INFO: Validation: set field to null - PublicationItem - validate_and_null: provided key "publisher" is not in item -> identifier: "43560712-0e75-501c-9a00-edd95e9318cc"; title: "Zarządzanie działaniami związanymi z awariami liniowymi występującymi w firmie wodociągowo-kanalizacyjnej"; scientist_id: "e614f251-629d-54c0-8bc6-d1eec77d7ded";
2025-01-05 12:16:31 [knowledge_scraper.pipelines] INFO: Validation: set field to null - PublicationItem - validate_and_null: provided key "journal" is not in item -> identifier: "31495585-5116-5b77-8168-e464e9922e70"; title: "Rozbudowa reaktorów biologicznych oczyszczalni ścieków w Białymstoku"; scientist_id: "e614f251-629d-54c0-8bc6-d1eec77d7ded";
2025-01-05 12:16:31 [knowledge_scraper.pipelines] INFO: Validation: set field to null - PublicationItem - validate_and_null: provided key "publisher" is not in item -> identifier: "31495585-5116-5b77-8168-e464e9922e70"; title: "Rozbudowa reaktorów biologicznych oczyszczalni ścieków w Białymstoku"; scientist_id: "e614f251-629d-54c0-8bc6-d1eec77d7ded";
2025-01-05 12:16:31 [knowledge_scraper.pipelines] INFO: Validation: set field to null - PublicationItem - validate_and_null: provided key "journal" is not in item -> identifier: "6fd7fcea-d595-5dc6-9257-542dda1a44ac"; title: "Rozbudowa reaktorów biologicznych oczyszczalni ścieków w Białymstoku"; scientist_id: "e614f251-629d-54c0-8bc6-d1eec77d7ded";
2025-01-05 12:16:31 [knowledge_scraper.pipelines] INFO: Validation: set field to null - PublicationItem - validate_and_null: provided key "publisher" is not in item -> identifier: "6fd7fcea-d595-5dc6-9257-542dda1a44ac"; title: "Rozbudowa reaktorów biologicznych oczyszczalni ścieków w Białymstoku"; scientist_id: "e614f251-629d-54c0-8bc6-d1eec77d7ded";
2025-01-05 12:16:32 [knowledge_scraper.pipelines] INFO: Validation: set field to null - PublicationItem - validate_and_null: provided key "journal" is not in item -> identifier: "8203e70b-35b9-5379-b2ea-6110025a6809"; title: "Powiązania między procesami w spółce wodociągowo - kanalizacyjnej"; scientist_id: "e614f251-629d-54c0-8bc6-d1eec77d7ded";
2025-01-05 12:16:32 [knowledge_scraper.pipelines] INFO: Validation: set field to null - PublicationItem - validate_and_null: provided key "publisher" is not in item -> identifier: "8203e70b-35b9-5379-b2ea-6110025a6809"; title: "Powiązania między procesami w spółce wodociągowo - kanalizacyjnej"; scientist_id: "e614f251-629d-54c0-8bc6-d1eec77d7ded";
2025-01-05 12:16:32 [knowledge_scraper.pipelines] INFO: Validation: set field to null - PublicationItem - validate_and_null: provided key "journal" is not in item -> identifier: "27dcaf3b-ee19-5b94-9c21-68c66b30cc93"; title: "Optymalizacja doboru technik bezwykopowych w odnowie kanałów sanitarnych w aspektach technicznych, ekonomicznych i prawnych"; scientist_id: "e614f251-629d-54c0-8bc6-d1eec77d7ded";
2025-01-05 12:16:32 [knowledge_scraper.pipelines] INFO: Validation: set field to null - PublicationItem - validate_and_null: provided key "publisher" is not in item -> identifier: "27dcaf3b-ee19-5b94-9c21-68c66b30cc93"; title: "Optymalizacja doboru technik bezwykopowych w odnowie kanałów sanitarnych w aspektach technicznych, ekonomicznych i prawnych"; scientist_id: "e614f251-629d-54c0-8bc6-d1eec77d7ded";
2025-01-05 12:16:32 [knowledge_scraper.pipelines] INFO: Validation: set field to null - PublicationItem - validate_and_null: provided key "journal" is not in item -> identifier: "12a3335c-358b-5cd2-ba6c-b1ca62110e20"; title: "Budowa kanałów sanitarnych metodą przecisków hydraulicznych z wierceniem pilotowym teleoptycznym"; scientist_id: "e614f251-629d-54c0-8bc6-d1eec77d7ded";
2025-01-05 12:16:32 [knowledge_scraper.pipelines] INFO: Validation: set field to null - PublicationItem - validate_and_null: provided key "publisher" is not in item -> identifier: "12a3335c-358b-5cd2-ba6c-b1ca62110e20"; title: "Budowa kanałów sanitarnych metodą przecisków hydraulicznych z wierceniem pilotowym teleoptycznym"; scientist_id: "e614f251-629d-54c0-8bc6-d1eec77d7ded";
2025-01-05 12:16:33 [knowledge_scraper.pipelines] INFO: Validation: set field to null - PublicationItem - validate_and_null: provided key "journal" is not in item -> identifier: "58e499b9-a2a6-5579-a97b-46575106c273"; title: "Budowa i przebudowa sieci wodociągowych w technologiach bezwykopowych"; scientist_id: "e614f251-629d-54c0-8bc6-d1eec77d7ded";
2025-01-05 12:16:33 [knowledge_scraper.pipelines] INFO: Validation: set field to null - PublicationItem - validate_and_null: provided key "publisher" is not in item -> identifier: "58e499b9-a2a6-5579-a97b-46575106c273"; title: "Budowa i przebudowa sieci wodociągowych w technologiach bezwykopowych"; scientist_id: "e614f251-629d-54c0-8bc6-d1eec77d7ded";
2025-01-05 12:16:33 [knowledge_scraper.pipelines] INFO: Validation: set field to null - PublicationItem - validate_and_null: provided key "journal" is not in item -> identifier: "a7975105-c931-522c-9b89-3b0f3e867c0f"; title: "Benchmarking jako narzędzie wspierające nadzorowanie awaryjności sieci w firmie wodociągowo - kanalizacyjnej"; scientist_id: "e614f251-629d-54c0-8bc6-d1eec77d7ded";
2025-01-05 12:16:33 [knowledge_scraper.pipelines] INFO: Validation: set field to null - PublicationItem - validate_and_null: provided key "publisher" is not in item -> identifier: "a7975105-c931-522c-9b89-3b0f3e867c0f"; title: "Benchmarking jako narzędzie wspierające nadzorowanie awaryjności sieci w firmie wodociągowo - kanalizacyjnej"; scientist_id: "e614f251-629d-54c0-8bc6-d1eec77d7ded";
2025-01-05 12:16:34 [knowledge_scraper.pipelines] INFO: Validation: set field to null - PublicationItem - validate_and_null: provided key "journal" is not in item -> identifier: "2098b780-5bff-594c-af1d-85de09009195"; title: "Awaryjny przelew burzowy oczyszczalni ścieków"; scientist_id: "e614f251-629d-54c0-8bc6-d1eec77d7ded";
2025-01-05 12:16:34 [knowledge_scraper.pipelines] INFO: Validation: set field to null - PublicationItem - validate_and_null: provided key "publisher" is not in item -> identifier: "2098b780-5bff-594c-af1d-85de09009195"; title: "Awaryjny przelew burzowy oczyszczalni ścieków"; scientist_id: "e614f251-629d-54c0-8bc6-d1eec77d7ded";
2025-01-05 12:16:34 [knowledge_scraper.pipelines] INFO: Validation: set field to null - PublicationItem - validate_and_null: provided key "publisher" is not in item -> identifier: "5b1ae5f0-788d-5735-a47b-50c17b7d8d69"; title: "Calibration of Activated Sludge Model with Scarce Data Sets"; scientist_id: "e614f251-629d-54c0-8bc6-d1eec77d7ded";
2025-01-05 12:16:35 [knowledge_scraper.pipelines] INFO: Validation: set field to null - PublicationItem - validate_and_null: provided key "journal" is not in item -> identifier: "66dd0df3-f7b8-5453-acc5-8b25538881d7"; title: "Calibration of activated sludge model with scarce data sets"; scientist_id: "e614f251-629d-54c0-8bc6-d1eec77d7ded";
2025-01-05 12:16:35 [knowledge_scraper.pipelines] INFO: Validation: set field to null - PublicationItem - validate_and_null: provided key "publisher" is not in item -> identifier: "66dd0df3-f7b8-5453-acc5-8b25538881d7"; title: "Calibration of activated sludge model with scarce data sets"; scientist_id: "e614f251-629d-54c0-8bc6-d1eec77d7ded";
2025-01-05 12:16:35 [knowledge_scraper.pipelines] INFO: Validation: set field to null - PublicationItem - validate_and_null: provided key "publisher" is not in item -> identifier: "13359ddd-7b6b-5f25-9f74-c4b51ca8708b"; title: "Benchmarking jako narzędzie wspierające nadzorowanie awaryjności sieci w firmie wodociągowo-kanalizacyjnej"; scientist_id: "e614f251-629d-54c0-8bc6-d1eec77d7ded";
2025-01-05 12:16:36 [knowledge_scraper.pipelines] INFO: Validation: set field to null - PublicationItem - validate_and_null: provided key "publisher" is not in item -> identifier: "91a44406-c371-5212-ac39-738b0ceed6c1"; title: "Instalacja odzysku ciepła ze zużytej wody natryskowej i połucznej filtrów basenowych z pompą ciepła na przykładzie obiektu Parku Wodnego w Ełku"; scientist_id: "66b6c59d-eea5-5217-af64-e6412f509bcf";
2025-01-05 12:16:36 [knowledge_scraper.pipelines] INFO: Validation: set field to null - PublicationItem - validate_and_null: provided key "publisher" is not in item -> identifier: "d3569885-b59e-5345-8358-4eca589142cc"; title: "Instalacje fotowoltaiczne w parku wodnym w Ełku. Cz. 2"; scientist_id: "66b6c59d-eea5-5217-af64-e6412f509bcf";
2025-01-05 12:16:37 [knowledge_scraper.pipelines] INFO: Validation: set field to null - PublicationItem - validate_and_null: provided key "publisher" is not in item -> identifier: "9fdd09d1-f3ec-5b55-9494-4ab368fae403"; title: "Instalacje fotowoltaiczne w parku wodnym w Ełku. Cz. 1"; scientist_id: "66b6c59d-eea5-5217-af64-e6412f509bcf";
2025-01-05 12:16:37 [knowledge_scraper.pipelines] INFO: Validation: set field to null - PublicationItem - validate_and_null: provided key "journal" is not in item -> identifier: "d811f842-255a-56f3-abf5-9586d37bc0e2"; title: "Modernizacja układu energetycznego parku z zastosowaniem odnawialnych źródeł energii"; scientist_id: "66b6c59d-eea5-5217-af64-e6412f509bcf";
2025-01-05 12:16:37 [knowledge_scraper.pipelines] INFO: Validation: set field to null - PublicationItem - validate_and_null: provided key "publisher" is not in item -> identifier: "d811f842-255a-56f3-abf5-9586d37bc0e2"; title: "Modernizacja układu energetycznego parku z zastosowaniem odnawialnych źródeł energii"; scientist_id: "66b6c59d-eea5-5217-af64-e6412f509bcf";
2025-01-05 12:16:37 [knowledge_scraper.pipelines] INFO: Validation: set field to null - PublicationItem - validate_and_null: provided key "publisher" is not in item -> identifier: "121cd7c8-cc7d-5983-b758-040630b77acf"; title: "Water park modernization with the use of renewable energy sources"; scientist_id: "66b6c59d-eea5-5217-af64-e6412f509bcf";
2025-01-05 12:16:38 [knowledge_scraper.pipelines] INFO: Validation: set field to null - PublicationItem - validate_and_null: provided key "publisher" is not in item -> identifier: "46157761-03af-52ec-b653-d395a0651e4a"; title: "Effects of ecological water park modernization"; scientist_id: "66b6c59d-eea5-5217-af64-e6412f509bcf";
2025-01-05 12:16:38 [knowledge_scraper.pipelines] INFO: Validation: set field to null - PublicationItem - validate_and_null: provided key "publisher" is not in item -> identifier: "503e6ab8-fa65-59c9-82cf-36f5cc220b27"; title: "Rozwiązania techniczne modernizacji źródła ciepła w budynku służby zdrowia z wykorzystaniem odnawialych źródeł energii"; scientist_id: "66b6c59d-eea5-5217-af64-e6412f509bcf";
2025-01-05 12:16:39 [knowledge_scraper.pipelines] INFO: Validation: set field to null - PublicationItem - validate_and_null: provided key "journal" is not in item -> identifier: "4bc774cf-9775-5e24-afeb-48287738f6ab"; title: "Water Park modernization with the use of renewable energy sources"; scientist_id: "66b6c59d-eea5-5217-af64-e6412f509bcf";
2025-01-05 12:16:39 [knowledge_scraper.pipelines] INFO: Validation: set field to null - PublicationItem - validate_and_null: provided key "publisher" is not in item -> identifier: "4bc774cf-9775-5e24-afeb-48287738f6ab"; title: "Water Park modernization with the use of renewable energy sources"; scientist_id: "66b6c59d-eea5-5217-af64-e6412f509bcf";
2025-01-05 12:16:39 [knowledge_scraper.pipelines] INFO: Validation: set field to null - PublicationItem - validate_and_null: provided key "journal" is not in item -> identifier: "5ba46ab5-848b-59dc-844a-5a948364dfa5"; title: "Odnawialne źródła energii w systemie energetycznym parku wodnego"; scientist_id: "66b6c59d-eea5-5217-af64-e6412f509bcf";
2025-01-05 12:16:39 [knowledge_scraper.pipelines] INFO: Validation: set field to null - PublicationItem - validate_and_null: provided key "publisher" is not in item -> identifier: "5ba46ab5-848b-59dc-844a-5a948364dfa5"; title: "Odnawialne źródła energii w systemie energetycznym parku wodnego"; scientist_id: "66b6c59d-eea5-5217-af64-e6412f509bcf";
2025-01-05 12:16:40 [knowledge_scraper.pipelines] INFO: Validation: set field to null - PublicationItem - validate_and_null: provided key "journal" is not in item -> identifier: "68ad1f39-9dba-55e1-a3c9-518cbb21c617"; title: "Effects of ecological Water Park modernization"; scientist_id: "66b6c59d-eea5-5217-af64-e6412f509bcf";
2025-01-05 12:16:40 [knowledge_scraper.pipelines] INFO: Validation: set field to null - PublicationItem - validate_and_null: provided key "publisher" is not in item -> identifier: "68ad1f39-9dba-55e1-a3c9-518cbb21c617"; title: "Effects of ecological Water Park modernization"; scientist_id: "66b6c59d-eea5-5217-af64-e6412f509bcf";
2025-01-05 12:16:40 [knowledge_scraper.pipelines] INFO: Validation: set field to null - PublicationItem - validate_and_null: provided key "publisher" is not in item -> identifier: "65acce8a-881c-599c-97ea-8e37c47d2619"; title: "Energy production from PV and carbon reduction in great lakes region of Masuria Poland : A case study of water park in Elk"; scientist_id: "66b6c59d-eea5-5217-af64-e6412f509bcf";
2025-01-05 12:16:41 [knowledge_scraper.pipelines] INFO: Validation: set field to null - PublicationItem - validate_and_null: provided key "publisher" is not in item -> identifier: "2b62f8e5-8afe-5004-aa93-e2ec900dc6d4"; title: "Analiza pracy poziomego gruntowego wymiennika ciepła współpracującego z pompą ciepła typu solanka-woda"; scientist_id: "66b6c59d-eea5-5217-af64-e6412f509bcf";
2025-01-05 12:16:42 [knowledge_scraper.pipelines] INFO: Validation: set field to null - PublicationItem - validate_and_null: provided key "publisher" is not in item -> identifier: "05a528fd-10d1-5c38-8431-902efad999b9"; title: "Zastosowanie dodatkowych źródeł energii odnawialnej do współpracy z pompą ciepła solanka/woda"; scientist_id: "66b6c59d-eea5-5217-af64-e6412f509bcf";
2025-01-05 12:16:42 [knowledge_scraper.pipelines] INFO: Validation: set field to null - PublicationItem - validate_and_null: provided key "journal" is not in item -> identifier: "36e06c86-3fcc-5236-b492-c98c4c15e4e4"; title: "Variability of Soil Temperatures During 5 Years of a Horizontal Heat Exchanger Operation Co-Operating with a Heat Pump in a Single-Family House"; scientist_id: "66b6c59d-eea5-5217-af64-e6412f509bcf";
2025-01-05 12:16:42 [knowledge_scraper.pipelines] INFO: Validation: set field to null - PublicationItem - validate_and_null: provided key "publisher" is not in item -> identifier: "36e06c86-3fcc-5236-b492-c98c4c15e4e4"; title: "Variability of Soil Temperatures During 5 Years of a Horizontal Heat Exchanger Operation Co-Operating with a Heat Pump in a Single-Family House"; scientist_id: "66b6c59d-eea5-5217-af64-e6412f509bcf";
2025-01-05 12:16:43 [knowledge_scraper.pipelines] INFO: Validation: set field to null - PublicationItem - validate_and_null: provided key "journal" is not in item -> identifier: "cde1b1e2-f563-5223-b48d-9327af18dcdb"; title: "Variability of Soil Temperatures During 5 Years of a Horizontal Heat Exchanger Operation Co-operating with a Heat Pump in a Single-Family House"; scientist_id: "66b6c59d-eea5-5217-af64-e6412f509bcf";
2025-01-05 12:16:43 [knowledge_scraper.pipelines] INFO: Validation: set field to null - PublicationItem - validate_and_null: provided key "publisher" is not in item -> identifier: "cde1b1e2-f563-5223-b48d-9327af18dcdb"; title: "Variability of Soil Temperatures During 5 Years of a Horizontal Heat Exchanger Operation Co-operating with a Heat Pump in a Single-Family House"; scientist_id: "66b6c59d-eea5-5217-af64-e6412f509bcf";
2025-01-05 12:16:43 [knowledge_scraper.pipelines] INFO: Validation: set field to null - PublicationItem - validate_and_null: provided key "journal" is not in item -> identifier: "00fb005d-21f5-56cd-af47-8d25930bd9a8"; title: "Sposoby zwiększenia efektywności bioremediacji gleb = The ways to increase efficiency of soil bioremediation"; scientist_id: "cf8d306c-ac0a-532e-b7b5-0037c63b8f4b";
2025-01-05 12:16:43 [knowledge_scraper.pipelines] INFO: Validation: set field to null - PublicationItem - validate_and_null: provided key "publisher" is not in item -> identifier: "00fb005d-21f5-56cd-af47-8d25930bd9a8"; title: "Sposoby zwiększenia efektywności bioremediacji gleb = The ways to increase efficiency of soil bioremediation"; scientist_id: "cf8d306c-ac0a-532e-b7b5-0037c63b8f4b";
2025-01-05 12:16:44 [knowledge_scraper.pipelines] INFO: Validation: set field to null - PublicationItem - validate_and_null: provided key "publisher" is not in item -> identifier: "d8dd7801-2a57-5ac9-a402-d4bd71d21fb7"; title: "The ways to increase efficiency of soil bioremediation"; scientist_id: "cf8d306c-ac0a-532e-b7b5-0037c63b8f4b";
2025-01-05 12:16:44 [knowledge_scraper.pipelines] INFO: Validation: set field to null - PublicationItem - validate_and_null: provided key "publisher" is not in item -> identifier: "ba24e2db-b8d0-5df3-8304-4bfd858cba0f"; title: "Ocena mikrobiologiczna jakości powietrza w zakładach piekarniczych"; scientist_id: "cf8d306c-ac0a-532e-b7b5-0037c63b8f4b";
2025-01-05 12:16:45 [knowledge_scraper.pipelines] INFO: Validation: set field to null - PublicationItem - validate_and_null: provided key "publisher" is not in item -> identifier: "c9fec8e2-19b4-54bd-bbb0-ec931d539ebb"; title: "Changes of biological and chemical indicators in soil after dehydrated sewage sludge application"; scientist_id: "cf8d306c-ac0a-532e-b7b5-0037c63b8f4b";
2025-01-05 12:16:45 [knowledge_scraper.pipelines] INFO: Validation: set field to null - PublicationItem - validate_and_null: provided key "journal" is not in item -> identifier: "9b78a0e6-91e6-541d-bffc-26389bfefba5"; title: "Wpływ osadu ściekowego na zawartość chlorofilu w trawach miejskich"; scientist_id: "cf8d306c-ac0a-532e-b7b5-0037c63b8f4b";
2025-01-05 12:16:45 [knowledge_scraper.pipelines] INFO: Validation: set field to null - PublicationItem - validate_and_null: provided key "publisher" is not in item -> identifier: "9b78a0e6-91e6-541d-bffc-26389bfefba5"; title: "Wpływ osadu ściekowego na zawartość chlorofilu w trawach miejskich"; scientist_id: "cf8d306c-ac0a-532e-b7b5-0037c63b8f4b";
2025-01-05 12:16:46 [knowledge_scraper.pipelines] INFO: Validation: set field to null - PublicationItem - validate_and_null: provided key "journal" is not in item -> identifier: "0efc65da-cf96-58a8-9a22-c74eeac1b0b0"; title: "Wpływ osadu ściekowego na aktywność bakterii biorących udział w przemianach związków bezazotowych w glebie"; scientist_id: "cf8d306c-ac0a-532e-b7b5-0037c63b8f4b";
2025-01-05 12:16:46 [knowledge_scraper.pipelines] INFO: Validation: set field to null - PublicationItem - validate_and_null: provided key "publisher" is not in item -> identifier: "0efc65da-cf96-58a8-9a22-c74eeac1b0b0"; title: "Wpływ osadu ściekowego na aktywność bakterii biorących udział w przemianach związków bezazotowych w glebie"; scientist_id: "cf8d306c-ac0a-532e-b7b5-0037c63b8f4b";
2025-01-05 12:16:46 [knowledge_scraper.pipelines] INFO: Validation: set field to null - PublicationItem - validate_and_null: provided key "journal" is not in item -> identifier: "e1496864-11d2-5359-b0bc-2d7fef279a70"; title: "The effect of sewage sludge on biomass production and the bacteria activity involved in degradation of nitrogen-free compounds in soil"; scientist_id: "cf8d306c-ac0a-532e-b7b5-0037c63b8f4b";
2025-01-05 12:16:46 [knowledge_scraper.pipelines] INFO: Validation: set field to null - PublicationItem - validate_and_null: provided key "publisher" is not in item -> identifier: "e1496864-11d2-5359-b0bc-2d7fef279a70"; title: "The effect of sewage sludge on biomass production and the bacteria activity involved in degradation of nitrogen-free compounds in soil"; scientist_id: "cf8d306c-ac0a-532e-b7b5-0037c63b8f4b";
2025-01-05 12:16:47 [knowledge_scraper.pipelines] INFO: Validation: set field to null - PublicationItem - validate_and_null: provided key "journal" is not in item -> identifier: "79da2deb-39e7-51e0-8e0b-8383e98f0466"; title: "Wpływ osadu ściekowego na zawartość chlorofilu w trawach miejskich"; scientist_id: "cf8d306c-ac0a-532e-b7b5-0037c63b8f4b";
2025-01-05 12:16:47 [knowledge_scraper.pipelines] INFO: Validation: set field to null - PublicationItem - validate_and_null: provided key "publisher" is not in item -> identifier: "79da2deb-39e7-51e0-8e0b-8383e98f0466"; title: "Wpływ osadu ściekowego na zawartość chlorofilu w trawach miejskich"; scientist_id: "cf8d306c-ac0a-532e-b7b5-0037c63b8f4b";
2025-01-05 12:16:48 [knowledge_scraper.pipelines] INFO: Validation: set field to null - PublicationItem - validate_and_null: provided key "journal" is not in item -> identifier: "9fe19957-a51c-5202-ae07-d22f654a8735"; title: "The effect of sewage sludge fertilization on the concentration of PAHs in urban soils"; scientist_id: "cf8d306c-ac0a-532e-b7b5-0037c63b8f4b";
2025-01-05 12:16:48 [knowledge_scraper.pipelines] INFO: Validation: set field to null - PublicationItem - validate_and_null: provided key "publisher" is not in item -> identifier: "9fe19957-a51c-5202-ae07-d22f654a8735"; title: "The effect of sewage sludge fertilization on the concentration of PAHs in urban soils"; scientist_id: "cf8d306c-ac0a-532e-b7b5-0037c63b8f4b";
2025-01-05 12:16:48 [knowledge_scraper.pipelines] INFO: Validation: set field to null - PublicationItem - validate_and_null: provided key "publisher" is not in item -> identifier: "843aaa01-c9d3-5e4f-b1dc-277599dd8865"; title: "Wpływ osadu ściekowego na aktywność biologiczną gleb"; scientist_id: "cf8d306c-ac0a-532e-b7b5-0037c63b8f4b";
2025-01-05 12:16:49 [knowledge_scraper.pipelines] INFO: Validation: set field to null - PublicationItem - validate_and_null: provided key "publisher" is not in item -> identifier: "0e8e8ea0-094b-545a-bc66-00900d2ef521"; title: "Wpływ nawożenia osadem ściekowym i bioodpadami na zawartość metali ciężkich w nasionach gorczycy białej"; scientist_id: "cf8d306c-ac0a-532e-b7b5-0037c63b8f4b";
2025-01-05 12:16:50 [knowledge_scraper.pipelines] INFO: Validation: set field to null - PublicationItem - validate_and_null: provided key "publisher" is not in item -> identifier: "78d1323e-f032-51d2-9894-1890d2a062b4"; title: "The effect of sewage sludge fertilization on the concentration of PAHs in urban soils"; scientist_id: "cf8d306c-ac0a-532e-b7b5-0037c63b8f4b";
2025-01-05 12:16:50 [knowledge_scraper.pipelines] INFO: Validation: set field to null - PublicationItem - validate_and_null: provided key "journal" is not in item -> identifier: "16b5131f-1e82-5e68-b59a-6775a63a6883"; title: "Wpływ osadu ściekowego na aktywność biologiczną gleb"; scientist_id: "cf8d306c-ac0a-532e-b7b5-0037c63b8f4b";
2025-01-05 12:16:50 [knowledge_scraper.pipelines] INFO: Validation: set field to null - PublicationItem - validate_and_null: provided key "publisher" is not in item -> identifier: "16b5131f-1e82-5e68-b59a-6775a63a6883"; title: "Wpływ osadu ściekowego na aktywność biologiczną gleb"; scientist_id: "cf8d306c-ac0a-532e-b7b5-0037c63b8f4b";
2025-01-05 12:16:51 [knowledge_scraper.pipelines] INFO: Validation: set field to null - PublicationItem - validate_and_null: provided key "journal" is not in item -> identifier: "56b5edf6-6a0f-511a-9e34-fb9082ac8d1a"; title: "Wpływ osadu na wystepowanie potencjalnie kancerogennych WWA w glebie miejskiej"; scientist_id: "cf8d306c-ac0a-532e-b7b5-0037c63b8f4b";
2025-01-05 12:16:51 [knowledge_scraper.pipelines] INFO: Validation: set field to null - PublicationItem - validate_and_null: provided key "publisher" is not in item -> identifier: "56b5edf6-6a0f-511a-9e34-fb9082ac8d1a"; title: "Wpływ osadu na wystepowanie potencjalnie kancerogennych WWA w glebie miejskiej"; scientist_id: "cf8d306c-ac0a-532e-b7b5-0037c63b8f4b";
2025-01-05 12:16:51 [knowledge_scraper.pipelines] INFO: Validation: set field to null - PublicationItem - validate_and_null: provided key "journal" is not in item -> identifier: "24f489b5-53db-52b5-a98a-1c6286722804"; title: "Wpływ nawożenia bioodpadami na bazie osadów ściekowych na zawartość metali ciężkich w nasionach gorczycy białej (Sinapis alba)"; scientist_id: "cf8d306c-ac0a-532e-b7b5-0037c63b8f4b";
2025-01-05 12:16:51 [knowledge_scraper.pipelines] INFO: Validation: set field to null - PublicationItem - validate_and_null: provided key "publisher" is not in item -> identifier: "24f489b5-53db-52b5-a98a-1c6286722804"; title: "Wpływ nawożenia bioodpadami na bazie osadów ściekowych na zawartość metali ciężkich w nasionach gorczycy białej (Sinapis alba)"; scientist_id: "cf8d306c-ac0a-532e-b7b5-0037c63b8f4b";
2025-01-05 12:16:52 [knowledge_scraper.pipelines] INFO: Validation: set field to null - PublicationItem - validate_and_null: provided key "publisher" is not in item -> identifier: "776aedab-bd50-5c57-bc0b-4406cfa0db2b"; title: "The Effect of Organic Substrates Application on the Amylolytic Activity of Urban Soils"; scientist_id: "cf8d306c-ac0a-532e-b7b5-0037c63b8f4b";
2025-01-05 12:16:53 [knowledge_scraper.pipelines] INFO: Validation: set field to null - PublicationItem - validate_and_null: provided key "publisher" is not in item -> identifier: "eaef6e14-ec86-578f-87f2-267546c5e7a2"; title: "Pseudomonas fluoresces occurrence in soil after fertilization with sewage sludge"; scientist_id: "cf8d306c-ac0a-532e-b7b5-0037c63b8f4b";
2025-01-05 12:16:53 [knowledge_scraper.pipelines] INFO: Validation: set field to null - PublicationItem - validate_and_null: provided key "publisher" is not in item -> identifier: "43496745-36dc-5d29-9759-93dd3a8eb11f"; title: "Concentration of potentially carcinogenic PAHs in soils fertilized with sewage sludge"; scientist_id: "cf8d306c-ac0a-532e-b7b5-0037c63b8f4b";
2025-01-05 12:16:54 [knowledge_scraper.pipelines] INFO: Validation: set field to null - PublicationItem - validate_and_null: provided key "journal" is not in item -> identifier: "c12691f0-de1d-5b97-88b4-9b0855a8803b"; title: "The effect of organic subtrates application on the amylolytic activity of urban soils"; scientist_id: "cf8d306c-ac0a-532e-b7b5-0037c63b8f4b";
2025-01-05 12:16:54 [knowledge_scraper.pipelines] INFO: Validation: set field to null - PublicationItem - validate_and_null: provided key "publisher" is not in item -> identifier: "c12691f0-de1d-5b97-88b4-9b0855a8803b"; title: "The effect of organic subtrates application on the amylolytic activity of urban soils"; scientist_id: "cf8d306c-ac0a-532e-b7b5-0037c63b8f4b";
2025-01-05 12:16:54 [knowledge_scraper.pipelines] INFO: Validation: set field to null - PublicationItem - validate_and_null: provided key "journal" is not in item -> identifier: "91700838-20f5-5dce-880b-a8d9967684e1"; title: "Pseudomonas Fluoresces occurrence in soil after fertilization with sewage sludge"; scientist_id: "cf8d306c-ac0a-532e-b7b5-0037c63b8f4b";
2025-01-05 12:16:54 [knowledge_scraper.pipelines] INFO: Validation: set field to null - PublicationItem - validate_and_null: provided key "publisher" is not in item -> identifier: "91700838-20f5-5dce-880b-a8d9967684e1"; title: "Pseudomonas Fluoresces occurrence in soil after fertilization with sewage sludge"; scientist_id: "cf8d306c-ac0a-532e-b7b5-0037c63b8f4b";
2025-01-05 12:16:55 [knowledge_scraper.pipelines] INFO: Validation: set field to null - PublicationItem - validate_and_null: provided key "publisher" is not in item -> identifier: "dbdc81dd-be21-57bb-b200-ca0d876ac77e"; title: "Axisymmetric Heat Conduction Problem for a Half-Space Covered with a Laminated Coating of Periodic Structure"; scientist_id: "7e803a82-34c7-51dc-a6e7-4503718c4be7";
2025-01-05 12:16:56 [knowledge_scraper.pipelines] INFO: Validation: set field to null - PublicationItem - validate_and_null: provided key "publisher" is not in item -> identifier: "e24ad1d6-9ac1-5ef9-80ec-869b83092ed8"; title: "Haptic Devices Based on Planar Stepping Motors - Introductory Concept"; scientist_id: "7e803a82-34c7-51dc-a6e7-4503718c4be7";
2025-01-05 12:16:56 [knowledge_scraper.pipelines] INFO: Validation: set field to null - PublicationItem - validate_and_null: provided key "journal" is not in item -> identifier: "ed3f8a0f-a97f-5ba1-9b9c-7568f9f44d32"; title: "Rozkład naprężeń w pokryciu kompozytowym przy obciążeniu lokalnym powierzchni swobodnej"; scientist_id: "7e803a82-34c7-51dc-a6e7-4503718c4be7";
2025-01-05 12:16:56 [knowledge_scraper.pipelines] INFO: Validation: set field to null - PublicationItem - validate_and_null: provided key "publisher" is not in item -> identifier: "ed3f8a0f-a97f-5ba1-9b9c-7568f9f44d32"; title: "Rozkład naprężeń w pokryciu kompozytowym przy obciążeniu lokalnym powierzchni swobodnej"; scientist_id: "7e803a82-34c7-51dc-a6e7-4503718c4be7";
2025-01-05 12:16:57 [knowledge_scraper.pipelines] INFO: Validation: set field to null - PublicationItem - validate_and_null: provided key "publisher" is not in item -> identifier: "9fbd8e9c-35a1-5029-9a81-e211517802cb"; title: "Stress Distribution in a Composite Coating by Local Loading of the Free Surface"; scientist_id: "7e803a82-34c7-51dc-a6e7-4503718c4be7";
2025-01-05 12:16:57 [knowledge_scraper.pipelines] INFO: Validation: set field to null - PublicationItem - validate_and_null: provided key "journal" is not in item -> identifier: "98c0b522-a447-5264-9c96-9f9d452d8374"; title: "Analytical and numerical methods for solving problems of heat conduction for body with graded coating"; scientist_id: "7e803a82-34c7-51dc-a6e7-4503718c4be7";
2025-01-05 12:16:57 [knowledge_scraper.pipelines] INFO: Validation: set field to null - PublicationItem - validate_and_null: provided key "publisher" is not in item -> identifier: "98c0b522-a447-5264-9c96-9f9d452d8374"; title: "Analytical and numerical methods for solving problems of heat conduction for body with graded coating"; scientist_id: "7e803a82-34c7-51dc-a6e7-4503718c4be7";
2025-01-05 12:16:57 [knowledge_scraper.pipelines] INFO: Validation: set field to null - PublicationItem - validate_and_null: provided key "publisher" is not in item -> identifier: "21242c3f-af9a-51fb-9f39-685bed97f051"; title: "Preliminary study of hydrodynamic load on an underwater robotic manipulator"; scientist_id: "7e803a82-34c7-51dc-a6e7-4503718c4be7";
2025-01-05 12:16:58 [scrapy.extensions.logstats] INFO: Crawled 872 pages (at 125 pages/min), scraped 913 items (at 125 items/min)
2025-01-05 12:16:58 [knowledge_scraper.pipelines] INFO: Validation: set field to null - PublicationItem - validate_and_null: provided key "publisher" is not in item -> identifier: "e09c179e-0151-58df-8c37-6b94a0cc4259"; title: "Some considerations on an underwater robotic manipulator subjected to the environmental disturbances caused by water current"; scientist_id: "7e803a82-34c7-51dc-a6e7-4503718c4be7";
2025-01-05 12:16:58 [knowledge_scraper.pipelines] INFO: Validation: set field to null - PublicationItem - validate_and_null: provided key "publisher" is not in item -> identifier: "8c8178eb-0624-53c1-b101-d042b075296d"; title: "On Axisymmetric Heat Conduction Problem for Multilayer Graded Coated Half-Space"; scientist_id: "7e803a82-34c7-51dc-a6e7-4503718c4be7";
2025-01-05 12:16:59 [knowledge_scraper.pipelines] INFO: Validation: set field to null - PublicationItem - validate_and_null: provided key "publisher" is not in item -> identifier: "383585f1-6545-55ed-8292-78d7e6e4b89a"; title: "The method of determination of transient hydrodynamic coefficients for a single DOF underwater manipulator"; scientist_id: "7e803a82-34c7-51dc-a6e7-4503718c4be7";
2025-01-05 12:16:59 [knowledge_scraper.pipelines] INFO: Validation: set field to null - PublicationItem - validate_and_null: provided key "publisher" is not in item -> identifier: "a25b160b-3dff-59ee-88dc-20f34e993819"; title: "Transient hydrodynamic coefficients for a single DOF underwater manipulator of a square cross-section"; scientist_id: "7e803a82-34c7-51dc-a6e7-4503718c4be7";
2025-01-05 12:16:59 [knowledge_scraper.pipelines] INFO: Validation: set field to null - PublicationItem - validate_and_null: provided key "journal" is not in item -> identifier: "96e5e38a-f6c2-54f1-8328-77140e77d7d2"; title: "Zastosowanie odpadowego ciepła niskotemperaturowego do napędów chłodniczych"; scientist_id: "9f81559d-8b8f-59d9-bac2-af7deffee6ae";
2025-01-05 12:16:59 [knowledge_scraper.pipelines] INFO: Validation: set field to null - PublicationItem - validate_and_null: provided key "publisher" is not in item -> identifier: "96e5e38a-f6c2-54f1-8328-77140e77d7d2"; title: "Zastosowanie odpadowego ciepła niskotemperaturowego do napędów chłodniczych"; scientist_id: "9f81559d-8b8f-59d9-bac2-af7deffee6ae";
2025-01-05 12:17:00 [knowledge_scraper.pipelines] INFO: Validation: set field to null - PublicationItem - validate_and_null: provided key "journal" is not in item -> identifier: "1bf8546b-bee6-5512-87d4-31c5c8f2a961"; title: "Wymagania prawne i techniczne stawiane układom klimatyzacji na małych i średnich jednostkach pływających"; scientist_id: "9f81559d-8b8f-59d9-bac2-af7deffee6ae";
2025-01-05 12:17:00 [knowledge_scraper.pipelines] INFO: Validation: set field to null - PublicationItem - validate_and_null: provided key "publisher" is not in item -> identifier: "1bf8546b-bee6-5512-87d4-31c5c8f2a961"; title: "Wymagania prawne i techniczne stawiane układom klimatyzacji na małych i średnich jednostkach pływających"; scientist_id: "9f81559d-8b8f-59d9-bac2-af7deffee6ae";
2025-01-05 12:17:00 [knowledge_scraper.pipelines] INFO: Validation: set field to null - PublicationItem - validate_and_null: provided key "journal" is not in item -> identifier: "3ff9122f-70ca-5e9b-adbe-4355ff302a16"; title: "Application of waste low heat as motive heat source for ejection air-conditioning systems for yachts"; scientist_id: "9f81559d-8b8f-59d9-bac2-af7deffee6ae";
2025-01-05 12:17:00 [knowledge_scraper.pipelines] INFO: Validation: set field to null - PublicationItem - validate_and_null: provided key "publisher" is not in item -> identifier: "3ff9122f-70ca-5e9b-adbe-4355ff302a16"; title: "Application of waste low heat as motive heat source for ejection air-conditioning systems for yachts"; scientist_id: "9f81559d-8b8f-59d9-bac2-af7deffee6ae";
2025-01-05 12:17:01 [knowledge_scraper.pipelines] INFO: Validation: set field to null - PublicationItem - validate_and_null: provided key "journal" is not in item -> identifier: "464ddedf-0408-5974-9100-1fb3d1587cbd"; title: "Marine application of waste heat to drive ejection refrigeration system"; scientist_id: "9f81559d-8b8f-59d9-bac2-af7deffee6ae";
2025-01-05 12:17:01 [knowledge_scraper.pipelines] INFO: Validation: set field to null - PublicationItem - validate_and_null: provided key "publisher" is not in item -> identifier: "464ddedf-0408-5974-9100-1fb3d1587cbd"; title: "Marine application of waste heat to drive ejection refrigeration system"; scientist_id: "9f81559d-8b8f-59d9-bac2-af7deffee6ae";
2025-01-05 12:17:01 [knowledge_scraper.pipelines] INFO: Validation: set field to null - PublicationItem - validate_and_null: provided key "journal" is not in item -> identifier: "fa0a739b-29ac-5e96-9d1f-d98e299eb271"; title: "Analysis of heat recovery system for air-conditioning application in motor yachts"; scientist_id: "9f81559d-8b8f-59d9-bac2-af7deffee6ae";
2025-01-05 12:17:01 [knowledge_scraper.pipelines] INFO: Validation: set field to null - PublicationItem - validate_and_null: provided key "publisher" is not in item -> identifier: "fa0a739b-29ac-5e96-9d1f-d98e299eb271"; title: "Analysis of heat recovery system for air-conditioning application in motor yachts"; scientist_id: "9f81559d-8b8f-59d9-bac2-af7deffee6ae";
2025-01-05 12:17:02 [knowledge_scraper.pipelines] INFO: Validation: set field to null - PublicationItem - validate_and_null: provided key "publisher" is not in item -> identifier: "9339665e-1e4b-5d8f-a075-2132e3697eee"; title: "Experimental validation of new approach for waste heat recovery from combustion engine for cooling and heating demands from combustion engine for maritime applications"; scientist_id: "9f81559d-8b8f-59d9-bac2-af7deffee6ae";
2025-01-05 12:17:02 [knowledge_scraper.pipelines] INFO: Validation: set field to null - PublicationItem - validate_and_null: provided key "publisher" is not in item -> identifier: "58b5e752-2291-5164-8e66-b1ef278fbf84"; title: "Flue gas cleaning approach based on jet reactor prototype research"; scientist_id: "9f81559d-8b8f-59d9-bac2-af7deffee6ae";
2025-01-05 12:17:03 [knowledge_scraper.pipelines] INFO: Validation: set field to null - PublicationItem - validate_and_null: provided key "journal" is not in item -> identifier: "802a8b17-b472-50a6-8894-f0b8646aac07"; title: "Evaluation of energy consumption during aerobic sewage sludge treatment in a dairy wastewater treatment plant"; scientist_id: "aaae3a0b-b7c3-57a4-85ee-befdcfcfc9b5";
2025-01-05 12:17:03 [knowledge_scraper.pipelines] INFO: Validation: set field to null - PublicationItem - validate_and_null: provided key "publisher" is not in item -> identifier: "802a8b17-b472-50a6-8894-f0b8646aac07"; title: "Evaluation of energy consumption during aerobic sewage sludge treatment in a dairy wastewater treatment plant"; scientist_id: "aaae3a0b-b7c3-57a4-85ee-befdcfcfc9b5";
2025-01-05 12:17:03 [knowledge_scraper.pipelines] INFO: Validation: set field to null - PublicationItem - validate_and_null: provided key "journal" is not in item -> identifier: "7c354576-7244-57e4-9e0a-4053b2479405"; title: "Comparison of support vector regression and classical transformed linear model in constructed wetland treatment context"; scientist_id: "aaae3a0b-b7c3-57a4-85ee-befdcfcfc9b5";
2025-01-05 12:17:03 [knowledge_scraper.pipelines] INFO: Validation: set field to null - PublicationItem - validate_and_null: provided key "publisher" is not in item -> identifier: "7c354576-7244-57e4-9e0a-4053b2479405"; title: "Comparison of support vector regression and classical transformed linear model in constructed wetland treatment context"; scientist_id: "aaae3a0b-b7c3-57a4-85ee-befdcfcfc9b5";
2025-01-05 12:17:04 [knowledge_scraper.pipelines] INFO: Validation: set field to null - PublicationItem - validate_and_null: provided key "publisher" is not in item -> identifier: "e56b3c98-dad2-5991-950a-e24c7f905382"; title: "Energy consumption modeling during dairy sewage pretreatment"; scientist_id: "aaae3a0b-b7c3-57a4-85ee-befdcfcfc9b5";
2025-01-05 12:17:04 [knowledge_scraper.pipelines] INFO: Validation: set field to null - PublicationItem - validate_and_null: provided key "publisher" is not in item -> identifier: "933ddc61-c54c-5cda-bb03-2b88df0c011f"; title: "Organic matter and heavy metals content modeling in sewage sludge treated with reed bed system"; scientist_id: "aaae3a0b-b7c3-57a4-85ee-befdcfcfc9b5";
2025-01-05 12:17:04 [knowledge_scraper.pipelines] INFO: Validation: set field to null - PublicationItem - validate_and_null: provided key "publisher" is not in item -> identifier: "2eb726c2-4dfe-538d-b449-3112f375e821"; title: "Dissipation of S-metolachlor in plant and soil and effect on enzymatic activities"; scientist_id: "aaae3a0b-b7c3-57a4-85ee-befdcfcfc9b5";
2025-01-05 12:17:05 [knowledge_scraper.pipelines] INFO: Validation: set field to null - PublicationItem - validate_and_null: provided key "publisher" is not in item -> identifier: "8bf10319-7077-53c7-b7b5-a0c722c8d643"; title: "Evaluation of energy consumption during aerobic sewage sludge treatment in dairy wastewater treatment plant"; scientist_id: "aaae3a0b-b7c3-57a4-85ee-befdcfcfc9b5";
2025-01-05 12:17:05 [knowledge_scraper.pipelines] INFO: Validation: set field to null - PublicationItem - validate_and_null: provided key "publisher" is not in item -> identifier: "29baa019-dd62-5e3b-9643-4292c14642ab"; title: "Application of SS-VF Bed for the Treatment of High Concentrated Reject Water from Autothermal Termophilic Aerobic Sewage Sludge Digestion"; scientist_id: "aaae3a0b-b7c3-57a4-85ee-befdcfcfc9b5";
2025-01-05 12:17:06 [knowledge_scraper.pipelines] INFO: Validation: set field to null - PublicationItem - validate_and_null: provided key "journal" is not in item -> identifier: "357b8074-98b9-55f5-8df9-a9eb18c2bcc0"; title: "Application of SS-VF bed to treat high concentrated reject water from autothermaltermophilic aerobic sewage sludge digestion"; scientist_id: "aaae3a0b-b7c3-57a4-85ee-befdcfcfc9b5";
2025-01-05 12:17:06 [knowledge_scraper.pipelines] INFO: Validation: set field to null - PublicationItem - validate_and_null: provided key "publisher" is not in item -> identifier: "357b8074-98b9-55f5-8df9-a9eb18c2bcc0"; title: "Application of SS-VF bed to treat high concentrated reject water from autothermaltermophilic aerobic sewage sludge digestion"; scientist_id: "aaae3a0b-b7c3-57a4-85ee-befdcfcfc9b5";
2025-01-05 12:17:06 [knowledge_scraper.pipelines] INFO: Validation: set field to null - PublicationItem - validate_and_null: provided key "publisher" is not in item -> identifier: "ca873d9c-257b-5c06-936c-81968b873a8d"; title: "Modeling of Pollutants Removal in Subsurface Vertical Flow and Horizontal Flow Constructed Wetlands"; scientist_id: "aaae3a0b-b7c3-57a4-85ee-befdcfcfc9b5";
2025-01-05 12:17:07 [knowledge_scraper.pipelines] INFO: Validation: set field to null - PublicationItem - validate_and_null: provided key "publisher" is not in item -> identifier: "3cb91160-e280-582f-b37a-8af6887c87e2"; title: "Modeling of Electric Energy Consumption during Dairy Wastewater Treatment Plant Operation"; scientist_id: "aaae3a0b-b7c3-57a4-85ee-befdcfcfc9b5";
2025-01-05 12:17:07 [knowledge_scraper.pipelines] INFO: Validation: set field to null - PublicationItem - validate_and_null: provided key "publisher" is not in item -> identifier: "826a3b50-3206-5c01-a113-c2c68467fcd0"; title: "Modeling of Organic Substances and Ammonia Nitrogen Removal in Vertical Flow Constructed Wetlands"; scientist_id: "aaae3a0b-b7c3-57a4-85ee-befdcfcfc9b5";
2025-01-05 12:17:08 [knowledge_scraper.pipelines] INFO: Validation: set field to null - PublicationItem - validate_and_null: provided key "publisher" is not in item -> identifier: "57d106f1-553a-5bbd-955f-32e8e84fb167"; title: "Treatment of Craft Brewery Sewage with SS VF and FWS Constructed Wetland – Lab Scale Experiment"; scientist_id: "aaae3a0b-b7c3-57a4-85ee-befdcfcfc9b5";
2025-01-05 12:17:08 [knowledge_scraper.pipelines] INFO: Validation: set field to null - PublicationItem - validate_and_null: provided key "publisher" is not in item -> identifier: "a4d0e2eb-a876-5c9f-ba75-7b837a585718"; title: "Removal of polycyclic aromatic hydrocarbons from leachates after autothermal thermophilic aerobic digestion using effective microorganisms"; scientist_id: "aaae3a0b-b7c3-57a4-85ee-befdcfcfc9b5";
2025-01-05 12:17:09 [knowledge_scraper.pipelines] INFO: Validation: set field to null - PublicationItem - validate_and_null: provided key "publisher" is not in item -> identifier: "da1db7b9-f427-5cf2-97df-0b34d29535c7"; title: "Viability analysis of pine sawdust drying in a fountain dryer"; scientist_id: "5c089a37-1d18-5508-8699-9560d014b930";
2025-01-05 12:17:09 [knowledge_scraper.pipelines] INFO: Validation: set field to null - PublicationItem - validate_and_null: provided key "publisher" is not in item -> identifier: "0b3883e7-65df-5a38-8c40-adfd4792ee6e"; title: "Modification of fountain bed dryer for sawdust drying for fuel pellets production"; scientist_id: "5c089a37-1d18-5508-8699-9560d014b930";
2025-01-05 12:17:10 [knowledge_scraper.pipelines] INFO: Validation: set field to null - PublicationItem - validate_and_null: provided key "publisher" is not in item -> identifier: "a1171a78-774c-5e8d-91f5-a3474d92ef4c"; title: "A Vertical Fountain Dryer Adjusted for Sawdust and Wood Chips Drying"; scientist_id: "5c089a37-1d18-5508-8699-9560d014b930";
2025-01-05 12:17:10 [knowledge_scraper.pipelines] INFO: Validation: set field to null - PublicationItem - validate_and_null: provided key "publisher" is not in item -> identifier: "369c1e8d-3399-5802-9470-9821f0725f2c"; title: "Analiza frakcji CHZT w procesach mechaniczno-biologicznego oczyszczania ścieków"; scientist_id: "de50a588-4748-5e41-9aa7-1286f1e90a66";
2025-01-05 12:17:10 [knowledge_scraper.pipelines] INFO: Validation: set field to null - PublicationItem - validate_and_null: provided key "journal" is not in item -> identifier: "1c4917e9-e300-5799-88ac-8284e5d43424"; title: "Ocena gospodarki ściekowej w Drohiczynie"; scientist_id: "de50a588-4748-5e41-9aa7-1286f1e90a66";
2025-01-05 12:17:10 [knowledge_scraper.pipelines] INFO: Validation: set field to null - PublicationItem - validate_and_null: provided key "publisher" is not in item -> identifier: "1c4917e9-e300-5799-88ac-8284e5d43424"; title: "Ocena gospodarki ściekowej w Drohiczynie"; scientist_id: "de50a588-4748-5e41-9aa7-1286f1e90a66";
2025-01-05 12:17:10 [knowledge_scraper.pipelines] INFO: Validation: set field to null - PublicationItem - validate_and_null: provided key "journal" is not in item -> identifier: "1e17edbe-0c0b-5596-b7bd-f106cb36279c"; title: "Ocena gospodarki ściekowej w Drohiczynie"; scientist_id: "de50a588-4748-5e41-9aa7-1286f1e90a66";
2025-01-05 12:17:10 [knowledge_scraper.pipelines] INFO: Validation: set field to null - PublicationItem - validate_and_null: provided key "publisher" is not in item -> identifier: "1e17edbe-0c0b-5596-b7bd-f106cb36279c"; title: "Ocena gospodarki ściekowej w Drohiczynie"; scientist_id: "de50a588-4748-5e41-9aa7-1286f1e90a66";
2025-01-05 12:17:11 [knowledge_scraper.pipelines] INFO: Validation: set field to null - PublicationItem - validate_and_null: provided key "journal" is not in item -> identifier: "1407a999-f64a-560c-9d2f-0bff38b99fa1"; title: "Przegląd rozwiązań gospodarki ściekowej stosowanych na terenach niezurbanizowanych"; scientist_id: "de50a588-4748-5e41-9aa7-1286f1e90a66";
2025-01-05 12:17:11 [knowledge_scraper.pipelines] INFO: Validation: set field to null - PublicationItem - validate_and_null: provided key "publisher" is not in item -> identifier: "1407a999-f64a-560c-9d2f-0bff38b99fa1"; title: "Przegląd rozwiązań gospodarki ściekowej stosowanych na terenach niezurbanizowanych"; scientist_id: "de50a588-4748-5e41-9aa7-1286f1e90a66";
2025-01-05 12:17:12 [knowledge_scraper.pipelines] INFO: Validation: set field to null - PublicationItem - validate_and_null: provided key "publisher" is not in item -> identifier: "35914c97-3503-5ccb-a669-59ac471b7fce"; title: "Charakterystyka ścieków surowych z zakładu przetwórstwa owoców i warzyw"; scientist_id: "de50a588-4748-5e41-9aa7-1286f1e90a66";
2025-01-05 12:17:12 [knowledge_scraper.pipelines] INFO: Validation: set field to null - PublicationItem - validate_and_null: provided key "publisher" is not in item -> identifier: "aeab0a9e-1bdd-50bb-b3a4-46c5dbde9f33"; title: "Porównanie frakcji CHZT w ściekach surowych opływających do małych i dużych oczyszczalni ścieków"; scientist_id: "de50a588-4748-5e41-9aa7-1286f1e90a66";
2025-01-05 12:17:12 [knowledge_scraper.pipelines] INFO: Validation: set field to null - PublicationItem - validate_and_null: provided key "journal" is not in item -> identifier: "2721e5f4-7e84-5ea8-8a40-2c65a7104cec"; title: "Zewnętrzne źródła węgla stosowane w procesie oczyszczania ścieków komunalnych"; scientist_id: "de50a588-4748-5e41-9aa7-1286f1e90a66";
2025-01-05 12:17:12 [knowledge_scraper.pipelines] INFO: Validation: set field to null - PublicationItem - validate_and_null: provided key "publisher" is not in item -> identifier: "2721e5f4-7e84-5ea8-8a40-2c65a7104cec"; title: "Zewnętrzne źródła węgla stosowane w procesie oczyszczania ścieków komunalnych"; scientist_id: "de50a588-4748-5e41-9aa7-1286f1e90a66";
2025-01-05 12:17:13 [knowledge_scraper.pipelines] INFO: Validation: set field to null - PublicationItem - validate_and_null: provided key "journal" is not in item -> identifier: "22d75949-2c45-58ee-b38d-91af66c8340e"; title: "Wpływ temperatury na efektywność pracy oczyszczalni ścieków w Białymstoku"; scientist_id: "de50a588-4748-5e41-9aa7-1286f1e90a66";
2025-01-05 12:17:13 [knowledge_scraper.pipelines] INFO: Validation: set field to null - PublicationItem - validate_and_null: provided key "publisher" is not in item -> identifier: "22d75949-2c45-58ee-b38d-91af66c8340e"; title: "Wpływ temperatury na efektywność pracy oczyszczalni ścieków w Białymstoku"; scientist_id: "de50a588-4748-5e41-9aa7-1286f1e90a66";
2025-01-05 12:17:13 [knowledge_scraper.pipelines] INFO: Validation: set field to null - PublicationItem - validate_and_null: provided key "journal" is not in item -> identifier: "bd9485b9-d2e3-5e60-bedf-7d44b22c1391"; title: "Biologiczne usuwanie azotu ze ścieków na przykładzie oczyszczalni ścieków w Białymstoku"; scientist_id: "de50a588-4748-5e41-9aa7-1286f1e90a66";
2025-01-05 12:17:13 [knowledge_scraper.pipelines] INFO: Validation: set field to null - PublicationItem - validate_and_null: provided key "publisher" is not in item -> identifier: "bd9485b9-d2e3-5e60-bedf-7d44b22c1391"; title: "Biologiczne usuwanie azotu ze ścieków na przykładzie oczyszczalni ścieków w Białymstoku"; scientist_id: "de50a588-4748-5e41-9aa7-1286f1e90a66";
2025-01-05 12:17:14 [knowledge_scraper.pipelines] INFO: Validation: set field to null - PublicationItem - validate_and_null: provided key "journal" is not in item -> identifier: "57cca69c-742d-5c6a-b1e9-c6893c03f2b9"; title: "Biologiczne usuwanie azotu ze ścieków na przykładzie oczyszczalni ścieków w Białymstoku"; scientist_id: "de50a588-4748-5e41-9aa7-1286f1e90a66";
2025-01-05 12:17:14 [knowledge_scraper.pipelines] INFO: Validation: set field to null - PublicationItem - validate_and_null: provided key "publisher" is not in item -> identifier: "57cca69c-742d-5c6a-b1e9-c6893c03f2b9"; title: "Biologiczne usuwanie azotu ze ścieków na przykładzie oczyszczalni ścieków w Białymstoku"; scientist_id: "de50a588-4748-5e41-9aa7-1286f1e90a66";
2025-01-05 12:17:14 [knowledge_scraper.pipelines] INFO: Validation: set field to null - PublicationItem - validate_and_null: provided key "publisher" is not in item -> identifier: "d8dcbf1c-a697-547e-9ce2-436f797761da"; title: "The influence of glycerin on nitrogen removal in wastewater treatment with activated sludge"; scientist_id: "de50a588-4748-5e41-9aa7-1286f1e90a66";
2025-01-05 12:17:15 [knowledge_scraper.pipelines] INFO: Validation: set field to null - PublicationItem - validate_and_null: provided key "publisher" is not in item -> identifier: "39ce8417-0744-50b7-acc8-c18934d448e8"; title: "The influence of molasses on nitrogen removal in wastewater treatment with activated sludge"; scientist_id: "de50a588-4748-5e41-9aa7-1286f1e90a66";
2025-01-05 12:17:16 [knowledge_scraper.pipelines] INFO: Validation: set field to null - PublicationItem - validate_and_null: provided key "publisher" is not in item -> identifier: "f5856da3-59ba-5476-92ec-6cfefaad2029"; title: "Analiza zmian udziału frakcji ChZT w procesie denitryfikacji z zewnętrznym źródłem węgla"; scientist_id: "de50a588-4748-5e41-9aa7-1286f1e90a66";
2025-01-05 12:17:16 [knowledge_scraper.pipelines] INFO: Validation: set field to null - PublicationItem - validate_and_null: provided key "publisher" is not in item -> identifier: "d5a68ca0-ba52-5380-b0ce-2e03f0a49bb9"; title: "Szybkość usuwania związków azotu i fosforu podczas faz procesowych reaktora SBR"; scientist_id: "de50a588-4748-5e41-9aa7-1286f1e90a66";
2025-01-05 12:17:16 [knowledge_scraper.pipelines] INFO: Validation: set field to null - PublicationItem - validate_and_null: provided key "journal" is not in item -> identifier: "4a25e299-7c69-594d-afa2-08b4b063a632"; title: "Impact of the molasses on removing nitrogen in the denitrification process with activated sludge"; scientist_id: "de50a588-4748-5e41-9aa7-1286f1e90a66";
2025-01-05 12:17:16 [knowledge_scraper.pipelines] INFO: Validation: set field to null - PublicationItem - validate_and_null: provided key "publisher" is not in item -> identifier: "4a25e299-7c69-594d-afa2-08b4b063a632"; title: "Impact of the molasses on removing nitrogen in the denitrification process with activated sludge"; scientist_id: "de50a588-4748-5e41-9aa7-1286f1e90a66";
2025-01-05 12:17:17 [knowledge_scraper.pipelines] INFO: Validation: set field to null - PublicationItem - validate_and_null: provided key "journal" is not in item -> identifier: "ba54c403-4954-5775-8e26-01110774ade9"; title: "The influence of glycerin on nitrogen removal in wastewater treatment with activated sludge"; scientist_id: "de50a588-4748-5e41-9aa7-1286f1e90a66";
2025-01-05 12:17:17 [knowledge_scraper.pipelines] INFO: Validation: set field to null - PublicationItem - validate_and_null: provided key "publisher" is not in item -> identifier: "ba54c403-4954-5775-8e26-01110774ade9"; title: "The influence of glycerin on nitrogen removal in wastewater treatment with activated sludge"; scientist_id: "de50a588-4748-5e41-9aa7-1286f1e90a66";
2025-01-05 12:17:17 [knowledge_scraper.pipelines] INFO: Validation: set field to null - PublicationItem - validate_and_null: provided key "publisher" is not in item -> identifier: "15167b4a-cb8c-5915-b27b-6126cf28b78a"; title: "Removal of Nitrogen Compounds from Wastewater in SBR Reactors with Brenntaplus VP1"; scientist_id: "de50a588-4748-5e41-9aa7-1286f1e90a66";
2025-01-05 12:17:18 [knowledge_scraper.pipelines] INFO: Validation: set field to null - PublicationItem - validate_and_null: provided key "publisher" is not in item -> identifier: "fbbf38ab-091a-5a27-a220-29c3de82f0e1"; title: "Glycerine as an External Source of Carbon Supporting Denitrification Process"; scientist_id: "de50a588-4748-5e41-9aa7-1286f1e90a66";
2025-01-05 12:17:18 [knowledge_scraper.pipelines] INFO: Validation: set field to null - PublicationItem - validate_and_null: provided key "publisher" is not in item -> identifier: "4cdb91f9-ac19-5e13-8473-1fe151465626"; title: "The Influence of an External Waste Carbon Source on the Rate of Changes in Pollutant Concentrations During Wastewater Treatment"; scientist_id: "de50a588-4748-5e41-9aa7-1286f1e90a66";
2025-01-05 12:17:18 [knowledge_scraper.pipelines] INFO: Validation: set field to null - PublicationItem - validate_and_null: provided key "publisher" is not in item -> identifier: "651f6a5d-be7f-5be8-8f7f-dea2be5b7a7b"; title: "The Influence of a Selected External Carbon Source on the Share of COD Fractions and the Speed of Denitrification Processes"; scientist_id: "de50a588-4748-5e41-9aa7-1286f1e90a66";
2025-01-05 12:17:19 [knowledge_scraper.pipelines] INFO: Validation: set field to null - PublicationItem - validate_and_null: provided key "journal" is not in item -> identifier: "8fa0aefd-f545-5480-ba00-0d629f041703"; title: "Prototype of MFC-based energy harvesting and AMB rotor vibration monitoring system"; scientist_id: "4615c474-843d-5cbc-a70f-cfab4baba7b0";
2025-01-05 12:17:19 [knowledge_scraper.pipelines] INFO: Validation: set field to null - PublicationItem - validate_and_null: provided key "publisher" is not in item -> identifier: "8fa0aefd-f545-5480-ba00-0d629f041703"; title: "Prototype of MFC-based energy harvesting and AMB rotor vibration monitoring system"; scientist_id: "4615c474-843d-5cbc-a70f-cfab4baba7b0";
2025-01-05 12:17:19 [knowledge_scraper.pipelines] INFO: Validation: set field to null - PublicationItem - validate_and_null: provided key "publisher" is not in item -> identifier: "09d3fac5-c021-54eb-a2a0-20274956d49f"; title: "Flux measurement and conditioning system for heteropolar active magnetic bearing using Kapton-foil Hall sensors"; scientist_id: "4615c474-843d-5cbc-a70f-cfab4baba7b0";
2025-01-05 12:17:20 [knowledge_scraper.pipelines] INFO: Validation: set field to null - PublicationItem - validate_and_null: provided key "publisher" is not in item -> identifier: "3640c008-9335-572d-9682-46b9b049d7e3"; title: "Experimental Verification of Nonlinear Position-Flux Zero-Bias Control for Heteropolar Active Magnetic Bearing"; scientist_id: "4615c474-843d-5cbc-a70f-cfab4baba7b0";
2025-01-05 12:17:20 [knowledge_scraper.pipelines] INFO: Validation: set field to null - PublicationItem - validate_and_null: provided key "publisher" is not in item -> identifier: "bc654a6d-71a9-5dac-ba91-eb14832c72ac"; title: "Experimental validation of the Newton observer for a nonlinear flux-controlled AMB system operated with zero-bias flux"; scientist_id: "4615c474-843d-5cbc-a70f-cfab4baba7b0";
2025-01-05 12:17:21 [knowledge_scraper.pipelines] INFO: Validation: set field to null - PublicationItem - validate_and_null: provided key "journal" is not in item -> identifier: "60161140-bce0-5a61-bad4-6a318c758ddb"; title: "Numerical simulations for fractional variable–order diﬀerence eigenfunctions"; scientist_id: "aa24496a-ec13-59f1-932d-ed62d0c1ea7d";
2025-01-05 12:17:21 [knowledge_scraper.pipelines] INFO: Validation: set field to null - PublicationItem - validate_and_null: provided key "publisher" is not in item -> identifier: "60161140-bce0-5a61-bad4-6a318c758ddb"; title: "Numerical simulations for fractional variable–order diﬀerence eigenfunctions"; scientist_id: "aa24496a-ec13-59f1-932d-ed62d0c1ea7d";
2025-01-05 12:17:21 [knowledge_scraper.pipelines] INFO: Validation: set field to null - PublicationItem - validate_and_null: provided key "journal" is not in item -> identifier: "4c908d37-bac8-57b3-83ab-b9ede59c309f"; title: "Fractional-, variable order discete-time systems - numerical investigations of parameters"; scientist_id: "aa24496a-ec13-59f1-932d-ed62d0c1ea7d";
2025-01-05 12:17:21 [knowledge_scraper.pipelines] INFO: Validation: set field to null - PublicationItem - validate_and_null: provided key "publisher" is not in item -> identifier: "4c908d37-bac8-57b3-83ab-b9ede59c309f"; title: "Fractional-, variable order discete-time systems - numerical investigations of parameters"; scientist_id: "aa24496a-ec13-59f1-932d-ed62d0c1ea7d";
2025-01-05 12:17:22 [knowledge_scraper.pipelines] INFO: Validation: set field to null - PublicationItem - validate_and_null: provided key "journal" is not in item -> identifier: "1aadf70d-fb3d-5b39-b73c-8207cf484521"; title: "Fractional variable order discrete-time systems - numerical investigations of parameters"; scientist_id: "aa24496a-ec13-59f1-932d-ed62d0c1ea7d";
2025-01-05 12:17:22 [knowledge_scraper.pipelines] INFO: Validation: set field to null - PublicationItem - validate_and_null: provided key "publisher" is not in item -> identifier: "1aadf70d-fb3d-5b39-b73c-8207cf484521"; title: "Fractional variable order discrete-time systems - numerical investigations of parameters"; scientist_id: "aa24496a-ec13-59f1-932d-ed62d0c1ea7d";
2025-01-05 12:17:22 [knowledge_scraper.pipelines] INFO: Validation: set field to null - PublicationItem - validate_and_null: provided key "journal" is not in item -> identifier: "7a411d75-28b5-5e48-bfde-bc1eb78eab06"; title: "Logistic fractional variable-order equation - numerical simulations for fitting parameters"; scientist_id: "aa24496a-ec13-59f1-932d-ed62d0c1ea7d";
2025-01-05 12:17:22 [knowledge_scraper.pipelines] INFO: Validation: set field to null - PublicationItem - validate_and_null: provided key "publisher" is not in item -> identifier: "7a411d75-28b5-5e48-bfde-bc1eb78eab06"; title: "Logistic fractional variable-order equation - numerical simulations for fitting parameters"; scientist_id: "aa24496a-ec13-59f1-932d-ed62d0c1ea7d";
2025-01-05 12:17:23 [knowledge_scraper.pipelines] INFO: Validation: set field to null - PublicationItem - validate_and_null: provided key "journal" is not in item -> identifier: "99460282-a5d5-5f14-bc9d-cc419a4c3b14"; title: "Logistic fractional variable-order equation - numerical simulations for fitting parameters"; scientist_id: "aa24496a-ec13-59f1-932d-ed62d0c1ea7d";
2025-01-05 12:17:23 [knowledge_scraper.pipelines] INFO: Validation: set field to null - PublicationItem - validate_and_null: provided key "publisher" is not in item -> identifier: "99460282-a5d5-5f14-bc9d-cc419a4c3b14"; title: "Logistic fractional variable-order equation - numerical simulations for fitting parameters"; scientist_id: "aa24496a-ec13-59f1-932d-ed62d0c1ea7d";
2025-01-05 12:17:23 [knowledge_scraper.pipelines] INFO: Validation: set field to null - PublicationItem - validate_and_null: provided key "publisher" is not in item -> identifier: "1832b83e-3cf5-5d39-9742-bb6335e20719"; title: "Stability of fractional variable order difference systems"; scientist_id: "aa24496a-ec13-59f1-932d-ed62d0c1ea7d";
2025-01-05 12:17:24 [knowledge_scraper.pipelines] INFO: Validation: set field to null - PublicationItem - validate_and_null: provided key "journal" is not in item -> identifier: "89a1907d-0557-5b04-b63e-f6f5b37fb5ca"; title: "Asymptotic stability of fractional variable-order discrete-time equations with terms of convolution operators"; scientist_id: "aa24496a-ec13-59f1-932d-ed62d0c1ea7d";
2025-01-05 12:17:24 [knowledge_scraper.pipelines] INFO: Validation: set field to null - PublicationItem - validate_and_null: provided key "publisher" is not in item -> identifier: "89a1907d-0557-5b04-b63e-f6f5b37fb5ca"; title: "Asymptotic stability of fractional variable-order discrete-time equations with terms of convolution operators"; scientist_id: "aa24496a-ec13-59f1-932d-ed62d0c1ea7d";
2025-01-05 12:17:24 [knowledge_scraper.pipelines] INFO: Validation: set field to null - PublicationItem - validate_and_null: provided key "journal" is not in item -> identifier: "06824ab2-a316-57fa-9a76-ad6be3d8c784"; title: "An experimental networked control system with fractional order delay dynamics"; scientist_id: "aa24496a-ec13-59f1-932d-ed62d0c1ea7d";
2025-01-05 12:17:24 [knowledge_scraper.pipelines] INFO: Validation: set field to null - PublicationItem - validate_and_null: provided key "publisher" is not in item -> identifier: "06824ab2-a316-57fa-9a76-ad6be3d8c784"; title: "An experimental networked control system with fractional order delay dynamics"; scientist_id: "aa24496a-ec13-59f1-932d-ed62d0c1ea7d";
2025-01-05 12:17:25 [knowledge_scraper.pipelines] INFO: Validation: set field to null - PublicationItem - validate_and_null: provided key "journal" is not in item -> identifier: "8bb25e4f-7ac1-5724-9247-58eee6e0d69e"; title: "A digital PID controller based on Grünwald-Letnikov fractional-, variable-order operator"; scientist_id: "aa24496a-ec13-59f1-932d-ed62d0c1ea7d";
2025-01-05 12:17:25 [knowledge_scraper.pipelines] INFO: Validation: set field to null - PublicationItem - validate_and_null: provided key "publisher" is not in item -> identifier: "8bb25e4f-7ac1-5724-9247-58eee6e0d69e"; title: "A digital PID controller based on Grünwald-Letnikov fractional-, variable-order operator"; scientist_id: "aa24496a-ec13-59f1-932d-ed62d0c1ea7d";
2025-01-05 12:17:25 [knowledge_scraper.pipelines] INFO: Validation: set field to null - PublicationItem - validate_and_null: provided key "journal" is not in item -> identifier: "5c948364-5452-517b-936b-40aa5a91d7e3"; title: "Fractional-, variable-order PID controller implementation based on two discrete-time fractional order operators"; scientist_id: "aa24496a-ec13-59f1-932d-ed62d0c1ea7d";
2025-01-05 12:17:25 [knowledge_scraper.pipelines] INFO: Validation: set field to null - PublicationItem - validate_and_null: provided key "publisher" is not in item -> identifier: "5c948364-5452-517b-936b-40aa5a91d7e3"; title: "Fractional-, variable-order PID controller implementation based on two discrete-time fractional order operators"; scientist_id: "aa24496a-ec13-59f1-932d-ed62d0c1ea7d";
2025-01-05 12:17:26 [knowledge_scraper.pipelines] INFO: Validation: set field to null - PublicationItem - validate_and_null: provided key "publisher" is not in item -> identifier: "7d0bf7b6-697c-5ac0-b04c-cc1d9d71bf43"; title: "A study of the influence of stochastic fractional-order delay dynamics in a networked control system"; scientist_id: "aa24496a-ec13-59f1-932d-ed62d0c1ea7d";
2025-01-05 12:17:26 [knowledge_scraper.pipelines] INFO: Validation: set field to null - PublicationItem - validate_and_null: provided key "publisher" is not in item -> identifier: "6db54c34-179c-5b3c-9676-a431b2525dcf"; title: "A portable and affordable networked temperature distributioncontrol platform for education and research "; scientist_id: "aa24496a-ec13-59f1-932d-ed62d0c1ea7d";
2025-01-05 12:17:27 [knowledge_scraper.pipelines] INFO: Validation: set field to null - PublicationItem - validate_and_null: provided key "publisher" is not in item -> identifier: "fc7359bb-e924-5c78-aa4d-794fd24ef111"; title: "Discrete-Time Fractional, Variable-Order PID Controller for a Plant With Delay"; scientist_id: "aa24496a-ec13-59f1-932d-ed62d0c1ea7d";
2025-01-05 12:17:28 [knowledge_scraper.pipelines] INFO: Validation: set field to null - PublicationItem - validate_and_null: provided key "journal" is not in item -> identifier: "1c5b8e64-3f85-538c-990b-53c4205a2369"; title: "Numerical Simulations for Fitting Parameters of Linear and Logistic-Type Fractional-, Variable-Order Equations - Comparision of Methods"; scientist_id: "aa24496a-ec13-59f1-932d-ed62d0c1ea7d";
2025-01-05 12:17:28 [knowledge_scraper.pipelines] INFO: Validation: set field to null - PublicationItem - validate_and_null: provided key "publisher" is not in item -> identifier: "1c5b8e64-3f85-538c-990b-53c4205a2369"; title: "Numerical Simulations for Fitting Parameters of Linear and Logistic-Type Fractional-, Variable-Order Equations - Comparision of Methods"; scientist_id: "aa24496a-ec13-59f1-932d-ed62d0c1ea7d";
2025-01-05 12:17:28 [knowledge_scraper.pipelines] INFO: Validation: set field to null - PublicationItem - validate_and_null: provided key "publisher" is not in item -> identifier: "7302ebcc-fa41-59dd-bd37-6de31292cace"; title: "Stability and robustness analysis of discrete-time fractional-, piecewise-constant-order PID controller"; scientist_id: "aa24496a-ec13-59f1-932d-ed62d0c1ea7d";
2025-01-05 12:17:28 [knowledge_scraper.pipelines] INFO: Validation: set field to null - PublicationItem - validate_and_null: provided key "journal" is not in item -> identifier: "d75995ce-dbf0-501c-9e3b-9d41cf896e75"; title: "Asymptotic Stability of Fractional Variable-Order Discrete-Time Equations with Terms of Convolution Operators"; scientist_id: "aa24496a-ec13-59f1-932d-ed62d0c1ea7d";
2025-01-05 12:17:28 [knowledge_scraper.pipelines] INFO: Validation: set field to null - PublicationItem - validate_and_null: provided key "publisher" is not in item -> identifier: "d75995ce-dbf0-501c-9e3b-9d41cf896e75"; title: "Asymptotic Stability of Fractional Variable-Order Discrete-Time Equations with Terms of Convolution Operators"; scientist_id: "aa24496a-ec13-59f1-932d-ed62d0c1ea7d";
2025-01-05 12:17:29 [knowledge_scraper.pipelines] INFO: Validation: set field to null - PublicationItem - validate_and_null: provided key "journal" is not in item -> identifier: "87bafa94-2d8a-54b8-9783-580d42719993"; title: "MATLAB Toolbox for fractional-variable-order closed loop systems with a digital controller"; scientist_id: "aa24496a-ec13-59f1-932d-ed62d0c1ea7d";
2025-01-05 12:17:29 [knowledge_scraper.pipelines] INFO: Validation: set field to null - PublicationItem - validate_and_null: provided key "publisher" is not in item -> identifier: "87bafa94-2d8a-54b8-9783-580d42719993"; title: "MATLAB Toolbox for fractional-variable-order closed loop systems with a digital controller"; scientist_id: "aa24496a-ec13-59f1-932d-ed62d0c1ea7d";
2025-01-05 12:17:29 [knowledge_scraper.pipelines] INFO: Validation: set field to null - PublicationItem - validate_and_null: provided key "publisher" is not in item -> identifier: "dea60847-f26c-5f5d-b802-77226d9dc534"; title: "Fractional-variable-order digital controller design tuned with the chaotic yellow saddle goatfish algorithm for the AVR system"; scientist_id: "aa24496a-ec13-59f1-932d-ed62d0c1ea7d";
2025-01-05 12:17:30 [knowledge_scraper.pipelines] INFO: Validation: set field to null - PublicationItem - validate_and_null: provided key "journal" is not in item -> identifier: "132a35f3-4f9a-576e-a835-3b360d7fce7f"; title: "Comparison of two types of fractional variable order digital PID controllers"; scientist_id: "aa24496a-ec13-59f1-932d-ed62d0c1ea7d";
2025-01-05 12:17:30 [knowledge_scraper.pipelines] INFO: Validation: set field to null - PublicationItem - validate_and_null: provided key "publisher" is not in item -> identifier: "132a35f3-4f9a-576e-a835-3b360d7fce7f"; title: "Comparison of two types of fractional variable order digital PID controllers"; scientist_id: "aa24496a-ec13-59f1-932d-ed62d0c1ea7d";
2025-01-05 12:17:30 [knowledge_scraper.pipelines] INFO: Validation: set field to null - PublicationItem - validate_and_null: provided key "publisher" is not in item -> identifier: "cec6d85d-5812-5581-a137-ca33e5cf6fe1"; title: "Terrestrial ecosystems on spitsbergen - functioning"; scientist_id: "fc00062c-d7f7-5deb-8767-6d1a1d4630d4";
2025-01-05 12:17:31 [knowledge_scraper.pipelines] INFO: Validation: set field to null - PublicationItem - validate_and_null: provided key "publisher" is not in item -> identifier: "928c7806-2cb0-5533-aa50-7e9c654d7d39"; title: "Selective Behaviour of Honeybees in Acquiring European Propolis Plant Precursors"; scientist_id: "fc00062c-d7f7-5deb-8767-6d1a1d4630d4";
2025-01-05 12:17:32 [knowledge_scraper.pipelines] INFO: Validation: set field to null - PublicationItem - validate_and_null: provided key "publisher" is not in item -> identifier: "854a0cb1-047c-5e3f-ba9d-3919efa79824"; title: "Fungal succession in relation to volatile organic compounds emissions from Scots pine and Norway spruce leaf litter-decomposing fungi"; scientist_id: "fc00062c-d7f7-5deb-8767-6d1a1d4630d4";
2025-01-05 12:17:32 [knowledge_scraper.pipelines] INFO: Validation: set field to null - PublicationItem - validate_and_null: provided key "journal" is not in item -> identifier: "5ef60203-5e05-58cd-a613-2a9a81b7b1a8"; title: "Selective Behaviour of Honeybees in Acquiring European Propolis Plant Precursors"; scientist_id: "fc00062c-d7f7-5deb-8767-6d1a1d4630d4";
2025-01-05 12:17:32 [knowledge_scraper.pipelines] INFO: Validation: set field to null - PublicationItem - validate_and_null: provided key "publisher" is not in item -> identifier: "5ef60203-5e05-58cd-a613-2a9a81b7b1a8"; title: "Selective Behaviour of Honeybees in Acquiring European Propolis Plant Precursors"; scientist_id: "fc00062c-d7f7-5deb-8767-6d1a1d4630d4";
2025-01-05 12:17:32 [knowledge_scraper.pipelines] INFO: Validation: set field to null - PublicationItem - validate_and_null: provided key "publisher" is not in item -> identifier: "baf88318-4b40-5b92-a507-5c5f277fb3ba"; title: "Owoce leśne dla zdrowia i smaku. Dzikie jest zdrowe"; scientist_id: "fc00062c-d7f7-5deb-8767-6d1a1d4630d4";
2025-01-05 12:17:33 [knowledge_scraper.pipelines] INFO: Validation: set field to null - PublicationItem - validate_and_null: provided key "publisher" is not in item -> identifier: "c06bb64e-c2eb-526d-8ebc-d67fef143970"; title: "Ludowe sposoby na przeziębienie"; scientist_id: "fc00062c-d7f7-5deb-8767-6d1a1d4630d4";
2025-01-05 12:17:34 [knowledge_scraper.pipelines] INFO: Validation: set field to null - PublicationItem - validate_and_null: provided key "publisher" is not in item -> identifier: "0bf4b225-52e6-5919-88b0-ad2de560326a"; title: "Księdza Krzysztofa Kluka recepta na zdrowie : pożywienie funkcjonalne po staropolsku"; scientist_id: "fc00062c-d7f7-5deb-8767-6d1a1d4630d4";
2025-01-05 12:17:34 [knowledge_scraper.pipelines] INFO: Validation: set field to null - PublicationItem - validate_and_null: provided key "publisher" is not in item -> identifier: "12d1642a-822d-5112-a651-e6d84d650bfd"; title: "Winter supplementary feeding inﬂuences forest soil seed banks and vegetation"; scientist_id: "fc00062c-d7f7-5deb-8767-6d1a1d4630d4";
2025-01-05 12:17:34 [knowledge_scraper.pipelines] INFO: Validation: set field to null - PublicationItem - validate_and_null: provided key "journal" is not in item -> identifier: "db64188d-270b-56a7-9c51-9b8a348b1b18"; title: "Księdza Jana Krzysztofa Kluka recepta na bogactwo, czyli podlaskie namiastki luksusu"; scientist_id: "fc00062c-d7f7-5deb-8767-6d1a1d4630d4";
2025-01-05 12:17:34 [knowledge_scraper.pipelines] INFO: Validation: set field to null - PublicationItem - validate_and_null: provided key "publisher" is not in item -> identifier: "db64188d-270b-56a7-9c51-9b8a348b1b18"; title: "Księdza Jana Krzysztofa Kluka recepta na bogactwo, czyli podlaskie namiastki luksusu"; scientist_id: "fc00062c-d7f7-5deb-8767-6d1a1d4630d4";
2025-01-05 12:17:35 [knowledge_scraper.pipelines] INFO: Validation: set field to null - PublicationItem - validate_and_null: provided key "journal" is not in item -> identifier: "7327408d-3267-58d4-ba24-c30661b2b100"; title: "Ks. Jan Krzysztof Kluk jako nowoczesny uczony (naukowiec)"; scientist_id: "fc00062c-d7f7-5deb-8767-6d1a1d4630d4";
2025-01-05 12:17:35 [knowledge_scraper.pipelines] INFO: Validation: set field to null - PublicationItem - validate_and_null: provided key "publisher" is not in item -> identifier: "7327408d-3267-58d4-ba24-c30661b2b100"; title: "Ks. Jan Krzysztof Kluk jako nowoczesny uczony (naukowiec)"; scientist_id: "fc00062c-d7f7-5deb-8767-6d1a1d4630d4";
2025-01-05 12:17:35 [knowledge_scraper.pipelines] INFO: Validation: set field to null - PublicationItem - validate_and_null: provided key "journal" is not in item -> identifier: "9ea82ba5-6e52-571d-a9cc-369db9c4b5bb"; title: "Od puszczy do tajgi : Leśnicy wywiezieni z zachodniej części Puszczy Białowieskiej do ZSRS 10.II.1940 roku"; scientist_id: "fc00062c-d7f7-5deb-8767-6d1a1d4630d4";
2025-01-05 12:17:36 [knowledge_scraper.pipelines] INFO: Validation: set field to null - PublicationItem - validate_and_null: provided key "publisher" is not in item -> identifier: "cda31fd8-62db-571a-8582-e9def32ff0a0"; title: "Jedna z najważniejszych dat II wojny światowej"; scientist_id: "fc00062c-d7f7-5deb-8767-6d1a1d4630d4";
2025-01-05 12:17:36 [knowledge_scraper.pipelines] INFO: Validation: set field to null - PublicationItem - validate_and_null: provided key "publisher" is not in item -> identifier: "02a96ee7-f546-5beb-ae5c-70ab1f535bf0"; title: "The influence of abiotic factors on the growth of two vascular plant species (Saxifraga oppositifolia and Salix Polaris) in the High Arctic"; scientist_id: "fc00062c-d7f7-5deb-8767-6d1a1d4630d4";
2025-01-05 12:17:36 [knowledge_scraper.pipelines] INFO: Validation: set field to null - PublicationItem - validate_and_null: provided key "publisher" is not in item -> identifier: "056cdde7-01bb-511e-a171-7147c4596492"; title: "Przyczynek do poznania potencjału mediów społecznościowych w edukacji leśnej"; scientist_id: "fc00062c-d7f7-5deb-8767-6d1a1d4630d4";
2025-01-05 12:17:37 [knowledge_scraper.pipelines] INFO: Validation: set field to null - PublicationItem - validate_and_null: provided key "publisher" is not in item -> identifier: "54dfe35f-4c38-5971-bbaf-73cc48afd792"; title: "Gospodarka leśna w Puszczy Białowieskiej w latach 1939–1941 w świetle referatu por. Jarmarkiera"; scientist_id: "fc00062c-d7f7-5deb-8767-6d1a1d4630d4";
2025-01-05 12:17:38 [knowledge_scraper.pipelines] INFO: Validation: set field to null - PublicationItem - validate_and_null: provided key "publisher" is not in item -> identifier: "704c467c-9fe3-52b2-8de0-afec27780ec5"; title: "Działalność społeczna leśników w Puszczy Białowieskiej w latach 1933–1939"; scientist_id: "fc00062c-d7f7-5deb-8767-6d1a1d4630d4";
2025-01-05 12:17:38 [knowledge_scraper.pipelines] INFO: Validation: set field to null - PublicationItem - validate_and_null: provided key "publisher" is not in item -> identifier: "5c3d368e-e191-5454-821b-5be0bb447c89"; title: "A Unique Population in a Unique Area: The Alcon Blue Butterfly and Its Specific Parasitoid in the Białowieża Forest"; scientist_id: "fc00062c-d7f7-5deb-8767-6d1a1d4630d4";
2025-01-05 12:17:39 [knowledge_scraper.pipelines] INFO: Validation: set field to null - PublicationItem - validate_and_null: provided key "publisher" is not in item -> identifier: "9c184853-6e2e-5f23-81d3-841ecc98daba"; title: "Emission of volatile organic compounds by plants on the floor of boreal and mid-latitude forests"; scientist_id: "fc00062c-d7f7-5deb-8767-6d1a1d4630d4";
2025-01-05 12:17:39 [knowledge_scraper.pipelines] INFO: Validation: set field to null - PublicationItem - validate_and_null: provided key "journal" is not in item -> identifier: "09bf3714-4b6e-5f9a-831b-1f6f4eee6dbd"; title: "Puszcza Białowieska"; scientist_id: "fc00062c-d7f7-5deb-8767-6d1a1d4630d4";
2025-01-05 12:17:39 [knowledge_scraper.pipelines] INFO: Validation: set field to null - PublicationItem - validate_and_null: provided key "publisher" is not in item -> identifier: "09bf3714-4b6e-5f9a-831b-1f6f4eee6dbd"; title: "Puszcza Białowieska"; scientist_id: "fc00062c-d7f7-5deb-8767-6d1a1d4630d4";
2025-01-05 12:17:39 [knowledge_scraper.pipelines] INFO: Validation: set field to null - PublicationItem - validate_and_null: provided key "publisher" is not in item -> identifier: "4348e716-240f-5fd8-8443-9a2b95951964"; title: "Towards gesture recognition in three-dimensional space"; scientist_id: "8b6ae689-68f7-5f56-bea8-6161318a6011";
2025-01-05 12:17:40 [knowledge_scraper.pipelines] INFO: Validation: set field to null - PublicationItem - validate_and_null: provided key "journal" is not in item -> identifier: "5d8611b1-d5d5-541a-b759-bfbd9b7997fb"; title: "Wykorzystanie rozmytych-klastrowych drzew decyzyjnych w rozmytych lasach losowych"; scientist_id: "8b6ae689-68f7-5f56-bea8-6161318a6011";
2025-01-05 12:17:40 [knowledge_scraper.pipelines] INFO: Validation: set field to null - PublicationItem - validate_and_null: provided key "publisher" is not in item -> identifier: "5d8611b1-d5d5-541a-b759-bfbd9b7997fb"; title: "Wykorzystanie rozmytych-klastrowych drzew decyzyjnych w rozmytych lasach losowych"; scientist_id: "8b6ae689-68f7-5f56-bea8-6161318a6011";
2025-01-05 12:17:41 [knowledge_scraper.pipelines] INFO: Validation: set field to null - PublicationItem - validate_and_null: provided key "journal" is not in item -> identifier: "78d7d176-9fa4-5129-9c6e-62b836536aed"; title: "Position and speed invariant gesture recognition in three dimensional space"; scientist_id: "8b6ae689-68f7-5f56-bea8-6161318a6011";
2025-01-05 12:17:41 [knowledge_scraper.pipelines] INFO: Validation: set field to null - PublicationItem - validate_and_null: provided key "publisher" is not in item -> identifier: "78d7d176-9fa4-5129-9c6e-62b836536aed"; title: "Position and speed invariant gesture recognition in three dimensional space"; scientist_id: "8b6ae689-68f7-5f56-bea8-6161318a6011";
2025-01-05 12:17:41 [knowledge_scraper.pipelines] INFO: Validation: set field to null - PublicationItem - validate_and_null: provided key "journal" is not in item -> identifier: "b3f6b421-e3d4-50ab-923f-499754158743"; title: "Wykorzystanie kontekstowo-klastrowych rozmytych drzew decyzyjnych w rozmytych lasach losowych"; scientist_id: "8b6ae689-68f7-5f56-bea8-6161318a6011";
2025-01-05 12:17:41 [knowledge_scraper.pipelines] INFO: Validation: set field to null - PublicationItem - validate_and_null: provided key "publisher" is not in item -> identifier: "b3f6b421-e3d4-50ab-923f-499754158743"; title: "Wykorzystanie kontekstowo-klastrowych rozmytych drzew decyzyjnych w rozmytych lasach losowych"; scientist_id: "8b6ae689-68f7-5f56-bea8-6161318a6011";
2025-01-05 12:17:42 [knowledge_scraper.pipelines] INFO: Validation: set field to null - PublicationItem - validate_and_null: provided key "journal" is not in item -> identifier: "c136af8b-375d-52ac-8266-a08f229b527b"; title: "Użycie operatów OWA w losowych lasach rozmytych z C-rozmytymi drzewami"; scientist_id: "8b6ae689-68f7-5f56-bea8-6161318a6011";
2025-01-05 12:17:42 [knowledge_scraper.pipelines] INFO: Validation: set field to null - PublicationItem - validate_and_null: provided key "publisher" is not in item -> identifier: "c136af8b-375d-52ac-8266-a08f229b527b"; title: "Użycie operatów OWA w losowych lasach rozmytych z C-rozmytymi drzewami"; scientist_id: "8b6ae689-68f7-5f56-bea8-6161318a6011";
2025-01-05 12:17:42 [knowledge_scraper.pipelines] INFO: Validation: set field to null - PublicationItem - validate_and_null: provided key "journal" is not in item -> identifier: "0ab549c8-5422-521f-b51f-0f75098020c1"; title: "Using C-Fuzzy Decision Trees in Fuzzy Random Forest"; scientist_id: "8b6ae689-68f7-5f56-bea8-6161318a6011";
2025-01-05 12:17:42 [knowledge_scraper.pipelines] INFO: Validation: set field to null - PublicationItem - validate_and_null: provided key "publisher" is not in item -> identifier: "0ab549c8-5422-521f-b51f-0f75098020c1"; title: "Using C-Fuzzy Decision Trees in Fuzzy Random Forest"; scientist_id: "8b6ae689-68f7-5f56-bea8-6161318a6011";
2025-01-05 12:17:43 [knowledge_scraper.pipelines] INFO: Validation: set field to null - PublicationItem - validate_and_null: provided key "journal" is not in item -> identifier: "5c07d07e-a8d3-5aff-9d20-d8628251ec10"; title: "Fuzzy Random Forest with C-Fuzzy Decision Trees"; scientist_id: "8b6ae689-68f7-5f56-bea8-6161318a6011";
2025-01-05 12:17:43 [knowledge_scraper.pipelines] INFO: Validation: set field to null - PublicationItem - validate_and_null: provided key "publisher" is not in item -> identifier: "5c07d07e-a8d3-5aff-9d20-d8628251ec10"; title: "Fuzzy Random Forest with C-Fuzzy Decision Trees"; scientist_id: "8b6ae689-68f7-5f56-bea8-6161318a6011";
2025-01-05 12:17:43 [knowledge_scraper.pipelines] INFO: Validation: set field to null - PublicationItem - validate_and_null: provided key "publisher" is not in item -> identifier: "e0c88331-e80b-51c7-bbbd-012086b974f0"; title: "Multirotor Micro Air Vehicle autonomous landing system based on image markers recognition"; scientist_id: "8b6ae689-68f7-5f56-bea8-6161318a6011";
2025-01-05 12:17:43 [knowledge_scraper.pipelines] INFO: Validation: set field to null - PublicationItem - validate_and_null: provided key "journal" is not in item -> identifier: "caa2c0c9-9952-5b95-864d-32cd1e99e52b"; title: "Using Cluster - Context Fuzzy Decision Trees in Fuzzy Random Forest"; scientist_id: "8b6ae689-68f7-5f56-bea8-6161318a6011";
2025-01-05 12:17:43 [knowledge_scraper.pipelines] INFO: Validation: set field to null - PublicationItem - validate_and_null: provided key "publisher" is not in item -> identifier: "caa2c0c9-9952-5b95-864d-32cd1e99e52b"; title: "Using Cluster - Context Fuzzy Decision Trees in Fuzzy Random Forest"; scientist_id: "8b6ae689-68f7-5f56-bea8-6161318a6011";
2025-01-05 12:17:44 [knowledge_scraper.pipelines] INFO: Validation: set field to null - PublicationItem - validate_and_null: provided key "journal" is not in item -> identifier: "00d41ccb-6b37-57cf-9a39-b44d2834cd9b"; title: "Gesture Recognition in 3D Space Using Dimensionally Reduced Set of Features"; scientist_id: "8b6ae689-68f7-5f56-bea8-6161318a6011";
2025-01-05 12:17:44 [knowledge_scraper.pipelines] INFO: Validation: set field to null - PublicationItem - validate_and_null: provided key "publisher" is not in item -> identifier: "00d41ccb-6b37-57cf-9a39-b44d2834cd9b"; title: "Gesture Recognition in 3D Space Using Dimensionally Reduced Set of Features"; scientist_id: "8b6ae689-68f7-5f56-bea8-6161318a6011";
2025-01-05 12:17:44 [knowledge_scraper.pipelines] INFO: Validation: set field to null - PublicationItem - validate_and_null: provided key "journal" is not in item -> identifier: "fce449f0-1461-5c56-8e8b-36474151e5a4"; title: "Dostrajanie rozmytych lasów losowych z wykorzystaniem operatorów OWA"; scientist_id: "8b6ae689-68f7-5f56-bea8-6161318a6011";
2025-01-05 12:17:44 [knowledge_scraper.pipelines] INFO: Validation: set field to null - PublicationItem - validate_and_null: provided key "publisher" is not in item -> identifier: "fce449f0-1461-5c56-8e8b-36474151e5a4"; title: "Dostrajanie rozmytych lasów losowych z wykorzystaniem operatorów OWA"; scientist_id: "8b6ae689-68f7-5f56-bea8-6161318a6011";
2025-01-05 12:17:45 [knowledge_scraper.pipelines] INFO: Validation: set field to null - PublicationItem - validate_and_null: provided key "journal" is not in item -> identifier: "e8c59b5a-52f2-5318-95bf-8ee21a67fa60"; title: "Ważone podejmowanie decyzji w losowych lasach rozmytych z klastrowo-kontekstowymi rozmytymi drzewami decyzyjnymi"; scientist_id: "8b6ae689-68f7-5f56-bea8-6161318a6011";
2025-01-05 12:17:45 [knowledge_scraper.pipelines] INFO: Validation: set field to null - PublicationItem - validate_and_null: provided key "publisher" is not in item -> identifier: "e8c59b5a-52f2-5318-95bf-8ee21a67fa60"; title: "Ważone podejmowanie decyzji w losowych lasach rozmytych z klastrowo-kontekstowymi rozmytymi drzewami decyzyjnymi"; scientist_id: "8b6ae689-68f7-5f56-bea8-6161318a6011";
2025-01-05 12:17:45 [knowledge_scraper.pipelines] INFO: Validation: set field to null - PublicationItem - validate_and_null: provided key "publisher" is not in item -> identifier: "616041fd-a7ca-54cd-8bdd-695300d60577"; title: "Autonomic drone landing system based on LEDs pattern and visual markers recognition"; scientist_id: "8b6ae689-68f7-5f56-bea8-6161318a6011";
2025-01-05 12:17:46 [knowledge_scraper.pipelines] INFO: Validation: set field to null - PublicationItem - validate_and_null: provided key "journal" is not in item -> identifier: "cfc11357-041c-58b2-a369-545b425c11ed"; title: "Parallel C–Fuzzy Random Forest"; scientist_id: "8b6ae689-68f7-5f56-bea8-6161318a6011";
2025-01-05 12:17:46 [knowledge_scraper.pipelines] INFO: Validation: set field to null - PublicationItem - validate_and_null: provided key "publisher" is not in item -> identifier: "cfc11357-041c-58b2-a369-545b425c11ed"; title: "Parallel C–Fuzzy Random Forest"; scientist_id: "8b6ae689-68f7-5f56-bea8-6161318a6011";
2025-01-05 12:17:46 [knowledge_scraper.pipelines] INFO: Validation: set field to null - PublicationItem - validate_and_null: provided key "journal" is not in item -> identifier: "f5ca5ea7-d7f4-5244-99db-9390f4a77af2"; title: "Agregacja wiedzy w losowych lasach rozmytych z klastrowo-kontekstowymi rozmytymi drzewami decyzyjnymi"; scientist_id: "8b6ae689-68f7-5f56-bea8-6161318a6011";
2025-01-05 12:17:46 [knowledge_scraper.pipelines] INFO: Validation: set field to null - PublicationItem - validate_and_null: provided key "publisher" is not in item -> identifier: "f5ca5ea7-d7f4-5244-99db-9390f4a77af2"; title: "Agregacja wiedzy w losowych lasach rozmytych z klastrowo-kontekstowymi rozmytymi drzewami decyzyjnymi"; scientist_id: "8b6ae689-68f7-5f56-bea8-6161318a6011";
2025-01-05 12:17:47 [knowledge_scraper.pipelines] INFO: Validation: set field to null - PublicationItem - validate_and_null: provided key "journal" is not in item -> identifier: "56206b4e-cf0f-512c-a157-1c3196524489"; title: "Klastrowe i klastrowo-kontekstowe rozmyte lasy losowe - koncepcja i udoskonalenia klasyfikatora"; scientist_id: "8b6ae689-68f7-5f56-bea8-6161318a6011";
2025-01-05 12:17:47 [knowledge_scraper.pipelines] INFO: Validation: set field to null - PublicationItem - validate_and_null: provided key "publisher" is not in item -> identifier: "56206b4e-cf0f-512c-a157-1c3196524489"; title: "Klastrowe i klastrowo-kontekstowe rozmyte lasy losowe - koncepcja i udoskonalenia klasyfikatora"; scientist_id: "8b6ae689-68f7-5f56-bea8-6161318a6011";
2025-01-05 12:17:47 [knowledge_scraper.pipelines] INFO: Validation: set field to null - PublicationItem - validate_and_null: provided key "publisher" is not in item -> identifier: "23a02b5d-d8a3-5a69-8f56-35b763efdfb5"; title: "Fuzzy trees and forests-Review"; scientist_id: "8b6ae689-68f7-5f56-bea8-6161318a6011";
2025-01-05 12:17:48 [knowledge_scraper.pipelines] INFO: Validation: set field to null - PublicationItem - validate_and_null: provided key "publisher" is not in item -> identifier: "b86d55b4-b8f5-5a01-a3aa-e2e6bc080777"; title: "Knowledge aggregation in decision-making process with C-fuzzy random forest using OWA operators"; scientist_id: "8b6ae689-68f7-5f56-bea8-6161318a6011";
2025-01-05 12:17:48 [knowledge_scraper.pipelines] INFO: Validation: set field to null - PublicationItem - validate_and_null: provided key "publisher" is not in item -> identifier: "395d1ca0-7656-5db2-a0bf-3066ebe7c913"; title: "Pruning trees in C-fuzzy random forest"; scientist_id: "8b6ae689-68f7-5f56-bea8-6161318a6011";
2025-01-05 12:17:49 [knowledge_scraper.pipelines] INFO: Validation: set field to null - PublicationItem - validate_and_null: provided key "journal" is not in item -> identifier: "caefe4fd-18b0-5840-865b-8725561529f0"; title: "Acceleration Control Approach of Double Inverted Pendulum System"; scientist_id: "c1e35883-9dc2-5ed8-8b5a-207afaebe9ea";
2025-01-05 12:17:49 [knowledge_scraper.pipelines] INFO: Validation: set field to null - PublicationItem - validate_and_null: provided key "publisher" is not in item -> identifier: "caefe4fd-18b0-5840-865b-8725561529f0"; title: "Acceleration Control Approach of Double Inverted Pendulum System"; scientist_id: "c1e35883-9dc2-5ed8-8b5a-207afaebe9ea";
2025-01-05 12:17:49 [knowledge_scraper.pipelines] INFO: Validation: set field to null - PublicationItem - validate_and_null: provided key "journal" is not in item -> identifier: "66d8428f-956d-5b6d-96a6-b079d9976c44"; title: "Integrated drive system of robotic arm joint used in a mobile robot"; scientist_id: "c1e35883-9dc2-5ed8-8b5a-207afaebe9ea";
2025-01-05 12:17:49 [knowledge_scraper.pipelines] INFO: Validation: set field to null - PublicationItem - validate_and_null: provided key "publisher" is not in item -> identifier: "66d8428f-956d-5b6d-96a6-b079d9976c44"; title: "Integrated drive system of robotic arm joint used in a mobile robot"; scientist_id: "c1e35883-9dc2-5ed8-8b5a-207afaebe9ea";
2025-01-05 12:17:49 [knowledge_scraper.pipelines] INFO: Validation: set field to null - PublicationItem - validate_and_null: provided key "journal" is not in item -> identifier: "4020294f-a7e7-5c5c-9a08-ef03b1c08421"; title: "Integrated drive system of robotic arm joint used in a mobile robot"; scientist_id: "c1e35883-9dc2-5ed8-8b5a-207afaebe9ea";
2025-01-05 12:17:49 [knowledge_scraper.pipelines] INFO: Validation: set field to null - PublicationItem - validate_and_null: provided key "publisher" is not in item -> identifier: "4020294f-a7e7-5c5c-9a08-ef03b1c08421"; title: "Integrated drive system of robotic arm joint used in a mobile robot"; scientist_id: "c1e35883-9dc2-5ed8-8b5a-207afaebe9ea";
2025-01-05 12:17:50 [knowledge_scraper.pipelines] INFO: Validation: set field to null - PublicationItem - validate_and_null: provided key "journal" is not in item -> identifier: "1eef1b16-c735-58ba-8254-e446b5c83eb7"; title: "Design and static tests of an all-terrain suspension system for electric wheelchair"; scientist_id: "c1e35883-9dc2-5ed8-8b5a-207afaebe9ea";
2025-01-05 12:17:50 [knowledge_scraper.pipelines] INFO: Validation: set field to null - PublicationItem - validate_and_null: provided key "publisher" is not in item -> identifier: "1eef1b16-c735-58ba-8254-e446b5c83eb7"; title: "Design and static tests of an all-terrain suspension system for electric wheelchair"; scientist_id: "c1e35883-9dc2-5ed8-8b5a-207afaebe9ea";
2025-01-05 12:17:50 [knowledge_scraper.pipelines] INFO: Validation: set field to null - PublicationItem - validate_and_null: provided key "journal" is not in item -> identifier: "03fdb2c3-f28f-5722-bc5c-c368d4d5b7f3"; title: "Thrust and Ignition Control of Valveless Pulse Jet Engine "; scientist_id: "c1e35883-9dc2-5ed8-8b5a-207afaebe9ea";
2025-01-05 12:17:50 [knowledge_scraper.pipelines] INFO: Validation: set field to null - PublicationItem - validate_and_null: provided key "publisher" is not in item -> identifier: "03fdb2c3-f28f-5722-bc5c-c368d4d5b7f3"; title: "Thrust and Ignition Control of Valveless Pulse Jet Engine "; scientist_id: "c1e35883-9dc2-5ed8-8b5a-207afaebe9ea";
2025-01-05 12:17:51 [knowledge_scraper.pipelines] INFO: Validation: set field to null - PublicationItem - validate_and_null: provided key "journal" is not in item -> identifier: "88f1ad00-552a-5b79-bdca-db5b675431d2"; title: "Active wheel speed control to avoid lifting the swingarms in rocker-bogie suspension"; scientist_id: "c1e35883-9dc2-5ed8-8b5a-207afaebe9ea";
2025-01-05 12:17:51 [knowledge_scraper.pipelines] INFO: Validation: set field to null - PublicationItem - validate_and_null: provided key "publisher" is not in item -> identifier: "88f1ad00-552a-5b79-bdca-db5b675431d2"; title: "Active wheel speed control to avoid lifting the swingarms in rocker-bogie suspension"; scientist_id: "c1e35883-9dc2-5ed8-8b5a-207afaebe9ea";
2025-01-05 12:17:51 [knowledge_scraper.pipelines] INFO: Validation: set field to null - PublicationItem - validate_and_null: provided key "journal" is not in item -> identifier: "a9d45f0d-c4f4-5fac-a946-ae0bccd58c92"; title: "PID Controller for Velocity Control and Skid Prevention for a Six-wheeled Rover"; scientist_id: "c1e35883-9dc2-5ed8-8b5a-207afaebe9ea";
2025-01-05 12:17:51 [knowledge_scraper.pipelines] INFO: Validation: set field to null - PublicationItem - validate_and_null: provided key "publisher" is not in item -> identifier: "a9d45f0d-c4f4-5fac-a946-ae0bccd58c92"; title: "PID Controller for Velocity Control and Skid Prevention for a Six-wheeled Rover"; scientist_id: "c1e35883-9dc2-5ed8-8b5a-207afaebe9ea";
2025-01-05 12:17:52 [knowledge_scraper.pipelines] INFO: Validation: set field to null - PublicationItem - validate_and_null: provided key "journal" is not in item -> identifier: "f828dd13-5356-5d0d-a000-cd4405114c9e"; title: "Automatic position control of the solar cell"; scientist_id: "c1e35883-9dc2-5ed8-8b5a-207afaebe9ea";
2025-01-05 12:17:52 [knowledge_scraper.pipelines] INFO: Validation: set field to null - PublicationItem - validate_and_null: provided key "publisher" is not in item -> identifier: "f828dd13-5356-5d0d-a000-cd4405114c9e"; title: "Automatic position control of the solar cell"; scientist_id: "c1e35883-9dc2-5ed8-8b5a-207afaebe9ea";
2025-01-05 12:17:53 [knowledge_scraper.pipelines] INFO: Validation: set field to null - PublicationItem - validate_and_null: provided key "journal" is not in item -> identifier: "38de84b9-b259-5370-b143-710ec459cc38"; title: "Smart Floor for a more comfortable and safer life"; scientist_id: "c1e35883-9dc2-5ed8-8b5a-207afaebe9ea";
2025-01-05 12:17:53 [knowledge_scraper.pipelines] INFO: Validation: set field to null - PublicationItem - validate_and_null: provided key "publisher" is not in item -> identifier: "38de84b9-b259-5370-b143-710ec459cc38"; title: "Smart Floor for a more comfortable and safer life"; scientist_id: "c1e35883-9dc2-5ed8-8b5a-207afaebe9ea";
2025-01-05 12:17:53 [knowledge_scraper.pipelines] INFO: Validation: set field to null - PublicationItem - validate_and_null: provided key "publisher" is not in item -> identifier: "75cc8ef6-444c-5720-802b-2a0aa77deb1a"; title: "Autonomous Searching Robot with Object Recognition Based on Neural"; scientist_id: "c1e35883-9dc2-5ed8-8b5a-207afaebe9ea";
2025-01-05 12:17:53 [knowledge_scraper.pipelines] INFO: Validation: set field to null - PublicationItem - validate_and_null: provided key "publisher" is not in item -> identifier: "e4beabe2-9a28-55e5-8301-37a0874d95fa"; title: "A Hand-Held Teleoperation Device for the Control of the Mars Rover Analogue Manipulator"; scientist_id: "c1e35883-9dc2-5ed8-8b5a-207afaebe9ea";
2025-01-05 12:17:54 [knowledge_scraper.pipelines] INFO: Validation: set field to null - PublicationItem - validate_and_null: provided key "journal" is not in item -> identifier: "81be2191-a52b-5315-9432-5a718f26f457"; title: "Influence of Soil Parameters on Protein Presence for a Mars Rover Analogue’s On-Board Laboratory Setup"; scientist_id: "c1e35883-9dc2-5ed8-8b5a-207afaebe9ea";
2025-01-05 12:17:54 [knowledge_scraper.pipelines] INFO: Validation: set field to null - PublicationItem - validate_and_null: provided key "publisher" is not in item -> identifier: "81be2191-a52b-5315-9432-5a718f26f457"; title: "Influence of Soil Parameters on Protein Presence for a Mars Rover Analogue’s On-Board Laboratory Setup"; scientist_id: "c1e35883-9dc2-5ed8-8b5a-207afaebe9ea";
2025-01-05 12:17:54 [knowledge_scraper.pipelines] INFO: Validation: set field to null - PublicationItem - validate_and_null: provided key "journal" is not in item -> identifier: "36a39d99-0099-51f4-83de-2d096c9e0ae2"; title: "Active Protection Against Overturning in Uneven Terrain for the Mars Rover Analogue"; scientist_id: "c1e35883-9dc2-5ed8-8b5a-207afaebe9ea";
2025-01-05 12:17:54 [knowledge_scraper.pipelines] INFO: Validation: set field to null - PublicationItem - validate_and_null: provided key "publisher" is not in item -> identifier: "36a39d99-0099-51f4-83de-2d096c9e0ae2"; title: "Active Protection Against Overturning in Uneven Terrain for the Mars Rover Analogue"; scientist_id: "c1e35883-9dc2-5ed8-8b5a-207afaebe9ea";
2025-01-05 12:17:55 [knowledge_scraper.pipelines] INFO: Validation: set field to null - PublicationItem - validate_and_null: provided key "publisher" is not in item -> identifier: "f09d05ca-c5ef-56b7-beba-42ccccdc8055"; title: "Promieniowania UV-C do walki z pandemią SARS-COV-2 w systemie "Protect Med""; scientist_id: "c1e35883-9dc2-5ed8-8b5a-207afaebe9ea";
2025-01-05 12:17:56 [knowledge_scraper.pipelines] INFO: Validation: set field to null - PublicationItem - validate_and_null: provided key "journal" is not in item -> identifier: "59f3120a-78bc-56fd-8a37-e06f1e6c1960"; title: "Design of a phantom device with a safety system based on a non-invasive method of monitoring blood flow within an operator's arm
"; scientist_id: "c1e35883-9dc2-5ed8-8b5a-207afaebe9ea";
2025-01-05 12:17:56 [knowledge_scraper.pipelines] INFO: Validation: set field to null - PublicationItem - validate_and_null: provided key "publisher" is not in item -> identifier: "59f3120a-78bc-56fd-8a37-e06f1e6c1960"; title: "Design of a phantom device with a safety system based on a non-invasive method of monitoring blood flow within an operator's arm
"; scientist_id: "c1e35883-9dc2-5ed8-8b5a-207afaebe9ea";
2025-01-05 12:17:56 [knowledge_scraper.pipelines] INFO: Validation: set field to null - PublicationItem - validate_and_null: provided key "publisher" is not in item -> identifier: "e4b1539e-4cc0-5e97-b793-b1b95fd7a13a"; title: "A Cost-Effective, Integrated Haptic Device for an Exoskeletal System"; scientist_id: "c1e35883-9dc2-5ed8-8b5a-207afaebe9ea";
2025-01-05 12:17:57 [knowledge_scraper.pipelines] INFO: Validation: set field to null - PublicationItem - validate_and_null: provided key "publisher" is not in item -> identifier: "fe2c8b41-7ad4-5ab6-aebc-135834fe60f2"; title: "RobUV–Robotic Decontamination System"; scientist_id: "c1e35883-9dc2-5ed8-8b5a-207afaebe9ea";
2025-01-05 12:17:57 [knowledge_scraper.pipelines] INFO: Validation: set field to null - PublicationItem - validate_and_null: provided key "journal" is not in item -> identifier: "b769ad9f-a64e-582d-b6bd-c5dd1c096ba7"; title: "AR Tags Based Absolute Positioning System"; scientist_id: "c1e35883-9dc2-5ed8-8b5a-207afaebe9ea";
2025-01-05 12:17:57 [knowledge_scraper.pipelines] INFO: Validation: set field to null - PublicationItem - validate_and_null: provided key "publisher" is not in item -> identifier: "b769ad9f-a64e-582d-b6bd-c5dd1c096ba7"; title: "AR Tags Based Absolute Positioning System"; scientist_id: "c1e35883-9dc2-5ed8-8b5a-207afaebe9ea";
2025-01-05 12:17:58 [scrapy.extensions.logstats] INFO: Crawled 998 pages (at 126 pages/min), scraped 1039 items (at 126 items/min)
2025-01-05 12:17:58 [knowledge_scraper.pipelines] INFO: Validation: set field to null - PublicationItem - validate_and_null: provided key "publisher" is not in item -> identifier: "88ae8e9e-1e76-5cae-8aae-4c9e22bd7e6d"; title: "An Innovative Approach to Fabrication With Photo-Cured Resins by Shell-Printed-Core-Casting"; scientist_id: "c1e35883-9dc2-5ed8-8b5a-207afaebe9ea";
2025-01-05 12:17:58 [knowledge_scraper.pipelines] INFO: Validation: set field to null - PublicationItem - validate_and_null: provided key "publisher" is not in item -> identifier: "e55e3798-17dc-5175-932e-bce4ff91d67a"; title: "Effect of UV-C long-time irradiation on mechanical properties of PMMA"; scientist_id: "c1e35883-9dc2-5ed8-8b5a-207afaebe9ea";
2025-01-05 12:17:59 [knowledge_scraper.pipelines] INFO: Validation: set field to null - PublicationItem - validate_and_null: provided key "publisher" is not in item -> identifier: "3858fdf9-1d13-5d93-adcb-6ad1c649e720"; title: "The Effect of Functionally Graded Materials on Temperature during Frictional Heating: Under Uniform Sliding"; scientist_id: "dfbec88d-ef5d-56df-bbd7-4effd4ef1642";
2025-01-05 12:17:59 [knowledge_scraper.pipelines] INFO: Validation: set field to null - PublicationItem - validate_and_null: provided key "publisher" is not in item -> identifier: "fb41705b-ec65-5789-b391-95f3688f4741"; title: "The Effect of Functionally Graded Materials on Temperature during Frictional Heating at Single Braking"; scientist_id: "dfbec88d-ef5d-56df-bbd7-4effd4ef1642";
2025-01-05 12:18:00 [knowledge_scraper.pipelines] INFO: Validation: set field to null - PublicationItem - validate_and_null: provided key "journal" is not in item -> identifier: "282f1cf0-1e36-568c-82ff-1070e22f3b49"; title: "Thermal problem of friction during braking for functionally graded materials"; scientist_id: "dfbec88d-ef5d-56df-bbd7-4effd4ef1642";
2025-01-05 12:18:00 [knowledge_scraper.pipelines] INFO: Validation: set field to null - PublicationItem - validate_and_null: provided key "publisher" is not in item -> identifier: "282f1cf0-1e36-568c-82ff-1070e22f3b49"; title: "Thermal problem of friction during braking for functionally graded materials"; scientist_id: "dfbec88d-ef5d-56df-bbd7-4effd4ef1642";
2025-01-05 12:18:00 [knowledge_scraper.pipelines] INFO: Validation: set field to null - PublicationItem - validate_and_null: provided key "publisher" is not in item -> identifier: "e7e9b27d-fe79-55da-aeba-42df13499c48"; title: "The Heat Partition Ratio during Braking in a Functionally Graded Friction Couple"; scientist_id: "dfbec88d-ef5d-56df-bbd7-4effd4ef1642";
2025-01-05 12:18:01 [knowledge_scraper.pipelines] INFO: Validation: set field to null - PublicationItem - validate_and_null: provided key "publisher" is not in item -> identifier: "29d0f642-3139-58c8-8e09-9dc7b42f46ed"; title: "Temperature in the Friction Couple Consisting of Functionally Graded and Homogeneous Materials"; scientist_id: "dfbec88d-ef5d-56df-bbd7-4effd4ef1642";
2025-01-05 12:18:01 [knowledge_scraper.pipelines] INFO: Validation: set field to null - PublicationItem - validate_and_null: provided key "publisher" is not in item -> identifier: "32a6fd41-564c-5538-af4b-272bbe0a382f"; title: "Some Thermal Problems of Friction of Functionally Graded Materials "; scientist_id: "dfbec88d-ef5d-56df-bbd7-4effd4ef1642";
2025-01-05 12:18:02 [knowledge_scraper.pipelines] INFO: Validation: set field to null - PublicationItem - validate_and_null: provided key "publisher" is not in item -> identifier: "73338d56-7f6d-518f-8509-dfe7fe4ee91c"; title: "Influence of Thermal Sensitivity of Functionally Graded Materials on Temperature during Braking"; scientist_id: "dfbec88d-ef5d-56df-bbd7-4effd4ef1642";
2025-01-05 12:18:02 [knowledge_scraper.pipelines] INFO: Validation: set field to null - PublicationItem - validate_and_null: provided key "publisher" is not in item -> identifier: "ef2a4798-800d-517d-ba2e-d67831463808"; title: "Reverse Engineering of Parts with Asymmetrical Properties Using Replacement Materials"; scientist_id: "dfbec88d-ef5d-56df-bbd7-4effd4ef1642";
2025-01-05 12:18:03 [knowledge_scraper.pipelines] INFO: Validation: set field to null - PublicationItem - validate_and_null: provided key "publisher" is not in item -> identifier: "e554ad97-16d7-55a3-b169-5cca272f17aa"; title: "Use of Functionally Graded Material to Decrease Maximum Temperature of a Coating–Substrate System"; scientist_id: "dfbec88d-ef5d-56df-bbd7-4effd4ef1642";
2025-01-05 12:18:04 [knowledge_scraper.pipelines] INFO: Validation: set field to null - PublicationItem - validate_and_null: provided key "publisher" is not in item -> identifier: "93fc961f-9599-5f7d-b279-b35cd92fcde5"; title: "The Mutual Influence of Thermal Contact Conductivity and Convective Cooling on the Temperature Field in a Tribosystem with a Functionally Graded Strip"; scientist_id: "dfbec88d-ef5d-56df-bbd7-4effd4ef1642";
2025-01-05 12:18:04 [knowledge_scraper.pipelines] INFO: Validation: set field to null - PublicationItem - validate_and_null: provided key "publisher" is not in item -> identifier: "e98f4510-0da6-5734-8e58-93c6fb3c32e1"; title: "Temperature during Repetitive Short-Term Operation of a Brake with Functionally Graded Friction Element"; scientist_id: "dfbec88d-ef5d-56df-bbd7-4effd4ef1642";
2025-01-05 12:18:05 [knowledge_scraper.pipelines] INFO: Validation: set field to null - PublicationItem - validate_and_null: provided key "publisher" is not in item -> identifier: "8c76c881-b52f-5fc6-b10f-45993e7f27f2"; title: "Influence of Functionally Graded Protective Coating on the Temperature in a Braking System"; scientist_id: "dfbec88d-ef5d-56df-bbd7-4effd4ef1642";
2025-01-05 12:18:06 [knowledge_scraper.pipelines] INFO: Validation: set field to null - PublicationItem - validate_and_null: provided key "publisher" is not in item -> identifier: "7c98d318-6ed3-5bce-b0e0-222d48e77c21"; title: "Effect of Convective Cooling on the Temperature in a Friction System with Functionally Graded Strip"; scientist_id: "dfbec88d-ef5d-56df-bbd7-4effd4ef1642";
2025-01-05 12:18:06 [knowledge_scraper.pipelines] INFO: Validation: set field to null - PublicationItem - validate_and_null: provided key "publisher" is not in item -> identifier: "ed252041-681f-5091-87cb-fc94d4034c8d"; title: "Degradation of Polymethylmethacrylate (PMMA) Bioreactors Used for Algal Cultivation"; scientist_id: "dfbec88d-ef5d-56df-bbd7-4effd4ef1642";
2025-01-05 12:18:07 [knowledge_scraper.pipelines] INFO: Validation: set field to null - PublicationItem - validate_and_null: provided key "publisher" is not in item -> identifier: "1a9b7f3c-234f-54a8-9aeb-7896ee09578d"; title: "The Basic Properties of Lightweight Artificial Aggregates Made with Recycled Concrete Fines"; scientist_id: "dfbec88d-ef5d-56df-bbd7-4effd4ef1642";
2025-01-05 12:18:07 [knowledge_scraper.pipelines] INFO: Validation: set field to null - PublicationItem - validate_and_null: provided key "journal" is not in item -> identifier: "f2f4181d-170c-5a7c-b1a1-b53be6637c6d"; title: "Działanie lotnych związków organicznych (VOCs) produkowanych przez bakterie z rodzaju Bacillus na grzyby z rodzaju Fusarium"; scientist_id: "cafcc30d-4911-53cb-bba8-eab76a99fb56";
2025-01-05 12:18:07 [knowledge_scraper.pipelines] INFO: Validation: set field to null - PublicationItem - validate_and_null: provided key "publisher" is not in item -> identifier: "f2f4181d-170c-5a7c-b1a1-b53be6637c6d"; title: "Działanie lotnych związków organicznych (VOCs) produkowanych przez bakterie z rodzaju Bacillus na grzyby z rodzaju Fusarium"; scientist_id: "cafcc30d-4911-53cb-bba8-eab76a99fb56";
2025-01-05 12:18:08 [knowledge_scraper.pipelines] INFO: Validation: set field to null - PublicationItem - validate_and_null: provided key "journal" is not in item -> identifier: "30de49e2-061e-5e18-8f49-f96886f27a35"; title: "Bakterie z rodzaju Bacillus w ochronie biologicznej roślin"; scientist_id: "cafcc30d-4911-53cb-bba8-eab76a99fb56";
2025-01-05 12:18:08 [knowledge_scraper.pipelines] INFO: Validation: set field to null - PublicationItem - validate_and_null: provided key "publisher" is not in item -> identifier: "30de49e2-061e-5e18-8f49-f96886f27a35"; title: "Bakterie z rodzaju Bacillus w ochronie biologicznej roślin"; scientist_id: "cafcc30d-4911-53cb-bba8-eab76a99fb56";
2025-01-05 12:18:09 [knowledge_scraper.pipelines] INFO: Validation: set field to null - PublicationItem - validate_and_null: provided key "journal" is not in item -> identifier: "9f1ee48f-1015-51a2-8ab2-7d3ee14a6d71"; title: "Wykorzystanie bakterii z rodzaju Bacillus w ochronie biologicznej przed grzybem Fusarium oxysporum"; scientist_id: "cafcc30d-4911-53cb-bba8-eab76a99fb56";
2025-01-05 12:18:09 [knowledge_scraper.pipelines] INFO: Validation: set field to null - PublicationItem - validate_and_null: provided key "publisher" is not in item -> identifier: "9f1ee48f-1015-51a2-8ab2-7d3ee14a6d71"; title: "Wykorzystanie bakterii z rodzaju Bacillus w ochronie biologicznej przed grzybem Fusarium oxysporum"; scientist_id: "cafcc30d-4911-53cb-bba8-eab76a99fb56";
2025-01-05 12:18:09 [knowledge_scraper.pipelines] INFO: Validation: set field to null - PublicationItem - validate_and_null: provided key "journal" is not in item -> identifier: "3a85e281-e7e4-59f5-b817-d131278716fb"; title: "Wykorzystanie bakterii z rodzaju Bacillus w ochronie biologicznej przed grzybem Fusarium oxysporum"; scientist_id: "cafcc30d-4911-53cb-bba8-eab76a99fb56";
2025-01-05 12:18:09 [knowledge_scraper.pipelines] INFO: Validation: set field to null - PublicationItem - validate_and_null: provided key "publisher" is not in item -> identifier: "3a85e281-e7e4-59f5-b817-d131278716fb"; title: "Wykorzystanie bakterii z rodzaju Bacillus w ochronie biologicznej przed grzybem Fusarium oxysporum"; scientist_id: "cafcc30d-4911-53cb-bba8-eab76a99fb56";
2025-01-05 12:18:10 [knowledge_scraper.pipelines] INFO: Validation: set field to null - PublicationItem - validate_and_null: provided key "journal" is not in item -> identifier: "6c8a15fe-f28f-5d6c-8199-7aaa29b02d74"; title: "Biocenoza w zaawansowanym biologicznym oczyszczaniu ścieków"; scientist_id: "cafcc30d-4911-53cb-bba8-eab76a99fb56";
2025-01-05 12:18:10 [knowledge_scraper.pipelines] INFO: Validation: set field to null - PublicationItem - validate_and_null: provided key "publisher" is not in item -> identifier: "6c8a15fe-f28f-5d6c-8199-7aaa29b02d74"; title: "Biocenoza w zaawansowanym biologicznym oczyszczaniu ścieków"; scientist_id: "cafcc30d-4911-53cb-bba8-eab76a99fb56";
2025-01-05 12:18:10 [knowledge_scraper.pipelines] INFO: Validation: set field to null - PublicationItem - validate_and_null: provided key "publisher" is not in item -> identifier: "5301a331-6d38-54ff-97dc-c1916eadf0ce"; title: "Green grain of spelt (Triticum aestivum ssp. spelta) harvested at the stage of milk-dough as a rich source of valuable nutrients"; scientist_id: "cafcc30d-4911-53cb-bba8-eab76a99fb56";
2025-01-05 12:18:11 [knowledge_scraper.pipelines] INFO: Validation: set field to null - PublicationItem - validate_and_null: provided key "publisher" is not in item -> identifier: "3f92c406-811d-52c8-af10-db092e7b9304"; title: "Taxonomic implications of volatile secondary metabolites emitted from birch (Betula L.) buds "; scientist_id: "cafcc30d-4911-53cb-bba8-eab76a99fb56";
2025-01-05 12:18:11 [knowledge_scraper.pipelines] INFO: Validation: set field to null - PublicationItem - validate_and_null: provided key "publisher" is not in item -> identifier: "8b903d15-beb8-5954-97f5-f06e97f18819"; title: "Interactions between Phytophthora cactorum, Armillaria gallica and Betula pendula Roth. Seedlings Subjected to Defoliation"; scientist_id: "cafcc30d-4911-53cb-bba8-eab76a99fb56";
2025-01-05 12:18:11 [knowledge_scraper.pipelines] INFO: Validation: set field to null - PublicationItem - validate_and_null: provided key "journal" is not in item -> identifier: "24fd9183-1f42-55d4-bbc9-602f4e4db223"; title: "Synteza metabolitów wtórnych u Betula pendula w reakcji obronnej na atak foliofagów oraz Phytophthora cactorum i Armillaria gallica"; scientist_id: "cafcc30d-4911-53cb-bba8-eab76a99fb56";
2025-01-05 12:18:11 [knowledge_scraper.pipelines] INFO: Validation: set field to null - PublicationItem - validate_and_null: provided key "publisher" is not in item -> identifier: "24fd9183-1f42-55d4-bbc9-602f4e4db223"; title: "Synteza metabolitów wtórnych u Betula pendula w reakcji obronnej na atak foliofagów oraz Phytophthora cactorum i Armillaria gallica"; scientist_id: "cafcc30d-4911-53cb-bba8-eab76a99fb56";
2025-01-05 12:18:12 [knowledge_scraper.pipelines] INFO: Validation: set field to null - PublicationItem - validate_and_null: provided key "publisher" is not in item -> identifier: "c404c438-fdfb-5417-b430-2bb45e6199fd"; title: "Trichoderma asperellum efficiently protects Quercus robur leaves against Erysiphe alphitoides"; scientist_id: "cafcc30d-4911-53cb-bba8-eab76a99fb56";
2025-01-05 12:18:13 [knowledge_scraper.pipelines] INFO: Validation: set field to null - PublicationItem - validate_and_null: provided key "publisher" is not in item -> identifier: "7220b961-908e-5fb7-bfc2-96a61f46c351"; title: "Effect of Defoliation on the Defense Reactions of Silver Birch (Betula pendula) Infected with Phytophthora plurivora"; scientist_id: "cafcc30d-4911-53cb-bba8-eab76a99fb56";
2025-01-05 12:18:13 [knowledge_scraper.pipelines] INFO: Validation: set field to null - PublicationItem - validate_and_null: provided key "publisher" is not in item -> identifier: "b416521e-9c63-5bc7-878a-7427d3d9006c"; title: "Biological Pollution of Indoor Air, Its Assessment and Control Methods"; scientist_id: "cafcc30d-4911-53cb-bba8-eab76a99fb56";
2025-01-05 12:18:14 [knowledge_scraper.pipelines] INFO: Validation: set field to null - PublicationItem - validate_and_null: provided key "publisher" is not in item -> identifier: "b0f686be-a6e4-5c15-8e8e-bf414375c247"; title: "Analysis of Wheat Grain Infection by Fusarium Mycotoxin-Producing Fungi Using an Electronic Nose, GC-MS, and qPCR"; scientist_id: "cafcc30d-4911-53cb-bba8-eab76a99fb56";
2025-01-05 12:18:14 [knowledge_scraper.pipelines] INFO: Validation: set field to null - PublicationItem - validate_and_null: provided key "publisher" is not in item -> identifier: "893ef6ae-1e7e-5017-b74f-a4060a133e6e"; title: "The Use of Correspondence Analysis in Assessing the Antecedents of Innovativeness in Public Hospitals"; scientist_id: "4f4bb4a5-b9fa-5cc2-8749-00b069d5303e";
2025-01-05 12:18:15 [knowledge_scraper.pipelines] INFO: Validation: set field to null - PublicationItem - validate_and_null: provided key "publisher" is not in item -> identifier: "7e7eabab-4525-5ae2-b784-76e36864ec33"; title: "The role of customer satisfaction in the modern marketing on the example of the market of dental services"; scientist_id: "4f4bb4a5-b9fa-5cc2-8749-00b069d5303e";
2025-01-05 12:18:15 [knowledge_scraper.pipelines] INFO: Validation: set field to null - PublicationItem - validate_and_null: provided key "publisher" is not in item -> identifier: "3f6f19ae-557e-5e93-bf81-5a53514b6ab1"; title: "Sprzężenie pomiędzy kulturą organizacyjną a proinnowacyjnym zarządzaniem zasobami ludzkimi w publicznych szpitalach - wyniki badań"; scientist_id: "4f4bb4a5-b9fa-5cc2-8749-00b069d5303e";
2025-01-05 12:18:16 [knowledge_scraper.pipelines] INFO: Validation: set field to null - PublicationItem - validate_and_null: provided key "publisher" is not in item -> identifier: "36666f8d-272f-55d0-a755-62290ffee6d8"; title: "Rola zespołów we wdrażaniu zmian w zarządzaniu psychiatryczną opieką zdrowotną"; scientist_id: "4f4bb4a5-b9fa-5cc2-8749-00b069d5303e";
2025-01-05 12:18:16 [knowledge_scraper.pipelines] INFO: Validation: set field to null - PublicationItem - validate_and_null: provided key "journal" is not in item -> identifier: "0703618b-18a0-5ea2-afec-a607bc233c8b"; title: "The Moderating role of performance appraisal in hospitals' innovativeness"; scientist_id: "4f4bb4a5-b9fa-5cc2-8749-00b069d5303e";
2025-01-05 12:18:16 [knowledge_scraper.pipelines] INFO: Validation: set field to null - PublicationItem - validate_and_null: provided key "publisher" is not in item -> identifier: "0703618b-18a0-5ea2-afec-a607bc233c8b"; title: "The Moderating role of performance appraisal in hospitals' innovativeness"; scientist_id: "4f4bb4a5-b9fa-5cc2-8749-00b069d5303e";
2025-01-05 12:18:17 [knowledge_scraper.pipelines] INFO: Validation: set field to null - PublicationItem - validate_and_null: provided key "journal" is not in item -> identifier: "e632d18c-f669-5ec5-9b53-b4b59984b26a"; title: "Kultura organizacyjna w szpitalach. Analiza porównawcza szpitali publicznych i niepublicznych"; scientist_id: "4f4bb4a5-b9fa-5cc2-8749-00b069d5303e";
2025-01-05 12:18:17 [knowledge_scraper.pipelines] INFO: Validation: set field to null - PublicationItem - validate_and_null: provided key "publisher" is not in item -> identifier: "e632d18c-f669-5ec5-9b53-b4b59984b26a"; title: "Kultura organizacyjna w szpitalach. Analiza porównawcza szpitali publicznych i niepublicznych"; scientist_id: "4f4bb4a5-b9fa-5cc2-8749-00b069d5303e";
2025-01-05 12:18:17 [knowledge_scraper.pipelines] INFO: Validation: set field to null - PublicationItem - validate_and_null: provided key "publisher" is not in item -> identifier: "5381fc39-95a6-5ae5-a606-9da2683938b3"; title: "A New Application of the SERVQUAL Method for the Evaluation of the Quality of Medical Service"; scientist_id: "4f4bb4a5-b9fa-5cc2-8749-00b069d5303e";
2025-01-05 12:18:18 [knowledge_scraper.pipelines] INFO: Validation: set field to null - PublicationItem - validate_and_null: provided key "publisher" is not in item -> identifier: "0dc8b153-80fc-5870-ba39-0d376bc055bd"; title: "Kultura organizacyjna a negatywne zachowania personelu pielęgniarskiego - na przykładzie szpitali klinicznych"; scientist_id: "4f4bb4a5-b9fa-5cc2-8749-00b069d5303e";
2025-01-05 12:18:18 [knowledge_scraper.pipelines] INFO: Validation: set field to null - PublicationItem - validate_and_null: provided key "publisher" is not in item -> identifier: "692b361e-fdcb-5aeb-b4d7-8a1f3aba436e"; title: "Powiązania kultury organizacyjnej i zarządzania zasobami ludzkimi w szpitalach publicznych"; scientist_id: "4f4bb4a5-b9fa-5cc2-8749-00b069d5303e";
2025-01-05 12:18:18 [knowledge_scraper.pipelines] INFO: Validation: set field to null - PublicationItem - validate_and_null: provided key "publisher" is not in item -> identifier: "addc0e88-8918-5b98-afda-64a08c8e18d7"; title: "Risk and Uncertainty in the Organization – Bibliometric Analysis of Scientific Publications"; scientist_id: "4f4bb4a5-b9fa-5cc2-8749-00b069d5303e";
2025-01-05 12:18:19 [knowledge_scraper.pipelines] INFO: Validation: set field to null - PublicationItem - validate_and_null: provided key "publisher" is not in item -> identifier: "20f7acca-b805-5510-a11c-a910626fa27e"; title: "Application of Bibliometric Analysis in the Research of Scientific Publications on the Quality Management of Medical Services"; scientist_id: "4f4bb4a5-b9fa-5cc2-8749-00b069d5303e";
2025-01-05 12:18:19 [knowledge_scraper.pipelines] INFO: Validation: set field to null - PublicationItem - validate_and_null: provided key "publisher" is not in item -> identifier: "f4e12e52-2c39-59eb-9416-41e5542afa50"; title: "Zaangażowanie organizacyjne w przedsiębiorstwie transportowym – studium przypadku"; scientist_id: "4f4bb4a5-b9fa-5cc2-8749-00b069d5303e";
2025-01-05 12:18:20 [knowledge_scraper.pipelines] INFO: Validation: set field to null - PublicationItem - validate_and_null: provided key "publisher" is not in item -> identifier: "9e0c73f9-7d4f-5e94-b8c8-24ebbb4ad730"; title: "The Application of Lean Management in the Management of the Psychiatric Care System in the Regional Model of Psychiatric Care in Denmark (the Region of Zealand)"; scientist_id: "4f4bb4a5-b9fa-5cc2-8749-00b069d5303e";
2025-01-05 12:18:20 [knowledge_scraper.pipelines] INFO: Validation: set field to null - PublicationItem - validate_and_null: provided key "publisher" is not in item -> identifier: "be68161d-5a6d-5e5b-a8a2-6a00c08237ca"; title: "Innowacyjność jako podstawowy wyznacznik zatrudnialności lekarzy w szpitalach"; scientist_id: "4f4bb4a5-b9fa-5cc2-8749-00b069d5303e";
2025-01-05 12:18:21 [knowledge_scraper.pipelines] INFO: Validation: set field to null - PublicationItem - validate_and_null: provided key "publisher" is not in item -> identifier: "5bcd8d46-2d4c-572e-993b-3e004ebb3b54"; title: "Wypalenie zawodowe w pracy pielęgniarskiej – studium empiryczne"; scientist_id: "4f4bb4a5-b9fa-5cc2-8749-00b069d5303e";
2025-01-05 12:18:21 [knowledge_scraper.pipelines] INFO: Validation: set field to null - PublicationItem - validate_and_null: provided key "journal" is not in item -> identifier: "62bbabc4-b014-506f-ba31-8a32ba8d2f6c"; title: "Relationships of Corporate Social Responsibility with Organizational Resilience: A Literature Review  "; scientist_id: "4f4bb4a5-b9fa-5cc2-8749-00b069d5303e";
2025-01-05 12:18:21 [knowledge_scraper.pipelines] INFO: Validation: set field to null - PublicationItem - validate_and_null: provided key "publisher" is not in item -> identifier: "62bbabc4-b014-506f-ba31-8a32ba8d2f6c"; title: "Relationships of Corporate Social Responsibility with Organizational Resilience: A Literature Review  "; scientist_id: "4f4bb4a5-b9fa-5cc2-8749-00b069d5303e";
2025-01-05 12:18:22 [knowledge_scraper.pipelines] INFO: Validation: set field to null - PublicationItem - validate_and_null: provided key "publisher" is not in item -> identifier: "3b5611bf-ceaf-520d-8f3e-acdf00a3e68d"; title: "Selected Unfair Business Practices in the Time of COVID-19 Pandemic"; scientist_id: "4f4bb4a5-b9fa-5cc2-8749-00b069d5303e";
2025-01-05 12:18:22 [knowledge_scraper.pipelines] INFO: Validation: set field to null - PublicationItem - validate_and_null: provided key "publisher" is not in item -> identifier: "358ca4c2-b259-5552-8685-7edc86280906"; title: "The enhancement of the employer branding strategies of Polish hospitals through the detection of features which determine employer attractiveness: a multidimensional perspective"; scientist_id: "4f4bb4a5-b9fa-5cc2-8749-00b069d5303e";
2025-01-05 12:18:22 [knowledge_scraper.pipelines] INFO: Validation: set field to null - PublicationItem - validate_and_null: provided key "publisher" is not in item -> identifier: "8727272b-32dd-50b5-b711-001cbacfc7c1"; title: "Assessment of the Health Care System in Poland and Other OECD Countries Using the Hellwig Method"; scientist_id: "4f4bb4a5-b9fa-5cc2-8749-00b069d5303e";
2025-01-05 12:18:23 [knowledge_scraper.pipelines] INFO: Validation: set field to null - PublicationItem - validate_and_null: provided key "publisher" is not in item -> identifier: "6d734c02-4d6e-50f2-9c02-7008a619d795"; title: "Conceptual framework of competences in real estate sales"; scientist_id: "4f4bb4a5-b9fa-5cc2-8749-00b069d5303e";
2025-01-05 12:18:23 [knowledge_scraper.pipelines] INFO: Validation: set field to null - PublicationItem - validate_and_null: provided key "publisher" is not in item -> identifier: "132b13b7-f89c-5423-a37f-8fb9f4223bec"; title: "Micro-jet cooling by compressed air after MAG welding"; scientist_id: "c732b3e0-821b-5142-8c2c-cda43133c045";
2025-01-05 12:18:24 [knowledge_scraper.pipelines] INFO: Validation: set field to null - PublicationItem - validate_and_null: provided key "publisher" is not in item -> identifier: "337a0ad3-761e-5c68-809f-fb73c5142d8c"; title: "Impact toughness of WMD after MAG welding with micro-jet cooling"; scientist_id: "c732b3e0-821b-5142-8c2c-cda43133c045";
2025-01-05 12:18:24 [knowledge_scraper.pipelines] INFO: Validation: set field to null - PublicationItem - validate_and_null: provided key "publisher" is not in item -> identifier: "841532e4-529d-56c5-b13b-930a616eba04"; title: "Electrodes with various amount of nickel for truck frame repairs"; scientist_id: "c732b3e0-821b-5142-8c2c-cda43133c045";
2025-01-05 12:18:25 [knowledge_scraper.pipelines] INFO: Validation: set field to null - PublicationItem - validate_and_null: provided key "publisher" is not in item -> identifier: "1181119f-36ba-595d-952e-57fb368b2aee"; title: "Compressive strength of steel frames after welding with micro-jet cooling"; scientist_id: "c732b3e0-821b-5142-8c2c-cda43133c045";
2025-01-05 12:18:25 [knowledge_scraper.pipelines] INFO: Validation: set field to null - PublicationItem - validate_and_null: provided key "publisher" is not in item -> identifier: "85b9609a-49cc-5e48-bbb4-2928ae06588e"; title: "Badania termowizyjne obciążonego stawu biodrowego"; scientist_id: "c732b3e0-821b-5142-8c2c-cda43133c045";
2025-01-05 12:18:25 [knowledge_scraper.pipelines] INFO: Validation: set field to null - PublicationItem - validate_and_null: provided key "publisher" is not in item -> identifier: "c88c1ca3-82a7-590a-b37a-757de2c892ad"; title: "An effect of strain rate on energy absorption during tensile testing of paper"; scientist_id: "c732b3e0-821b-5142-8c2c-cda43133c045";
2025-01-05 12:18:26 [knowledge_scraper.pipelines] INFO: Validation: set field to null - PublicationItem - validate_and_null: provided key "journal" is not in item -> identifier: "db353dd9-bd13-55a7-8f9c-64aa91d74833"; title: "Innowacyjność procesowa i produktowa w spawaniu wielkogabarytowych konstrukcji stalowych - ram opadowych"; scientist_id: "c732b3e0-821b-5142-8c2c-cda43133c045";
2025-01-05 12:18:26 [knowledge_scraper.pipelines] INFO: Validation: set field to null - PublicationItem - validate_and_null: provided key "publisher" is not in item -> identifier: "db353dd9-bd13-55a7-8f9c-64aa91d74833"; title: "Innowacyjność procesowa i produktowa w spawaniu wielkogabarytowych konstrukcji stalowych - ram opadowych"; scientist_id: "c732b3e0-821b-5142-8c2c-cda43133c045";
2025-01-05 12:18:26 [knowledge_scraper.pipelines] INFO: Validation: set field to null - PublicationItem - validate_and_null: provided key "publisher" is not in item -> identifier: "153dedd3-3efc-5fe6-941c-92774a32fbc0"; title: "Mechanical properties of truck frame welding after welding with micro-jet cooling"; scientist_id: "c732b3e0-821b-5142-8c2c-cda43133c045";
2025-01-05 12:18:27 [knowledge_scraper.pipelines] INFO: Validation: set field to null - PublicationItem - validate_and_null: provided key "publisher" is not in item -> identifier: "dc81a1ac-f4a3-575c-b874-0fccf37de304"; title: "Low alloy steel structures after welding with micro-jet cooling"; scientist_id: "c732b3e0-821b-5142-8c2c-cda43133c045";
2025-01-05 12:18:27 [knowledge_scraper.pipelines] INFO: Validation: set field to null - PublicationItem - validate_and_null: provided key "publisher" is not in item -> identifier: "3ea02de7-aba0-57a2-b834-6348e620ad77"; title: "New Technological Concept for Thermal Spray Protective Coatings"; scientist_id: "c732b3e0-821b-5142-8c2c-cda43133c045";
2025-01-05 12:18:28 [knowledge_scraper.pipelines] INFO: Validation: set field to null - PublicationItem - validate_and_null: provided key "publisher" is not in item -> identifier: "7215794d-6c1b-5a25-afa1-658ecbda725d"; title: "Laser welding with micro-jet cooling for truck frame welding"; scientist_id: "c732b3e0-821b-5142-8c2c-cda43133c045";
2025-01-05 12:18:28 [knowledge_scraper.pipelines] INFO: Validation: set field to null - PublicationItem - validate_and_null: provided key "publisher" is not in item -> identifier: "53ca0055-9324-5549-8e11-1620090c499a"; title: "Laser Welding of New Grade of Advanced High Strength Steel STRENX 1100 MC"; scientist_id: "c732b3e0-821b-5142-8c2c-cda43133c045";
2025-01-05 12:18:29 [knowledge_scraper.pipelines] INFO: Validation: set field to null - PublicationItem - validate_and_null: provided key "publisher" is not in item -> identifier: "314b06ba-99ab-5e30-b411-0b747e002514"; title: "Impact Toughness of Steel WMD after TIG Welding"; scientist_id: "c732b3e0-821b-5142-8c2c-cda43133c045";
2025-01-05 12:18:29 [knowledge_scraper.pipelines] INFO: Validation: set field to null - PublicationItem - validate_and_null: provided key "journal" is not in item -> identifier: "a8fe7541-fc5d-58e0-ae79-e1771b318af7"; title: "Innowacyjność procesowa w spawaniu laserowym z wykorzystaniem technologii chłodzenia mikro-jet"; scientist_id: "c732b3e0-821b-5142-8c2c-cda43133c045";
2025-01-05 12:18:29 [knowledge_scraper.pipelines] INFO: Validation: set field to null - PublicationItem - validate_and_null: provided key "publisher" is not in item -> identifier: "a8fe7541-fc5d-58e0-ae79-e1771b318af7"; title: "Innowacyjność procesowa w spawaniu laserowym z wykorzystaniem technologii chłodzenia mikro-jet"; scientist_id: "c732b3e0-821b-5142-8c2c-cda43133c045";
2025-01-05 12:18:30 [knowledge_scraper.pipelines] INFO: Validation: set field to null - PublicationItem - validate_and_null: provided key "publisher" is not in item -> identifier: "8a69950f-b440-5d67-9ad8-51fb8ab0bb4a"; title: "Mathemathical Equations of the Influence of Molybdenum and Nitrogen in Welds"; scientist_id: "c732b3e0-821b-5142-8c2c-cda43133c045";
2025-01-05 12:18:30 [knowledge_scraper.pipelines] INFO: Validation: set field to null - PublicationItem - validate_and_null: provided key "publisher" is not in item -> identifier: "5bec9435-6245-5efb-b7b8-071d8121ee5c"; title: "Metoda hybrydowa jako innowacyjne rozwiązanie nanoszenia powłok ochronnych"; scientist_id: "c732b3e0-821b-5142-8c2c-cda43133c045";
2025-01-05 12:18:30 [knowledge_scraper.pipelines] INFO: Validation: set field to null - PublicationItem - validate_and_null: provided key "publisher" is not in item -> identifier: "a784cd01-a639-5038-819d-b0b8f21fbb84"; title: "Numerical analysis of contact plastic bodies made by aluminium alloy with taking account of micro-roughness surfaces"; scientist_id: "c732b3e0-821b-5142-8c2c-cda43133c045";
2025-01-05 12:18:31 [knowledge_scraper.pipelines] INFO: Validation: set field to null - PublicationItem - validate_and_null: provided key "journal" is not in item -> identifier: "a19cf08c-0d26-549a-9eb5-d60f2c0e16dc"; title: "Influence of the sliding velocity on the intensity of generation of airborne wear particles of polymeric materials"; scientist_id: "c732b3e0-821b-5142-8c2c-cda43133c045";
2025-01-05 12:18:31 [knowledge_scraper.pipelines] INFO: Validation: set field to null - PublicationItem - validate_and_null: provided key "publisher" is not in item -> identifier: "a19cf08c-0d26-549a-9eb5-d60f2c0e16dc"; title: "Influence of the sliding velocity on the intensity of generation of airborne wear particles of polymeric materials"; scientist_id: "c732b3e0-821b-5142-8c2c-cda43133c045";
2025-01-05 12:18:31 [knowledge_scraper.pipelines] INFO: Validation: set field to null - PublicationItem - validate_and_null: provided key "journal" is not in item -> identifier: "36a2cf3e-377b-5a81-866f-feb4ebf91451"; title: "Emission of airborne wear particles from an intermetal Fe3A1 and stellite 6 sliding on steel"; scientist_id: "c732b3e0-821b-5142-8c2c-cda43133c045";
2025-01-05 12:18:31 [knowledge_scraper.pipelines] INFO: Validation: set field to null - PublicationItem - validate_and_null: provided key "publisher" is not in item -> identifier: "36a2cf3e-377b-5a81-866f-feb4ebf91451"; title: "Emission of airborne wear particles from an intermetal Fe3A1 and stellite 6 sliding on steel"; scientist_id: "c732b3e0-821b-5142-8c2c-cda43133c045";
2025-01-05 12:18:32 [knowledge_scraper.pipelines] INFO: Validation: set field to null - PublicationItem - validate_and_null: provided key "journal" is not in item -> identifier: "74ac3aac-dabc-50d8-8004-21cfdadb74d1"; title: "Welding of S690QL steel in the automotive industry"; scientist_id: "c732b3e0-821b-5142-8c2c-cda43133c045";
2025-01-05 12:18:32 [knowledge_scraper.pipelines] INFO: Validation: set field to null - PublicationItem - validate_and_null: provided key "publisher" is not in item -> identifier: "74ac3aac-dabc-50d8-8004-21cfdadb74d1"; title: "Welding of S690QL steel in the automotive industry"; scientist_id: "c732b3e0-821b-5142-8c2c-cda43133c045";
2025-01-05 12:18:32 [knowledge_scraper.pipelines] INFO: Validation: set field to null - PublicationItem - validate_and_null: provided key "journal" is not in item -> identifier: "256415b6-4ef9-5c16-98c6-fa4f8b7c3d84"; title: "Perspektywy i kierunki rozwoju budownictwa drogowego w Polsce na podstawie badań foresightowych"; scientist_id: "bbc9f839-3707-5d18-8162-c787c106138e";
2025-01-05 12:18:32 [knowledge_scraper.pipelines] INFO: Validation: set field to null - PublicationItem - validate_and_null: provided key "publisher" is not in item -> identifier: "c852443b-aec2-51ca-b2fe-97f903040be5"; title: "Multidimensional Statistical Analysis of An Influence of a Business Model on a Financial Condition in Transportation - Forwarding -Logistics (Tfl) Sector Enterprises"; scientist_id: "bbc9f839-3707-5d18-8162-c787c106138e";
2025-01-05 12:18:33 [knowledge_scraper.pipelines] INFO: Validation: set field to null - PublicationItem - validate_and_null: provided key "publisher" is not in item -> identifier: "d57ba501-3206-5734-b690-2a7a7bd303ae"; title: "E-logistics as an Element of the Business Model Maturity in Enterprises of the TFL Sector"; scientist_id: "bbc9f839-3707-5d18-8162-c787c106138e";
2025-01-05 12:18:33 [knowledge_scraper.pipelines] INFO: Validation: set field to null - PublicationItem - validate_and_null: provided key "publisher" is not in item -> identifier: "84f9fa04-7e27-5298-951c-cdd9182c862f"; title: "Wykorzystanie materiałów z recyklingu w budownictwie drogowym"; scientist_id: "bbc9f839-3707-5d18-8162-c787c106138e";
2025-01-05 12:18:33 [knowledge_scraper.pipelines] INFO: Validation: set field to null - PublicationItem - validate_and_null: provided key "publisher" is not in item -> identifier: "954236b3-99a5-5cb8-b94b-fe2aa00a1caa"; title: "E-services in business models of enterprises in the logistics sector"; scientist_id: "bbc9f839-3707-5d18-8162-c787c106138e";
2025-01-05 12:18:34 [knowledge_scraper.pipelines] INFO: Validation: set field to null - PublicationItem - validate_and_null: provided key "journal" is not in item -> identifier: "fdde0a29-abb7-5f07-a369-06723e0369c7"; title: "Scientific research and the condition of knowledge regarding business models - systematic literature revive"; scientist_id: "bbc9f839-3707-5d18-8162-c787c106138e";
2025-01-05 12:18:34 [knowledge_scraper.pipelines] INFO: Validation: set field to null - PublicationItem - validate_and_null: provided key "publisher" is not in item -> identifier: "fdde0a29-abb7-5f07-a369-06723e0369c7"; title: "Scientific research and the condition of knowledge regarding business models - systematic literature revive"; scientist_id: "bbc9f839-3707-5d18-8162-c787c106138e";
2025-01-05 12:18:34 [knowledge_scraper.pipelines] INFO: Validation: set field to null - PublicationItem - validate_and_null: provided key "journal" is not in item -> identifier: "5c1b5c46-5bf3-5f6d-ae23-8f581536abf4"; title: "Multidimensional Statistical Analysis of An Influence of a Business Model on a Financial Condition in Transportation - Forwarding -Logistics (Tfl) Sector Enterprises"; scientist_id: "bbc9f839-3707-5d18-8162-c787c106138e";
2025-01-05 12:18:34 [knowledge_scraper.pipelines] INFO: Validation: set field to null - PublicationItem - validate_and_null: provided key "publisher" is not in item -> identifier: "5c1b5c46-5bf3-5f6d-ae23-8f581536abf4"; title: "Multidimensional Statistical Analysis of An Influence of a Business Model on a Financial Condition in Transportation - Forwarding -Logistics (Tfl) Sector Enterprises"; scientist_id: "bbc9f839-3707-5d18-8162-c787c106138e";
2025-01-05 12:18:35 [knowledge_scraper.pipelines] INFO: Validation: set field to null - PublicationItem - validate_and_null: provided key "journal" is not in item -> identifier: "e4add0fb-a743-5eb5-ac0f-e3dd5d440430"; title: "Potrzeby pracodawców w zakresie wsparcia w kształceniu ustawicznym w zawodach deficytowych w województwie podlaskim"; scientist_id: "bbc9f839-3707-5d18-8162-c787c106138e";
2025-01-05 12:18:35 [knowledge_scraper.pipelines] INFO: Validation: set field to null - PublicationItem - validate_and_null: provided key "journal" is not in item -> identifier: "ceac0606-77af-5723-84e0-cfa38a7d0bfa"; title: "Przyczyny zróżnicowania powiatowych rynków pracy województwa podlaskiego"; scientist_id: "bbc9f839-3707-5d18-8162-c787c106138e";
2025-01-05 12:18:36 [knowledge_scraper.pipelines] INFO: Validation: set field to null - PublicationItem - validate_and_null: provided key "publisher" is not in item -> identifier: "5026f332-6a41-54f0-8b1c-755322db3c4e"; title: "Benefits and Drawbacks of Coopetition : The Roles of Scope and Durability in Coopetitive Relationships"; scientist_id: "bbc9f839-3707-5d18-8162-c787c106138e";
2025-01-05 12:18:36 [knowledge_scraper.pipelines] INFO: Validation: set field to null - PublicationItem - validate_and_null: provided key "journal" is not in item -> identifier: "f6623f97-a27a-5597-9abf-3310a46a34c8"; title: "A proposal for using the multidimensional statistical analysis and fuzzy set qualitative comparative analysis in the assessment of business models"; scientist_id: "bbc9f839-3707-5d18-8162-c787c106138e";
2025-01-05 12:18:36 [knowledge_scraper.pipelines] INFO: Validation: set field to null - PublicationItem - validate_and_null: provided key "publisher" is not in item -> identifier: "f6623f97-a27a-5597-9abf-3310a46a34c8"; title: "A proposal for using the multidimensional statistical analysis and fuzzy set qualitative comparative analysis in the assessment of business models"; scientist_id: "bbc9f839-3707-5d18-8162-c787c106138e";
2025-01-05 12:18:37 [knowledge_scraper.pipelines] INFO: Validation: set field to null - PublicationItem - validate_and_null: provided key "journal" is not in item -> identifier: "a3f2f57d-3b55-5f67-bed0-e58e47a198e6"; title: "The Application of Cluster Analysis in the Selection of Key Competences of Future-Oriented Entrepreneurs"; scientist_id: "bbc9f839-3707-5d18-8162-c787c106138e";
2025-01-05 12:18:37 [knowledge_scraper.pipelines] INFO: Validation: set field to null - PublicationItem - validate_and_null: provided key "publisher" is not in item -> identifier: "a3f2f57d-3b55-5f67-bed0-e58e47a198e6"; title: "The Application of Cluster Analysis in the Selection of Key Competences of Future-Oriented Entrepreneurs"; scientist_id: "bbc9f839-3707-5d18-8162-c787c106138e";
2025-01-05 12:18:37 [knowledge_scraper.pipelines] INFO: Validation: set field to null - PublicationItem - validate_and_null: provided key "journal" is not in item -> identifier: "3f4f4aaf-5828-59fd-a5ce-7e5f0c500f94"; title: "Differentiation of the regional attractiveness for gaining talents in the context of place branding theory"; scientist_id: "bbc9f839-3707-5d18-8162-c787c106138e";
2025-01-05 12:18:37 [knowledge_scraper.pipelines] INFO: Validation: set field to null - PublicationItem - validate_and_null: provided key "publisher" is not in item -> identifier: "3f4f4aaf-5828-59fd-a5ce-7e5f0c500f94"; title: "Differentiation of the regional attractiveness for gaining talents in the context of place branding theory"; scientist_id: "bbc9f839-3707-5d18-8162-c787c106138e";
2025-01-05 12:18:38 [knowledge_scraper.pipelines] INFO: Validation: set field to null - PublicationItem - validate_and_null: provided key "publisher" is not in item -> identifier: "e99bb2dd-ec86-54b7-98b4-2caa31b65714"; title: "The Application of Cluster Analysis for the Selection of Key Competences of Future-Oriented Entrepreneurs"; scientist_id: "bbc9f839-3707-5d18-8162-c787c106138e";
2025-01-05 12:18:38 [knowledge_scraper.pipelines] INFO: Validation: set field to null - PublicationItem - validate_and_null: provided key "journal" is not in item -> identifier: "205224cd-ed40-5cfc-a22c-c7e39b1b2d12"; title: "Uwarunkowania ucyfrowienia procesów produkcji i wzrostu kompetencji cyfrowych społeczeństwa"; scientist_id: "bbc9f839-3707-5d18-8162-c787c106138e";
2025-01-05 12:18:39 [knowledge_scraper.pipelines] INFO: Validation: set field to null - PublicationItem - validate_and_null: provided key "publisher" is not in item -> identifier: "a27e8acc-d0e8-5ce2-a66f-fd62d18f68e2"; title: "The Problem of Labour Resources as a Development Barrier to the Polish Economy – the Application of the Delphi Method"; scientist_id: "bbc9f839-3707-5d18-8162-c787c106138e";
2025-01-05 12:18:39 [knowledge_scraper.pipelines] INFO: Validation: set field to null - PublicationItem - validate_and_null: provided key "publisher" is not in item -> identifier: "1ac2ef0f-5372-5d55-a8ec-d00465440940"; title: "Differentiation of regional attractiveness for gaining talents in the context of place branding theory"; scientist_id: "bbc9f839-3707-5d18-8162-c787c106138e";
2025-01-05 12:18:40 [knowledge_scraper.pipelines] INFO: Validation: set field to null - PublicationItem - validate_and_null: provided key "publisher" is not in item -> identifier: "65fe0201-327d-524f-864a-05bf60d2a510"; title: "The Analysis of Public Funds Utilization Efficiency for Climate Neutrality in the European Union Countries"; scientist_id: "bbc9f839-3707-5d18-8162-c787c106138e";
2025-01-05 12:18:40 [knowledge_scraper.pipelines] INFO: Validation: set field to null - PublicationItem - validate_and_null: provided key "publisher" is not in item -> identifier: "b4f66d8a-f151-5522-a77c-a5338f8047bd"; title: "Labor Market Slack intheEU during the COVID–19Crisis"; scientist_id: "bbc9f839-3707-5d18-8162-c787c106138e";
2025-01-05 12:18:40 [knowledge_scraper.pipelines] INFO: Validation: set field to null - PublicationItem - validate_and_null: provided key "publisher" is not in item -> identifier: "ff365612-d132-58c5-80b3-701c05e10e91"; title: "Changes in recruitment plans of Polish enterprises caused by the outbreak of war in Ukraine"; scientist_id: "bbc9f839-3707-5d18-8162-c787c106138e";
2025-01-05 12:18:41 [knowledge_scraper.pipelines] INFO: Validation: set field to null - PublicationItem - validate_and_null: provided key "publisher" is not in item -> identifier: "8c2be1f3-2e1b-5c13-837b-933ad33b54c0"; title: "Koncepcja aktywnej bariery optycznej"; scientist_id: "e0815074-0751-53d3-86df-68e7114ef5ab";
2025-01-05 12:18:41 [knowledge_scraper.pipelines] INFO: Validation: set field to null - PublicationItem - validate_and_null: provided key "publisher" is not in item -> identifier: "117d6675-4a3f-5054-a894-cede6a986877"; title: "Badania aktywnej bariery optycznej"; scientist_id: "e0815074-0751-53d3-86df-68e7114ef5ab";
2025-01-05 12:18:42 [knowledge_scraper.pipelines] INFO: Validation: set field to null - PublicationItem - validate_and_null: provided key "publisher" is not in item -> identifier: "ccb56cbf-f394-5141-bdf6-227bc743ea67"; title: "Selected metrology problems implied by the application of led technology in lighting"; scientist_id: "e0815074-0751-53d3-86df-68e7114ef5ab";
2025-01-05 12:18:42 [knowledge_scraper.pipelines] INFO: Validation: set field to null - PublicationItem - validate_and_null: provided key "publisher" is not in item -> identifier: "e0c74194-05c8-5f18-bdd8-3e252b043daf"; title: "Badanie wpływu sposobu zasilania na wybrane parametry optyczne zestawu diod elektroluminescencyjnych"; scientist_id: "e0815074-0751-53d3-86df-68e7114ef5ab";
2025-01-05 12:18:43 [knowledge_scraper.pipelines] INFO: Validation: set field to null - PublicationItem - validate_and_null: provided key "journal" is not in item -> identifier: "1bcb8027-1d59-5f42-84a1-d9957dbd1ae1"; title: "Światłowody szkło-ceramiczne domieszkowe jonami lantanowców"; scientist_id: "e0815074-0751-53d3-86df-68e7114ef5ab";
2025-01-05 12:18:43 [knowledge_scraper.pipelines] INFO: Validation: set field to null - PublicationItem - validate_and_null: provided key "publisher" is not in item -> identifier: "1bcb8027-1d59-5f42-84a1-d9957dbd1ae1"; title: "Światłowody szkło-ceramiczne domieszkowe jonami lantanowców"; scientist_id: "e0815074-0751-53d3-86df-68e7114ef5ab";
2025-01-05 12:18:43 [knowledge_scraper.pipelines] INFO: Validation: set field to null - PublicationItem - validate_and_null: provided key "journal" is not in item -> identifier: "4ce37bd8-d9da-5243-8856-99b930e93214"; title: "Światłowody germanowe ko-domieszkowane jonami Yb3+/Tm3+/Ho3+"; scientist_id: "e0815074-0751-53d3-86df-68e7114ef5ab";
2025-01-05 12:18:43 [knowledge_scraper.pipelines] INFO: Validation: set field to null - PublicationItem - validate_and_null: provided key "publisher" is not in item -> identifier: "4ce37bd8-d9da-5243-8856-99b930e93214"; title: "Światłowody germanowe ko-domieszkowane jonami Yb3+/Tm3+/Ho3+"; scientist_id: "e0815074-0751-53d3-86df-68e7114ef5ab";
2025-01-05 12:18:44 [knowledge_scraper.pipelines] INFO: Validation: set field to null - PublicationItem - validate_and_null: provided key "journal" is not in item -> identifier: "04452efd-ca9d-519f-9b57-482fa8a2e4ab"; title: "Lasery półprzewodnikowe vs diody LED w diagnostyce i terapii medycznej"; scientist_id: "e0815074-0751-53d3-86df-68e7114ef5ab";
2025-01-05 12:18:44 [knowledge_scraper.pipelines] INFO: Validation: set field to null - PublicationItem - validate_and_null: provided key "publisher" is not in item -> identifier: "04452efd-ca9d-519f-9b57-482fa8a2e4ab"; title: "Lasery półprzewodnikowe vs diody LED w diagnostyce i terapii medycznej"; scientist_id: "e0815074-0751-53d3-86df-68e7114ef5ab";
2025-01-05 12:18:44 [knowledge_scraper.pipelines] INFO: Validation: set field to null - PublicationItem - validate_and_null: provided key "journal" is not in item -> identifier: "a9cc2451-6dab-519d-ae6a-e2366c3a8946"; title: "Wybrane problemy metrologiczne implikowane stosowaniem technologii LED w oświetleniu"; scientist_id: "e0815074-0751-53d3-86df-68e7114ef5ab";
2025-01-05 12:18:44 [knowledge_scraper.pipelines] INFO: Validation: set field to null - PublicationItem - validate_and_null: provided key "publisher" is not in item -> identifier: "a9cc2451-6dab-519d-ae6a-e2366c3a8946"; title: "Wybrane problemy metrologiczne implikowane stosowaniem technologii LED w oświetleniu"; scientist_id: "e0815074-0751-53d3-86df-68e7114ef5ab";
2025-01-05 12:18:45 [knowledge_scraper.pipelines] INFO: Validation: set field to null - PublicationItem - validate_and_null: provided key "publisher" is not in item -> identifier: "11daea98-b72b-52ba-bccd-24fea199cbce"; title: "Tunable white light source for medical applications"; scientist_id: "e0815074-0751-53d3-86df-68e7114ef5ab";
2025-01-05 12:18:45 [knowledge_scraper.pipelines] INFO: Validation: set field to null - PublicationItem - validate_and_null: provided key "journal" is not in item -> identifier: "07d87d0c-837c-51f2-bc73-14202f545d52"; title: "Comparative analysis of luminescent properties of Nd3+/Yb3+ codoped optical fibers"; scientist_id: "e0815074-0751-53d3-86df-68e7114ef5ab";
2025-01-05 12:18:45 [knowledge_scraper.pipelines] INFO: Validation: set field to null - PublicationItem - validate_and_null: provided key "publisher" is not in item -> identifier: "07d87d0c-837c-51f2-bc73-14202f545d52"; title: "Comparative analysis of luminescent properties of Nd3+/Yb3+ codoped optical fibers"; scientist_id: "e0815074-0751-53d3-86df-68e7114ef5ab";
2025-01-05 12:18:46 [knowledge_scraper.pipelines] INFO: Validation: set field to null - PublicationItem - validate_and_null: provided key "journal" is not in item -> identifier: "63dd9716-5ed8-5861-ab30-455777c2be45"; title: "Low Level Light Therapy Set and its Selected Applications"; scientist_id: "e0815074-0751-53d3-86df-68e7114ef5ab";
2025-01-05 12:18:46 [knowledge_scraper.pipelines] INFO: Validation: set field to null - PublicationItem - validate_and_null: provided key "publisher" is not in item -> identifier: "63dd9716-5ed8-5861-ab30-455777c2be45"; title: "Low Level Light Therapy Set and its Selected Applications"; scientist_id: "e0815074-0751-53d3-86df-68e7114ef5ab";
2025-01-05 12:18:46 [knowledge_scraper.pipelines] INFO: Validation: set field to null - PublicationItem - validate_and_null: provided key "journal" is not in item -> identifier: "a5821009-7d3b-56ed-9a32-2aa2aaa4ef96"; title: "Stan nauczania metrologii i przedmiotów pokrewnych na wyższych uczelniach technicznych w Polsce : ekspertyza"; scientist_id: "e0815074-0751-53d3-86df-68e7114ef5ab";
2025-01-05 12:18:47 [knowledge_scraper.pipelines] INFO: Validation: set field to null - PublicationItem - validate_and_null: provided key "journal" is not in item -> identifier: "918a0b6f-e0b5-5ad9-a3a5-ee963e4baea0"; title: "Samoorganizujące się nanocząstki Au i Ag na powierzchni włókien szklanych dedykowane do czujników SERS"; scientist_id: "e0815074-0751-53d3-86df-68e7114ef5ab";
2025-01-05 12:18:47 [knowledge_scraper.pipelines] INFO: Validation: set field to null - PublicationItem - validate_and_null: provided key "publisher" is not in item -> identifier: "918a0b6f-e0b5-5ad9-a3a5-ee963e4baea0"; title: "Samoorganizujące się nanocząstki Au i Ag na powierzchni włókien szklanych dedykowane do czujników SERS"; scientist_id: "e0815074-0751-53d3-86df-68e7114ef5ab";
2025-01-05 12:18:48 [knowledge_scraper.pipelines] INFO: Validation: set field to null - PublicationItem - validate_and_null: provided key "journal" is not in item -> identifier: "4eb8af38-910b-523c-94de-6474dd9edba4"; title: "Transfer energii w światłowodach polimerowych współdomieszkowanych związkami luminescencyjnymi"; scientist_id: "e0815074-0751-53d3-86df-68e7114ef5ab";
2025-01-05 12:18:48 [knowledge_scraper.pipelines] INFO: Validation: set field to null - PublicationItem - validate_and_null: provided key "publisher" is not in item -> identifier: "4eb8af38-910b-523c-94de-6474dd9edba4"; title: "Transfer energii w światłowodach polimerowych współdomieszkowanych związkami luminescencyjnymi"; scientist_id: "e0815074-0751-53d3-86df-68e7114ef5ab";
2025-01-05 12:18:48 [knowledge_scraper.pipelines] INFO: Validation: set field to null - PublicationItem - validate_and_null: provided key "journal" is not in item -> identifier: "be49f5a2-90f8-5a7f-9c3f-b84744a9ea6d"; title: "Właściwości spektroskopowe szkieł i światłowodów współdomieszkowanych jonami pierwiastków ziem rzadkich"; scientist_id: "e0815074-0751-53d3-86df-68e7114ef5ab";
2025-01-05 12:18:48 [knowledge_scraper.pipelines] INFO: Validation: set field to null - PublicationItem - validate_and_null: provided key "publisher" is not in item -> identifier: "be49f5a2-90f8-5a7f-9c3f-b84744a9ea6d"; title: "Właściwości spektroskopowe szkieł i światłowodów współdomieszkowanych jonami pierwiastków ziem rzadkich"; scientist_id: "e0815074-0751-53d3-86df-68e7114ef5ab";
2025-01-05 12:18:48 [knowledge_scraper.pipelines] INFO: Validation: set field to null - PublicationItem - validate_and_null: provided key "journal" is not in item -> identifier: "2df7ec0b-bff6-5945-98e0-ca87eb87f06c"; title: "Wybrane zagadnienia projektowania i oceny jakości urządzeń oświetleniowych ze źródłami półprzewodnikowymi"; scientist_id: "e0815074-0751-53d3-86df-68e7114ef5ab";
2025-01-05 12:18:48 [knowledge_scraper.pipelines] INFO: Validation: set field to null - PublicationItem - validate_and_null: provided key "publisher" is not in item -> identifier: "2df7ec0b-bff6-5945-98e0-ca87eb87f06c"; title: "Wybrane zagadnienia projektowania i oceny jakości urządzeń oświetleniowych ze źródłami półprzewodnikowymi"; scientist_id: "e0815074-0751-53d3-86df-68e7114ef5ab";
2025-01-05 12:18:49 [knowledge_scraper.pipelines] INFO: Validation: set field to null - PublicationItem - validate_and_null: provided key "publisher" is not in item -> identifier: "0afbf7ce-f755-57a2-b50c-3864fd36c6b3"; title: "Characterization of multi-emitter tuneable LED source for endoscopic applications"; scientist_id: "e0815074-0751-53d3-86df-68e7114ef5ab";
2025-01-05 12:18:50 [knowledge_scraper.pipelines] INFO: Validation: set field to null - PublicationItem - validate_and_null: provided key "journal" is not in item -> identifier: "d2a9f6fd-4eac-52c6-8b6b-da2d2a745e45"; title: "Visualisation of biological tissues with the use of LED source illumination"; scientist_id: "e0815074-0751-53d3-86df-68e7114ef5ab";
2025-01-05 12:18:50 [knowledge_scraper.pipelines] INFO: Validation: set field to null - PublicationItem - validate_and_null: provided key "publisher" is not in item -> identifier: "d2a9f6fd-4eac-52c6-8b6b-da2d2a745e45"; title: "Visualisation of biological tissues with the use of LED source illumination"; scientist_id: "e0815074-0751-53d3-86df-68e7114ef5ab";
2025-01-05 12:18:50 [knowledge_scraper.pipelines] INFO: Validation: set field to null - PublicationItem - validate_and_null: provided key "journal" is not in item -> identifier: "9bd2b8fb-883e-56bc-b249-29c0bb11eea3"; title: "Colorimetric characterization of the tunable LED-based light source at the output of the homogenizing rod"; scientist_id: "e0815074-0751-53d3-86df-68e7114ef5ab";
2025-01-05 12:18:50 [knowledge_scraper.pipelines] INFO: Validation: set field to null - PublicationItem - validate_and_null: provided key "publisher" is not in item -> identifier: "9bd2b8fb-883e-56bc-b249-29c0bb11eea3"; title: "Colorimetric characterization of the tunable LED-based light source at the output of the homogenizing rod"; scientist_id: "e0815074-0751-53d3-86df-68e7114ef5ab";
2025-01-05 12:18:51 [knowledge_scraper.pipelines] INFO: Validation: set field to null - PublicationItem - validate_and_null: provided key "publisher" is not in item -> identifier: "83fcd6a9-be7f-51a3-a9f4-3301d00a3100"; title: "IAQ in Conference Room whit Surveys"; scientist_id: "f0193dbc-46b6-55ca-87f3-9557acb59dd4";
2025-01-05 12:18:51 [knowledge_scraper.pipelines] INFO: Validation: set field to null - PublicationItem - validate_and_null: provided key "publisher" is not in item -> identifier: "18b8e023-4afb-5656-a903-82c57d10ba19"; title: "[Retraction published on 12 August 2021] Simulation and Analysis of Various Ventilation Systems Given in an Example in the Same School of Indoor Air Quality"; scientist_id: "f0193dbc-46b6-55ca-87f3-9557acb59dd4";
2025-01-05 12:18:52 [knowledge_scraper.pipelines] INFO: Validation: set field to null - PublicationItem - validate_and_null: provided key "publisher" is not in item -> identifier: "1fbb8e8c-3b8f-57e6-a475-d0d02fb54a19"; title: "Carbon Dioxide Emissions during Air, Ground, or Groundwater Heat Pump Performance in Białystok"; scientist_id: "f0193dbc-46b6-55ca-87f3-9557acb59dd4";
2025-01-05 12:18:52 [knowledge_scraper.pipelines] INFO: Validation: set field to null - PublicationItem - validate_and_null: provided key "journal" is not in item -> identifier: "69f2436a-f3e2-51e8-b268-7af094f82e9d"; title: "Smoke extraction garages "; scientist_id: "f0193dbc-46b6-55ca-87f3-9557acb59dd4";
2025-01-05 12:18:52 [knowledge_scraper.pipelines] INFO: Validation: set field to null - PublicationItem - validate_and_null: provided key "publisher" is not in item -> identifier: "69f2436a-f3e2-51e8-b268-7af094f82e9d"; title: "Smoke extraction garages "; scientist_id: "f0193dbc-46b6-55ca-87f3-9557acb59dd4";
2025-01-05 12:18:53 [knowledge_scraper.pipelines] INFO: Validation: set field to null - PublicationItem - validate_and_null: provided key "publisher" is not in item -> identifier: "57ef1e1d-fffe-57a9-853e-2ea5487f6b29"; title: "Regression Model of PM2.5 Concentration in a Single-Family House"; scientist_id: "f0193dbc-46b6-55ca-87f3-9557acb59dd4";
2025-01-05 12:18:53 [knowledge_scraper.pipelines] INFO: Validation: set field to null - PublicationItem - validate_and_null: provided key "publisher" is not in item -> identifier: "f18c7243-1bbb-533e-8722-f6b44ddc4945"; title: "Regression Linear Model of Air Pollution Emission on the Example of a Waste Incineration Plant"; scientist_id: "f0193dbc-46b6-55ca-87f3-9557acb59dd4";
2025-01-05 12:18:53 [knowledge_scraper.pipelines] INFO: Validation: set field to null - PublicationItem - validate_and_null: provided key "publisher" is not in item -> identifier: "070d6266-7114-5d45-a179-2752a69c0562"; title: "Characteristics of humidity in classrooms with stack ventilation and development of calculation models of humidity based on the experiment"; scientist_id: "f0193dbc-46b6-55ca-87f3-9557acb59dd4";
2025-01-05 12:18:54 [knowledge_scraper.pipelines] INFO: Validation: set field to null - PublicationItem - validate_and_null: provided key "publisher" is not in item -> identifier: "b56bc9c6-62bc-5e7c-bb2f-a4494d60562d"; title: "Thermal Comfort Evaluation Using Linear Discriminant Analysis (LDA) and Artificial Neural Networks (ANNs)"; scientist_id: "f0193dbc-46b6-55ca-87f3-9557acb59dd4";
2025-01-05 12:18:54 [knowledge_scraper.pipelines] INFO: Validation: set field to null - PublicationItem - validate_and_null: provided key "publisher" is not in item -> identifier: "2da3a370-9e81-5944-976c-918f2d545a5a"; title: "Modeling of Humidity in Passenger Cars Equipped with Mechanical Ventilation"; scientist_id: "f0193dbc-46b6-55ca-87f3-9557acb59dd4";
2025-01-05 12:18:54 [knowledge_scraper.pipelines] INFO: Validation: set field to null - PublicationItem - validate_and_null: provided key "publisher" is not in item -> identifier: "eb39c003-d29f-51a0-836c-c5928f35fb4b"; title: "Improving the Effectiveness of Stack Ventilation by Supplying an Outdoor Air Stream"; scientist_id: "f0193dbc-46b6-55ca-87f3-9557acb59dd4";
2025-01-05 12:18:55 [knowledge_scraper.pipelines] INFO: Validation: set field to null - PublicationItem - validate_and_null: provided key "publisher" is not in item -> identifier: "21fc5b88-ddb6-56f1-8839-ad438e8e99a6"; title: "3D Correlation IAQ in a Conference Room"; scientist_id: "f0193dbc-46b6-55ca-87f3-9557acb59dd4";
2025-01-05 12:18:55 [knowledge_scraper.pipelines] INFO: Validation: set field to null - PublicationItem - validate_and_null: provided key "journal" is not in item -> identifier: "2a732a3e-c88b-54b8-8f3b-84961171dc42"; title: "Humidity, temperature and noise in conference rooms"; scientist_id: "f0193dbc-46b6-55ca-87f3-9557acb59dd4";
2025-01-05 12:18:55 [knowledge_scraper.pipelines] INFO: Validation: set field to null - PublicationItem - validate_and_null: provided key "publisher" is not in item -> identifier: "2a732a3e-c88b-54b8-8f3b-84961171dc42"; title: "Humidity, temperature and noise in conference rooms"; scientist_id: "f0193dbc-46b6-55ca-87f3-9557acb59dd4";
2025-01-05 12:18:56 [knowledge_scraper.pipelines] INFO: Validation: set field to null - PublicationItem - validate_and_null: provided key "journal" is not in item -> identifier: "0cc5774b-9515-55e4-bc0c-9597a1497a00"; title: "Designing installations in bim technology on the example of a ventilation system"; scientist_id: "f0193dbc-46b6-55ca-87f3-9557acb59dd4";
2025-01-05 12:18:56 [knowledge_scraper.pipelines] INFO: Validation: set field to null - PublicationItem - validate_and_null: provided key "publisher" is not in item -> identifier: "0cc5774b-9515-55e4-bc0c-9597a1497a00"; title: "Designing installations in bim technology on the example of a ventilation system"; scientist_id: "f0193dbc-46b6-55ca-87f3-9557acb59dd4";
2025-01-05 12:18:56 [knowledge_scraper.pipelines] INFO: Validation: set field to null - PublicationItem - validate_and_null: provided key "publisher" is not in item -> identifier: "08ff7eed-35b1-5ba9-a992-2be873e0b42e"; title: "Impact of COVID-19 Case Numbers on the Emission of Pollutants from a Medical Waste Incineration Plant"; scientist_id: "f0193dbc-46b6-55ca-87f3-9557acb59dd4";
2025-01-05 12:18:57 [knowledge_scraper.pipelines] INFO: Validation: set field to null - PublicationItem - validate_and_null: provided key "publisher" is not in item -> identifier: "83646c57-fce1-5b91-876e-f7a6ed212ea6"; title: "Experimental Studies of Hydraulic Losses and Carbon Dioxide Concentration in the Space Under the Face Mask Protecting Against COVID-19"; scientist_id: "f0193dbc-46b6-55ca-87f3-9557acb59dd4";
2025-01-05 12:18:57 [knowledge_scraper.pipelines] INFO: Validation: set field to null - PublicationItem - validate_and_null: provided key "publisher" is not in item -> identifier: "530f386a-a8d9-50fc-9641-9b03e2c84116"; title: "Indoor Air Quality with Particular Reference to Carbon Monoxide in the Room – A Pilot Study"; scientist_id: "f0193dbc-46b6-55ca-87f3-9557acb59dd4";
2025-01-05 12:18:58 [knowledge_scraper.pipelines] INFO: Validation: set field to null - PublicationItem - validate_and_null: provided key "publisher" is not in item -> identifier: "40db1992-ec68-5ad6-b112-35af5b5359c5"; title: "Experimental studies of carbon dioxide concentration in the space under the face mask protecting against Covid-19 – Pilot studies"; scientist_id: "f0193dbc-46b6-55ca-87f3-9557acb59dd4";
2025-01-05 12:18:58 [scrapy.extensions.logstats] INFO: Crawled 1124 pages (at 126 pages/min), scraped 1165 items (at 126 items/min)
2025-01-05 12:18:58 [knowledge_scraper.pipelines] INFO: Validation: set field to null - PublicationItem - validate_and_null: provided key "publisher" is not in item -> identifier: "7dff74b0-ca75-540c-835c-ffb45e272790"; title: "Experimental research on the humidity in a passenger car cabin equipped with an air cooling system - development of a simplified model"; scientist_id: "f0193dbc-46b6-55ca-87f3-9557acb59dd4";
2025-01-05 12:18:58 [knowledge_scraper.pipelines] INFO: Validation: set field to null - PublicationItem - validate_and_null: provided key "publisher" is not in item -> identifier: "782ec024-9392-5fd3-8672-20205c17b8aa"; title: "Analysis of Noise in Education Buildings"; scientist_id: "f0193dbc-46b6-55ca-87f3-9557acb59dd4";
2025-01-05 12:18:59 [knowledge_scraper.pipelines] INFO: Validation: set field to null - PublicationItem - validate_and_null: provided key "publisher" is not in item -> identifier: "f928e65f-d6b3-550f-9f45-11f23db8739d"; title: "Jakość powietrza w Centrum Nowoczesnego Kształcenia"; scientist_id: "f0193dbc-46b6-55ca-87f3-9557acb59dd4";
2025-01-05 12:18:59 [knowledge_scraper.pipelines] INFO: Validation: set field to null - PublicationItem - validate_and_null: provided key "journal" is not in item -> identifier: "edacc97f-e8c6-5e00-bf16-62b9ca9b9048"; title: "Social reporting as a business communication tool"; scientist_id: "ff84c0c4-e83d-5dcb-8771-eecb6d9b6071";
2025-01-05 12:18:59 [knowledge_scraper.pipelines] INFO: Validation: set field to null - PublicationItem - validate_and_null: provided key "publisher" is not in item -> identifier: "edacc97f-e8c6-5e00-bf16-62b9ca9b9048"; title: "Social reporting as a business communication tool"; scientist_id: "ff84c0c4-e83d-5dcb-8771-eecb6d9b6071";
2025-01-05 12:19:00 [knowledge_scraper.pipelines] INFO: Validation: set field to null - PublicationItem - validate_and_null: provided key "journal" is not in item -> identifier: "843145bd-c896-5ced-98ab-68c5545cd2dc"; title: "Corporate social responsibility"; scientist_id: "ff84c0c4-e83d-5dcb-8771-eecb6d9b6071";
2025-01-05 12:19:00 [knowledge_scraper.pipelines] INFO: Validation: set field to null - PublicationItem - validate_and_null: provided key "journal" is not in item -> identifier: "9131c26f-e346-5de6-a928-e15ec7325626"; title: "Corporate social responsibility in Poland"; scientist_id: "ff84c0c4-e83d-5dcb-8771-eecb6d9b6071";
2025-01-05 12:19:00 [knowledge_scraper.pipelines] INFO: Validation: set field to null - PublicationItem - validate_and_null: provided key "publisher" is not in item -> identifier: "9131c26f-e346-5de6-a928-e15ec7325626"; title: "Corporate social responsibility in Poland"; scientist_id: "ff84c0c4-e83d-5dcb-8771-eecb6d9b6071";
2025-01-05 12:19:00 [knowledge_scraper.pipelines] INFO: Validation: set field to null - PublicationItem - validate_and_null: provided key "publisher" is not in item -> identifier: "b4fb57d3-64ac-5c92-b802-9cbd8dbdfba7"; title: "Pomiar i ocena społecznie odpowiedzialnej działalności przedsiębiorstw - wyniki badań"; scientist_id: "ff84c0c4-e83d-5dcb-8771-eecb6d9b6071";
2025-01-05 12:19:01 [knowledge_scraper.pipelines] INFO: Validation: set field to null - PublicationItem - validate_and_null: provided key "publisher" is not in item -> identifier: "fe9eb7a8-4abb-5d68-8bf6-0a881586bec1"; title: "Assessment of environmental issues of corporate social responsibility by enterprises in Poland - results of empirical research"; scientist_id: "ff84c0c4-e83d-5dcb-8771-eecb6d9b6071";
2025-01-05 12:19:01 [knowledge_scraper.pipelines] INFO: Validation: set field to null - PublicationItem - validate_and_null: provided key "publisher" is not in item -> identifier: "e09eed3c-98ab-58d1-9de0-f5891e097121"; title: "Doskonalenie jakości usług administracyjnych na przykładzie Dziekanatu Wydziału Zarządzania Politechniki Białostockiej"; scientist_id: "ff84c0c4-e83d-5dcb-8771-eecb6d9b6071";
2025-01-05 12:19:01 [knowledge_scraper.pipelines] INFO: Validation: set field to null - PublicationItem - validate_and_null: provided key "publisher" is not in item -> identifier: "6b0e2c43-c649-5c9f-8c1c-04850d06d283"; title: "Identyfikacja działań społecznie odpowiedzialnych w obszarze funkcjonowania przedsiębiorstw"; scientist_id: "ff84c0c4-e83d-5dcb-8771-eecb6d9b6071";
2025-01-05 12:19:02 [knowledge_scraper.pipelines] INFO: Validation: set field to null - PublicationItem - validate_and_null: provided key "publisher" is not in item -> identifier: "1d5e6ddc-def4-5336-9405-3a578097abee"; title: "Ekologizacja gospodarki"; scientist_id: "ff84c0c4-e83d-5dcb-8771-eecb6d9b6071";
2025-01-05 12:19:02 [knowledge_scraper.pipelines] INFO: Validation: set field to null - PublicationItem - validate_and_null: provided key "publisher" is not in item -> identifier: "cff9aba4-6b44-5bda-bcca-13eb87e86468"; title: "Crucial factors for improving the ISO14001 environmental management system"; scientist_id: "ff84c0c4-e83d-5dcb-8771-eecb6d9b6071";
2025-01-05 12:19:02 [knowledge_scraper.pipelines] INFO: Validation: set field to null - PublicationItem - validate_and_null: provided key "journal" is not in item -> identifier: "7b4cca0e-665f-58d0-a956-f26cf858d2d1"; title: "Ewaluacja społecznie odpowiedzialnej działalności przedsiębiorstw"; scientist_id: "ff84c0c4-e83d-5dcb-8771-eecb6d9b6071";
2025-01-05 12:19:03 [knowledge_scraper.pipelines] INFO: Validation: set field to null - PublicationItem - validate_and_null: provided key "publisher" is not in item -> identifier: "112ee8a1-6010-5b3b-b24d-6aea2518691e"; title: "The Concept of Social Responsibility of Business as Seen by Employees"; scientist_id: "ff84c0c4-e83d-5dcb-8771-eecb6d9b6071";
2025-01-05 12:19:03 [knowledge_scraper.pipelines] INFO: Validation: set field to null - PublicationItem - validate_and_null: provided key "publisher" is not in item -> identifier: "38b4c464-b197-521a-8fdb-27198887a59c"; title: "Corporate Social Responsibility in the Light of Management Science - Bibliometric Analysis"; scientist_id: "ff84c0c4-e83d-5dcb-8771-eecb6d9b6071";
2025-01-05 12:19:04 [knowledge_scraper.pipelines] INFO: Validation: set field to null - PublicationItem - validate_and_null: provided key "journal" is not in item -> identifier: "1ec101d9-20d8-5240-9ede-a4d080b7da3c"; title: "Ekonomia i zarządzanie w inżynierii środowiska"; scientist_id: "ff84c0c4-e83d-5dcb-8771-eecb6d9b6071";
2025-01-05 12:19:04 [knowledge_scraper.pipelines] INFO: Validation: set field to null - PublicationItem - validate_and_null: provided key "publisher" is not in item -> identifier: "741825d1-e4b4-5b4c-9eb7-260a5ae9c9fe"; title: "Lean management w podmiotach ochrony zdrowia"; scientist_id: "ff84c0c4-e83d-5dcb-8771-eecb6d9b6071";
2025-01-05 12:19:04 [knowledge_scraper.pipelines] INFO: Validation: set field to null - PublicationItem - validate_and_null: provided key "publisher" is not in item -> identifier: "393ea30b-b57b-5e3c-903e-61b2e955acf2"; title: "Assessment of communication CSR by Polish water and sewage companies"; scientist_id: "ff84c0c4-e83d-5dcb-8771-eecb6d9b6071";
2025-01-05 12:19:05 [knowledge_scraper.pipelines] INFO: Validation: set field to null - PublicationItem - validate_and_null: provided key "publisher" is not in item -> identifier: "ba17ff92-6017-5e0d-9201-af6e5fefdf6c"; title: "Doświadczenia przedsiębiorstw wodociągowo-kanalizacyjnych we wdrażaniu koncepcji społecznej odpowiedzialności biznesu (CSR)"; scientist_id: "ff84c0c4-e83d-5dcb-8771-eecb6d9b6071";
2025-01-05 12:19:06 [knowledge_scraper.pipelines] INFO: Validation: set field to null - PublicationItem - validate_and_null: provided key "publisher" is not in item -> identifier: "ddbda3ea-9123-5331-b071-2e4ad5e55acd"; title: "Climate change adaptation in ex-ante assessment of legal acts – a proposal of indicators for Poland"; scientist_id: "ff84c0c4-e83d-5dcb-8771-eecb6d9b6071";
2025-01-05 12:19:06 [knowledge_scraper.pipelines] INFO: Validation: set field to null - PublicationItem - validate_and_null: provided key "publisher" is not in item -> identifier: "72144018-b40e-5207-89a6-4f3c673c9a60"; title: "Relationship between Sustainable Human Resources Management and Employee Engagement in Creative Professions on the Example of Architects"; scientist_id: "ff84c0c4-e83d-5dcb-8771-eecb6d9b6071";
2025-01-05 12:19:06 [knowledge_scraper.pipelines] INFO: Validation: set field to null - PublicationItem - validate_and_null: provided key "publisher" is not in item -> identifier: "7fd30c40-2580-5e74-a9aa-28040929386e"; title: "Raportowanie ESG z uwzględnieniem założeń gospodarki o obiegu zamkniętym "; scientist_id: "ff84c0c4-e83d-5dcb-8771-eecb6d9b6071";
2025-01-05 12:19:07 [knowledge_scraper.pipelines] INFO: Validation: set field to null - PublicationItem - validate_and_null: provided key "publisher" is not in item -> identifier: "79110946-60fa-51e8-bc28-f60810cdb605"; title: "Environmental disclosures according to ESRS in ESG reporting of selected banks in Poland"; scientist_id: "ff84c0c4-e83d-5dcb-8771-eecb6d9b6071";
2025-01-05 12:19:07 [knowledge_scraper.pipelines] INFO: Validation: set field to null - PublicationItem - validate_and_null: provided key "journal" is not in item -> identifier: "9245548a-bcb4-5209-9ff8-ff7b7759b668"; title: "Design of drive damage tolerant control law for RPAS multirotor"; scientist_id: "8c4efdcb-dd74-5317-ba30-9caa7c0ec102";
2025-01-05 12:19:07 [knowledge_scraper.pipelines] INFO: Validation: set field to null - PublicationItem - validate_and_null: provided key "publisher" is not in item -> identifier: "9245548a-bcb4-5209-9ff8-ff7b7759b668"; title: "Design of drive damage tolerant control law for RPAS multirotor"; scientist_id: "8c4efdcb-dd74-5317-ba30-9caa7c0ec102";
2025-01-05 12:19:08 [knowledge_scraper.pipelines] INFO: Validation: set field to null - PublicationItem - validate_and_null: provided key "journal" is not in item -> identifier: "bca473b0-cd07-5d95-bb55-4c49438e9ff6"; title: "Conception of the supplementary filter utilizing the feedback signal of the EKF based radio-localization system"; scientist_id: "8c4efdcb-dd74-5317-ba30-9caa7c0ec102";
2025-01-05 12:19:08 [knowledge_scraper.pipelines] INFO: Validation: set field to null - PublicationItem - validate_and_null: provided key "publisher" is not in item -> identifier: "bca473b0-cd07-5d95-bb55-4c49438e9ff6"; title: "Conception of the supplementary filter utilizing the feedback signal of the EKF based radio-localization system"; scientist_id: "8c4efdcb-dd74-5317-ba30-9caa7c0ec102";
2025-01-05 12:19:08 [knowledge_scraper.pipelines] INFO: Validation: set field to null - PublicationItem - validate_and_null: provided key "journal" is not in item -> identifier: "99dc3caf-94d4-5ed8-82d9-b4dc118534bc"; title: "Algorytm dwuwymiarowego samolokalizowania się stacji bazowych w systemie radiolokalizacyjnym"; scientist_id: "8c4efdcb-dd74-5317-ba30-9caa7c0ec102";
2025-01-05 12:19:08 [knowledge_scraper.pipelines] INFO: Validation: set field to null - PublicationItem - validate_and_null: provided key "publisher" is not in item -> identifier: "99dc3caf-94d4-5ed8-82d9-b4dc118534bc"; title: "Algorytm dwuwymiarowego samolokalizowania się stacji bazowych w systemie radiolokalizacyjnym"; scientist_id: "8c4efdcb-dd74-5317-ba30-9caa7c0ec102";
2025-01-05 12:19:08 [knowledge_scraper.pipelines] INFO: Validation: set field to null - PublicationItem - validate_and_null: provided key "publisher" is not in item -> identifier: "f91ae9ea-0f31-54c8-a78f-c93120d6800e"; title: "Task and Context Sensitive Gripper Design Learning Using Dynamic Grasp Simulation"; scientist_id: "8c4efdcb-dd74-5317-ba30-9caa7c0ec102";
2025-01-05 12:19:09 [knowledge_scraper.pipelines] INFO: Validation: set field to null - PublicationItem - validate_and_null: provided key "publisher" is not in item -> identifier: "e44e6a38-4fe3-5fe9-8ea8-a387b389a74e"; title: "Integration and In-Field Gains Selection of Flight and Navigation Controller for Remotely Piloted Aircraft System"; scientist_id: "8c4efdcb-dd74-5317-ba30-9caa7c0ec102";
2025-01-05 12:19:10 [knowledge_scraper.pipelines] INFO: Validation: set field to null - PublicationItem - validate_and_null: provided key "journal" is not in item -> identifier: "56d874a0-992c-5097-938a-40510da8f7ba"; title: "Hardware in the loop tests of the switching formation flight controller"; scientist_id: "8c4efdcb-dd74-5317-ba30-9caa7c0ec102";
2025-01-05 12:19:10 [knowledge_scraper.pipelines] INFO: Validation: set field to null - PublicationItem - validate_and_null: provided key "publisher" is not in item -> identifier: "56d874a0-992c-5097-938a-40510da8f7ba"; title: "Hardware in the loop tests of the switching formation flight controller"; scientist_id: "8c4efdcb-dd74-5317-ba30-9caa7c0ec102";
2025-01-05 12:19:10 [knowledge_scraper.pipelines] INFO: Validation: set field to null - PublicationItem - validate_and_null: provided key "journal" is not in item -> identifier: "8af14d5a-7589-5a1b-8df1-e94163e2fbc1"; title: "Vision-based formation flight control of unmanned aerial vehicles"; scientist_id: "8c4efdcb-dd74-5317-ba30-9caa7c0ec102";
2025-01-05 12:19:10 [knowledge_scraper.pipelines] INFO: Validation: set field to null - PublicationItem - validate_and_null: provided key "publisher" is not in item -> identifier: "8af14d5a-7589-5a1b-8df1-e94163e2fbc1"; title: "Vision-based formation flight control of unmanned aerial vehicles"; scientist_id: "8c4efdcb-dd74-5317-ba30-9caa7c0ec102";
2025-01-05 12:19:10 [knowledge_scraper.pipelines] INFO: Validation: set field to null - PublicationItem - validate_and_null: provided key "journal" is not in item -> identifier: "e56a9294-b672-55a1-a4ea-a6dddd83442b"; title: "Target Leaded Obstacle Avoidance Method Based on a Genetic Algorithm for Mobile Robot"; scientist_id: "8c4efdcb-dd74-5317-ba30-9caa7c0ec102";
2025-01-05 12:19:10 [knowledge_scraper.pipelines] INFO: Validation: set field to null - PublicationItem - validate_and_null: provided key "publisher" is not in item -> identifier: "e56a9294-b672-55a1-a4ea-a6dddd83442b"; title: "Target Leaded Obstacle Avoidance Method Based on a Genetic Algorithm for Mobile Robot"; scientist_id: "8c4efdcb-dd74-5317-ba30-9caa7c0ec102";
2025-01-05 12:19:11 [knowledge_scraper.pipelines] INFO: Validation: set field to null - PublicationItem - validate_and_null: provided key "journal" is not in item -> identifier: "dd831fd8-afe1-5c0f-b04c-b576746a8464"; title: "Self-Localization of Anchors in Remotely Deployed Radio Localization System: UAV Reference System Integration"; scientist_id: "8c4efdcb-dd74-5317-ba30-9caa7c0ec102";
2025-01-05 12:19:11 [knowledge_scraper.pipelines] INFO: Validation: set field to null - PublicationItem - validate_and_null: provided key "publisher" is not in item -> identifier: "dd831fd8-afe1-5c0f-b04c-b576746a8464"; title: "Self-Localization of Anchors in Remotely Deployed Radio Localization System: UAV Reference System Integration"; scientist_id: "8c4efdcb-dd74-5317-ba30-9caa7c0ec102";
2025-01-05 12:19:11 [knowledge_scraper.pipelines] INFO: Validation: set field to null - PublicationItem - validate_and_null: provided key "journal" is not in item -> identifier: "55b79202-c8f4-5426-9fb1-9f0b8c35a93e"; title: "Portable indoor-outdoor UAV positioning system"; scientist_id: "8c4efdcb-dd74-5317-ba30-9caa7c0ec102";
2025-01-05 12:19:11 [knowledge_scraper.pipelines] INFO: Validation: set field to null - PublicationItem - validate_and_null: provided key "publisher" is not in item -> identifier: "55b79202-c8f4-5426-9fb1-9f0b8c35a93e"; title: "Portable indoor-outdoor UAV positioning system"; scientist_id: "8c4efdcb-dd74-5317-ba30-9caa7c0ec102";
2025-01-05 12:19:12 [knowledge_scraper.pipelines] INFO: Validation: set field to null - PublicationItem - validate_and_null: provided key "journal" is not in item -> identifier: "fc230bc2-7030-5ff7-9190-6a53c185320e"; title: "Conception of the Kinetic Launcher for Medium Class of Unmanned Aerial Vehicles"; scientist_id: "8c4efdcb-dd74-5317-ba30-9caa7c0ec102";
2025-01-05 12:19:12 [knowledge_scraper.pipelines] INFO: Validation: set field to null - PublicationItem - validate_and_null: provided key "publisher" is not in item -> identifier: "fc230bc2-7030-5ff7-9190-6a53c185320e"; title: "Conception of the Kinetic Launcher for Medium Class of Unmanned Aerial Vehicles"; scientist_id: "8c4efdcb-dd74-5317-ba30-9caa7c0ec102";
2025-01-05 12:19:12 [knowledge_scraper.pipelines] INFO: Validation: set field to null - PublicationItem - validate_and_null: provided key "publisher" is not in item -> identifier: "56676c3c-7dea-5737-bdc5-0e1db03caea9"; title: "A dynamic model of a device with a parallel-serial structure to support the human lower limb"; scientist_id: "8c4efdcb-dd74-5317-ba30-9caa7c0ec102";
2025-01-05 12:19:12 [knowledge_scraper.pipelines] INFO: Validation: set field to null - PublicationItem - validate_and_null: provided key "publisher" is not in item -> identifier: "166b39bd-62be-5f15-b43a-b1d3b3c65a99"; title: "Genetic Algorithm for Mobile Robot Route Planning with Obstacle Avoidance"; scientist_id: "8c4efdcb-dd74-5317-ba30-9caa7c0ec102";
2025-01-05 12:19:13 [knowledge_scraper.pipelines] INFO: Validation: set field to null - PublicationItem - validate_and_null: provided key "publisher" is not in item -> identifier: "a7e7f7f0-ee4e-534b-9933-6fedffc422b7"; title: "Towards implementation of a formation flying for efficient UAV operations"; scientist_id: "8c4efdcb-dd74-5317-ba30-9caa7c0ec102";
2025-01-05 12:19:13 [knowledge_scraper.pipelines] INFO: Validation: set field to null - PublicationItem - validate_and_null: provided key "journal" is not in item -> identifier: "9f1d3b8a-0df9-52af-b05d-4c952109e150"; title: "Realization of anchors selflocalization during preparation stage of the radiolocalization system"; scientist_id: "8c4efdcb-dd74-5317-ba30-9caa7c0ec102";
2025-01-05 12:19:13 [knowledge_scraper.pipelines] INFO: Validation: set field to null - PublicationItem - validate_and_null: provided key "publisher" is not in item -> identifier: "9f1d3b8a-0df9-52af-b05d-4c952109e150"; title: "Realization of anchors selflocalization during preparation stage of the radiolocalization system"; scientist_id: "8c4efdcb-dd74-5317-ba30-9caa7c0ec102";
2025-01-05 12:19:13 [knowledge_scraper.pipelines] INFO: Validation: set field to null - PublicationItem - validate_and_null: provided key "journal" is not in item -> identifier: "be184769-979e-56fd-a6fc-431f9b1cc880"; title: "Realization of anchors selflocalization during preparation stage of the radiolocalization system"; scientist_id: "8c4efdcb-dd74-5317-ba30-9caa7c0ec102";
2025-01-05 12:19:13 [knowledge_scraper.pipelines] INFO: Validation: set field to null - PublicationItem - validate_and_null: provided key "publisher" is not in item -> identifier: "be184769-979e-56fd-a6fc-431f9b1cc880"; title: "Realization of anchors selflocalization during preparation stage of the radiolocalization system"; scientist_id: "8c4efdcb-dd74-5317-ba30-9caa7c0ec102";
2025-01-05 12:19:14 [knowledge_scraper.pipelines] INFO: Validation: set field to null - PublicationItem - validate_and_null: provided key "publisher" is not in item -> identifier: "fb3ae386-14f8-5de7-ab90-9d603bf9f6f1"; title: "Multirotor UAV sensor fusion for precision landing"; scientist_id: "8c4efdcb-dd74-5317-ba30-9caa7c0ec102";
2025-01-05 12:19:14 [knowledge_scraper.pipelines] INFO: Validation: set field to null - PublicationItem - validate_and_null: provided key "publisher" is not in item -> identifier: "14e979d2-86d8-58bd-8d44-a37e87d13127"; title: "Time minimization of rescue action realized by an autonomous vehicle"; scientist_id: "8c4efdcb-dd74-5317-ba30-9caa7c0ec102";
2025-01-05 12:19:15 [knowledge_scraper.pipelines] INFO: Validation: set field to null - PublicationItem - validate_and_null: provided key "journal" is not in item -> identifier: "98596f56-7786-5aa4-9139-38bb965cb368"; title: "Wheeled Robot Path Planning in Natural Environment"; scientist_id: "8c4efdcb-dd74-5317-ba30-9caa7c0ec102";
2025-01-05 12:19:15 [knowledge_scraper.pipelines] INFO: Validation: set field to null - PublicationItem - validate_and_null: provided key "publisher" is not in item -> identifier: "98596f56-7786-5aa4-9139-38bb965cb368"; title: "Wheeled Robot Path Planning in Natural Environment"; scientist_id: "8c4efdcb-dd74-5317-ba30-9caa7c0ec102";
2025-01-05 12:19:15 [knowledge_scraper.pipelines] INFO: Validation: set field to null - PublicationItem - validate_and_null: provided key "publisher" is not in item -> identifier: "1af5a5cc-f973-56fe-b939-d7c18c094fd4"; title: "Evaluation and Identification of Non-Line of Sight Conditions in UWB Systems"; scientist_id: "8c4efdcb-dd74-5317-ba30-9caa7c0ec102";
2025-01-05 12:19:16 [knowledge_scraper.pipelines] INFO: Validation: set field to null - PublicationItem - validate_and_null: provided key "publisher" is not in item -> identifier: "8f13d178-07f2-5ce1-949d-0c88c9039cd5"; title: "Experimental investigations and damage growth modeling of EN-AW 2024 aluminum alloy under LCF loadingaccounting creep pre-deformation"; scientist_id: "b81ce8e6-cf6e-5190-825a-9f11584c247d";
2025-01-05 12:19:16 [knowledge_scraper.pipelines] INFO: Validation: set field to null - PublicationItem - validate_and_null: provided key "publisher" is not in item -> identifier: "205a632e-7054-528f-9ac6-643a7edd20eb"; title: "Fatigue of titanium alloy Ti6Al4V with diamond structure obtained by Laser Power Bed Fusion method"; scientist_id: "b81ce8e6-cf6e-5190-825a-9f11584c247d";
2025-01-05 12:19:16 [knowledge_scraper.pipelines] INFO: Validation: set field to null - PublicationItem - validate_and_null: provided key "journal" is not in item -> identifier: "2cab41c0-4e1c-50cc-a3ba-d0575e0e7c6c"; title: "The effect of creep pre-deformation on LCF damage accumulation- model and experimental verification"; scientist_id: "b81ce8e6-cf6e-5190-825a-9f11584c247d";
2025-01-05 12:19:16 [knowledge_scraper.pipelines] INFO: Validation: set field to null - PublicationItem - validate_and_null: provided key "publisher" is not in item -> identifier: "2cab41c0-4e1c-50cc-a3ba-d0575e0e7c6c"; title: "The effect of creep pre-deformation on LCF damage accumulation- model and experimental verification"; scientist_id: "b81ce8e6-cf6e-5190-825a-9f11584c247d";
2025-01-05 12:19:17 [knowledge_scraper.pipelines] INFO: Validation: set field to null - PublicationItem - validate_and_null: provided key "journal" is not in item -> identifier: "2c654506-1060-5215-9197-17df4f5f0f21"; title: "Damage accumulation modeling of structural materials under fatigue loading at elevated temperature"; scientist_id: "b81ce8e6-cf6e-5190-825a-9f11584c247d";
2025-01-05 12:19:17 [knowledge_scraper.pipelines] INFO: Validation: set field to null - PublicationItem - validate_and_null: provided key "publisher" is not in item -> identifier: "2c654506-1060-5215-9197-17df4f5f0f21"; title: "Damage accumulation modeling of structural materials under fatigue loading at elevated temperature"; scientist_id: "b81ce8e6-cf6e-5190-825a-9f11584c247d";
2025-01-05 12:19:17 [knowledge_scraper.pipelines] INFO: Validation: set field to null - PublicationItem - validate_and_null: provided key "journal" is not in item -> identifier: "39777f30-8a71-564b-b667-ed469baf35d8"; title: "Numerical study on the effect of defects in additive manufactured titanium lattice struts on its fracture initiation"; scientist_id: "b81ce8e6-cf6e-5190-825a-9f11584c247d";
2025-01-05 12:19:17 [knowledge_scraper.pipelines] INFO: Validation: set field to null - PublicationItem - validate_and_null: provided key "publisher" is not in item -> identifier: "39777f30-8a71-564b-b667-ed469baf35d8"; title: "Numerical study on the effect of defects in additive manufactured titanium lattice struts on its fracture initiation"; scientist_id: "b81ce8e6-cf6e-5190-825a-9f11584c247d";
2025-01-05 12:19:17 [knowledge_scraper.pipelines] INFO: Validation: set field to null - PublicationItem - validate_and_null: provided key "journal" is not in item -> identifier: "d0ae67cf-4304-5a59-bd43-ff0a053d042f"; title: "Finite element modeling of the mesoscale fracture of Ti–6Al–4V lattice structures using microtomography"; scientist_id: "b81ce8e6-cf6e-5190-825a-9f11584c247d";
2025-01-05 12:19:17 [knowledge_scraper.pipelines] INFO: Validation: set field to null - PublicationItem - validate_and_null: provided key "publisher" is not in item -> identifier: "d0ae67cf-4304-5a59-bd43-ff0a053d042f"; title: "Finite element modeling of the mesoscale fracture of Ti–6Al–4V lattice structures using microtomography"; scientist_id: "b81ce8e6-cf6e-5190-825a-9f11584c247d";
2025-01-05 12:19:18 [knowledge_scraper.pipelines] INFO: Validation: set field to null - PublicationItem - validate_and_null: provided key "publisher" is not in item -> identifier: "25a5cfbb-bb59-5b99-9c29-421a59487366"; title: "Fractographical quantitative analysis of EN-AW 2024 aluminum alloy after creep pre-strain and LCF loading"; scientist_id: "b81ce8e6-cf6e-5190-825a-9f11584c247d";
2025-01-05 12:19:19 [knowledge_scraper.pipelines] INFO: Validation: set field to null - PublicationItem - validate_and_null: provided key "publisher" is not in item -> identifier: "812ae3ae-244b-5b81-9550-11e6535f2bf9"; title: "The fracture behaviour of notched PMMA specimens under simple loading conditions – Tension and torsion experimental tests"; scientist_id: "b81ce8e6-cf6e-5190-825a-9f11584c247d";
2025-01-05 12:19:19 [knowledge_scraper.pipelines] INFO: Validation: set field to null - PublicationItem - validate_and_null: provided key "publisher" is not in item -> identifier: "7ab935aa-9710-5b78-8976-ef47bf3bd51c"; title: "The elasto-plastic numerical study of crack initiation in notched PMMA specimens under uniaxial loading conditions – Tension and torsion"; scientist_id: "b81ce8e6-cf6e-5190-825a-9f11584c247d";
2025-01-05 12:19:20 [knowledge_scraper.pipelines] INFO: Validation: set field to null - PublicationItem - validate_and_null: provided key "publisher" is not in item -> identifier: "a397d926-c1ea-5f46-8c8f-363d81f35fe0"; title: "The effect of preliminary creep-strain on material behavior under LCF tension/compression and pure torsion regimes"; scientist_id: "b81ce8e6-cf6e-5190-825a-9f11584c247d";
2025-01-05 12:19:20 [knowledge_scraper.pipelines] INFO: Validation: set field to null - PublicationItem - validate_and_null: provided key "publisher" is not in item -> identifier: "4197865a-7318-59dc-83dd-e37ea7e15724"; title: "LCF behavior of 2024AA under uni- and biaxial loading taking into account creep pre-deformation"; scientist_id: "b81ce8e6-cf6e-5190-825a-9f11584c247d";
2025-01-05 12:19:21 [knowledge_scraper.pipelines] INFO: Validation: set field to null - PublicationItem - validate_and_null: provided key "publisher" is not in item -> identifier: "1f5360f5-1f13-53a5-9321-9529523ca444"; title: "The effect of elevated temperature on LCF damage growth in 2024AA – Experiment and modeling"; scientist_id: "b81ce8e6-cf6e-5190-825a-9f11584c247d";
2025-01-05 12:19:21 [knowledge_scraper.pipelines] INFO: Validation: set field to null - PublicationItem - validate_and_null: provided key "publisher" is not in item -> identifier: "0b975095-2598-58eb-8de3-1e120c02829e"; title: "Cyclic behaviour modelling of additively manufactured Ti-6Al-4V lattice structures"; scientist_id: "b81ce8e6-cf6e-5190-825a-9f11584c247d";
2025-01-05 12:19:22 [knowledge_scraper.pipelines] INFO: Validation: set field to null - PublicationItem - validate_and_null: provided key "publisher" is not in item -> identifier: "139e5208-2986-5d6c-a539-27630da768b5"; title: "The experimental and numerical investigation of fracture behaviour in PMMA notched specimens under biaxial loading conditions – Tension with torsion"; scientist_id: "b81ce8e6-cf6e-5190-825a-9f11584c247d";
2025-01-05 12:19:22 [knowledge_scraper.pipelines] INFO: Validation: set field to null - PublicationItem - validate_and_null: provided key "publisher" is not in item -> identifier: "aa54a29e-7d5c-5968-9a3c-0fbe7286cacd"; title: "Fracture prediction in flat PMMA notched specimens under tension - effectiveness of the equivalent material concept and fictitious material concept"; scientist_id: "b81ce8e6-cf6e-5190-825a-9f11584c247d";
2025-01-05 12:19:27 [knowledge_scraper.pipelines] INFO: Validation: set field to null - ScientistItem - validate_and_null: value corresponding to key "position" is None. Nothing to do -> identifier: "04c117fe-c629-517e-91a5-8a44dda7d7f4"; name: "MSc Michał Ostaszewski"; profile_url: "https://bazawiedzy.pb.edu.pl/info/author/BUT3ee9ac693610469ab3c965d23ae4cb57?r=author&tab=&title=Person%2Bprofile%2B%25E2%2580%2593%2BMicha%25C5%2582%2BOstaszewski%2B%25E2%2580%2593%2BBialystok%2BUniversity%2Bof%2BTechnology&lang=en";
2025-01-05 12:19:27 [knowledge_scraper.pipelines] INFO: Validation: set field to null - ScientistItem - validate_and_null: value corresponding to key "email" is None. Nothing to do -> identifier: "04c117fe-c629-517e-91a5-8a44dda7d7f4"; name: "MSc Michał Ostaszewski"; profile_url: "https://bazawiedzy.pb.edu.pl/info/author/BUT3ee9ac693610469ab3c965d23ae4cb57?r=author&tab=&title=Person%2Bprofile%2B%25E2%2580%2593%2BMicha%25C5%2582%2BOstaszewski%2B%25E2%2580%2593%2BBialystok%2BUniversity%2Bof%2BTechnology&lang=en";
2025-01-05 12:19:28 [knowledge_scraper.pipelines] INFO: Validation: set field to null - ScientistItem - validate_and_null: value corresponding to key "position" is None. Nothing to do -> identifier: "b2ab1f04-f716-58ca-9b89-de4a04716590"; name: "PhD Remigiusz Gumiński"; profile_url: "https://bazawiedzy.pb.edu.pl/info/author/BUT4829219b7b16466f938834a4895209eb?r=author&tab=&title=Person%2Bprofile%2B%25E2%2580%2593%2BRemigiusz%2BGumi%25C5%2584ski%2B%25E2%2580%2593%2BBialystok%2BUniversity%2Bof%2BTechnology&lang=en";
2025-01-05 12:19:28 [knowledge_scraper.pipelines] INFO: Validation: set field to null - ScientistItem - validate_and_null: value corresponding to key "email" is None. Nothing to do -> identifier: "b2ab1f04-f716-58ca-9b89-de4a04716590"; name: "PhD Remigiusz Gumiński"; profile_url: "https://bazawiedzy.pb.edu.pl/info/author/BUT4829219b7b16466f938834a4895209eb?r=author&tab=&title=Person%2Bprofile%2B%25E2%2580%2593%2BRemigiusz%2BGumi%25C5%2584ski%2B%25E2%2580%2593%2BBialystok%2BUniversity%2Bof%2BTechnology&lang=en";
2025-01-05 12:19:29 [knowledge_scraper.pipelines] INFO: Validation: set field to null - ScientistItem - validate_and_null: value corresponding to key "position" is None. Nothing to do -> identifier: "6563e089-c3bf-51a4-835e-d450546d048f"; name: "PhD Yauheniya Barkun"; profile_url: "https://bazawiedzy.pb.edu.pl/info/author/BUT36f9657411a347b9b76e9e8ab8aa0acb?r=author&tab=&title=Person%2Bprofile%2B%25E2%2580%2593%2BYauheniya%2BBarkun%2B%25E2%2580%2593%2BBialystok%2BUniversity%2Bof%2BTechnology&lang=en";
2025-01-05 12:19:29 [knowledge_scraper.pipelines] INFO: Validation: set field to null - ScientistItem - validate_and_null: value corresponding to key "email" is None. Nothing to do -> identifier: "6563e089-c3bf-51a4-835e-d450546d048f"; name: "PhD Yauheniya Barkun"; profile_url: "https://bazawiedzy.pb.edu.pl/info/author/BUT36f9657411a347b9b76e9e8ab8aa0acb?r=author&tab=&title=Person%2Bprofile%2B%25E2%2580%2593%2BYauheniya%2BBarkun%2B%25E2%2580%2593%2BBialystok%2BUniversity%2Bof%2BTechnology&lang=en";
2025-01-05 12:19:30 [knowledge_scraper.pipelines] INFO: Validation: set field to null - ScientistItem - validate_and_null: value corresponding to key "position" is None. Nothing to do -> identifier: "73cf216b-b58d-5b55-85dd-ba56082c118a"; name: "PhD Rafał Grodzki"; profile_url: "https://bazawiedzy.pb.edu.pl/info/author/BUT3174c3b3645a4f128fc519c1d394346a?r=author&tab=&title=Person%2Bprofile%2B%25E2%2580%2593%2BRafa%25C5%2582%2BGrodzki%2B%25E2%2580%2593%2BBialystok%2BUniversity%2Bof%2BTechnology&lang=en";
2025-01-05 12:19:30 [knowledge_scraper.pipelines] INFO: Validation: set field to null - ScientistItem - validate_and_null: value corresponding to key "email" is None. Nothing to do -> identifier: "73cf216b-b58d-5b55-85dd-ba56082c118a"; name: "PhD Rafał Grodzki"; profile_url: "https://bazawiedzy.pb.edu.pl/info/author/BUT3174c3b3645a4f128fc519c1d394346a?r=author&tab=&title=Person%2Bprofile%2B%25E2%2580%2593%2BRafa%25C5%2582%2BGrodzki%2B%25E2%2580%2593%2BBialystok%2BUniversity%2Bof%2BTechnology&lang=en";
2025-01-05 12:19:30 [knowledge_scraper.pipelines] INFO: Validation: set field to null - ScientistItem - validate_and_null: value corresponding to key "position" is None. Nothing to do -> identifier: "869daa61-4193-5ff1-84d0-9f99db2ccd99"; name: "MSc Ewa Kulesza"; profile_url: "https://bazawiedzy.pb.edu.pl/info/author/BUT2cad01b9dd1c44b88feeb88f293ba18f?r=author&tab=&title=Person%2Bprofile%2B%25E2%2580%2593%2BEwa%2BKulesza%2B%25E2%2580%2593%2BBialystok%2BUniversity%2Bof%2BTechnology&lang=en";
2025-01-05 12:19:31 [knowledge_scraper.pipelines] INFO: Validation: set field to null - ScientistItem - validate_and_null: value corresponding to key "position" is None. Nothing to do -> identifier: "2219cf0c-7a09-5ddf-82f8-a9a300bebcd1"; name: "MSc Paulina Zielinko"; profile_url: "https://bazawiedzy.pb.edu.pl/info/author/BUT263a1a62f3f3488085b6515472b95568?r=author&tab=&title=Person%2Bprofile%2B%25E2%2580%2593%2BPaulina%2BZielinko%2B%25E2%2580%2593%2BBialystok%2BUniversity%2Bof%2BTechnology&lang=en";
2025-01-05 12:19:31 [knowledge_scraper.pipelines] INFO: Validation: set field to null - ScientistItem - validate_and_null: value corresponding to key "email" is None. Nothing to do -> identifier: "24f26606-b55b-5dd4-b98b-082cbdf6553f"; name: "PhD Ewelina Bębas"; profile_url: "https://bazawiedzy.pb.edu.pl/info/author/BUT1b97528642944267813b2b0978ccd0a3?r=author&tab=&title=Person%2Bprofile%2B%25E2%2580%2593%2BEwelina%2BB%25C4%2599bas%2B%25E2%2580%2593%2BBialystok%2BUniversity%2Bof%2BTechnology&lang=en";
2025-01-05 12:19:32 [knowledge_scraper.pipelines] INFO: Validation: set field to null - ScientistItem - validate_and_null: value corresponding to key "position" is None. Nothing to do -> identifier: "b0fa0803-8bd9-5c97-abaf-0643cb696a4b"; name: "MSc Piotr Sebestianiuk"; profile_url: "https://bazawiedzy.pb.edu.pl/info/author/BUT08b23e0ec90e4ec28cc4535daf772b7e?r=author&tab=&title=Person%2Bprofile%2B%25E2%2580%2593%2BPiotr%2BSebestianiuk%2B%25E2%2580%2593%2BBialystok%2BUniversity%2Bof%2BTechnology&lang=en";
2025-01-05 12:19:37 [knowledge_scraper.pipelines] INFO: Validation: set field to null - ScientistItem - validate_and_null: value corresponding to key "email" is None. Nothing to do -> identifier: "a82ce27f-a7ac-5e11-b53a-abf9cc8eaf10"; name: "DSc Aleksander Asanowicz"; profile_url: "https://bazawiedzy.pb.edu.pl/info/author/BUTff6d373fa69a4cf5833765b4fcd87eec?r=author&tab=&title=Person%2Bprofile%2B%25E2%2580%2593%2BAleksander%2BAsanowicz%2B%25E2%2580%2593%2BBialystok%2BUniversity%2Bof%2BTechnology&lang=en";
2025-01-05 12:19:43 [knowledge_scraper.pipelines] INFO: Validation: set field to null - ScientistItem - validate_and_null: value corresponding to key "position" is None. Nothing to do -> identifier: "3d3ae90c-f2f1-5148-94cd-25f966fc3c17"; name: "PhD Joanna Borowska"; profile_url: "https://bazawiedzy.pb.edu.pl/info/author/BUTe855d89a0606479abaa5d96ac8f72430?r=author&tab=&title=Person%2Bprofile%2B%25E2%2580%2593%2BJoanna%2BBorowska%2B%25E2%2580%2593%2BBialystok%2BUniversity%2Bof%2BTechnology&lang=en";
2025-01-05 12:19:43 [knowledge_scraper.pipelines] INFO: Validation: set field to null - ScientistItem - validate_and_null: value corresponding to key "email" is None. Nothing to do -> identifier: "3d3ae90c-f2f1-5148-94cd-25f966fc3c17"; name: "PhD Joanna Borowska"; profile_url: "https://bazawiedzy.pb.edu.pl/info/author/BUTe855d89a0606479abaa5d96ac8f72430?r=author&tab=&title=Person%2Bprofile%2B%25E2%2580%2593%2BJoanna%2BBorowska%2B%25E2%2580%2593%2BBialystok%2BUniversity%2Bof%2BTechnology&lang=en";
2025-01-05 12:19:45 [knowledge_scraper.pipelines] INFO: Validation: set field to null - ScientistItem - validate_and_null: value corresponding to key "position" is None. Nothing to do -> identifier: "47d7f1d6-008c-53e3-915a-f93cb1627e50"; name: "PhD Artur Prusinowski"; profile_url: "https://bazawiedzy.pb.edu.pl/info/author/BUTda531e2acf7f46f5a37a5dad6716651d?r=author&tab=&title=Person%2Bprofile%2B%25E2%2580%2593%2BArtur%2BPrusinowski%2B%25E2%2580%2593%2BBialystok%2BUniversity%2Bof%2BTechnology&lang=en";
2025-01-05 12:19:45 [knowledge_scraper.pipelines] INFO: Validation: set field to null - ScientistItem - validate_and_null: value corresponding to key "email" is None. Nothing to do -> identifier: "47d7f1d6-008c-53e3-915a-f93cb1627e50"; name: "PhD Artur Prusinowski"; profile_url: "https://bazawiedzy.pb.edu.pl/info/author/BUTda531e2acf7f46f5a37a5dad6716651d?r=author&tab=&title=Person%2Bprofile%2B%25E2%2580%2593%2BArtur%2BPrusinowski%2B%25E2%2580%2593%2BBialystok%2BUniversity%2Bof%2BTechnology&lang=en";
2025-01-05 12:19:48 [knowledge_scraper.pipelines] INFO: Validation: set field to null - ScientistItem - validate_and_null: value corresponding to key "position" is None. Nothing to do -> identifier: "28da5de2-6b49-5f6e-a1d2-0baa7c725a9d"; name: "PhD Aneta Szymajda"; profile_url: "https://bazawiedzy.pb.edu.pl/info/author/BUT7ef5885cde174a91aa8dac8beb070b46?r=author&tab=&title=Person%2Bprofile%2B%25E2%2580%2593%2BAneta%2BSzymajda%2B%25E2%2580%2593%2BBialystok%2BUniversity%2Bof%2BTechnology&lang=en";
2025-01-05 12:19:48 [knowledge_scraper.pipelines] INFO: Validation: set field to null - ScientistItem - validate_and_null: value corresponding to key "email" is None. Nothing to do -> identifier: "28da5de2-6b49-5f6e-a1d2-0baa7c725a9d"; name: "PhD Aneta Szymajda"; profile_url: "https://bazawiedzy.pb.edu.pl/info/author/BUT7ef5885cde174a91aa8dac8beb070b46?r=author&tab=&title=Person%2Bprofile%2B%25E2%2580%2593%2BAneta%2BSzymajda%2B%25E2%2580%2593%2BBialystok%2BUniversity%2Bof%2BTechnology&lang=en";
2025-01-05 12:19:54 [knowledge_scraper.pipelines] INFO: Validation: set field to null - ScientistItem - validate_and_null: value corresponding to key "position" is None. Nothing to do -> identifier: "61b2f41d-ed85-5e24-a777-70f6ce937de2"; name: "PhD Ewa Piotrowska"; profile_url: "https://bazawiedzy.pb.edu.pl/info/author/BUT797d3afbeb03472ea7b44f9f70e6e895?r=author&tab=&title=Person%2Bprofile%2B%25E2%2580%2593%2BEwa%2BPiotrowska%2B%25E2%2580%2593%2BBialystok%2BUniversity%2Bof%2BTechnology&lang=en";
2025-01-05 12:19:54 [knowledge_scraper.pipelines] INFO: Validation: set field to null - ScientistItem - validate_and_null: value corresponding to key "email" is None. Nothing to do -> identifier: "61b2f41d-ed85-5e24-a777-70f6ce937de2"; name: "PhD Ewa Piotrowska"; profile_url: "https://bazawiedzy.pb.edu.pl/info/author/BUT797d3afbeb03472ea7b44f9f70e6e895?r=author&tab=&title=Person%2Bprofile%2B%25E2%2580%2593%2BEwa%2BPiotrowska%2B%25E2%2580%2593%2BBialystok%2BUniversity%2Bof%2BTechnology&lang=en";
2025-01-05 12:19:58 [scrapy.extensions.logstats] INFO: Crawled 1195 pages (at 71 pages/min), scraped 1249 items (at 84 items/min)
2025-01-05 12:19:59 [knowledge_scraper.pipelines] INFO: Validation: set field to null - ScientistItem - validate_and_null: value corresponding to key "position" is None. Nothing to do -> identifier: "5ce25d69-f08d-507c-afed-dda9e7394391"; name: "MSc Michał Czołombitko"; profile_url: "https://bazawiedzy.pb.edu.pl/info/author/BUT497bf78c06834183baa293dbef35d745?r=author&tab=&title=Person%2Bprofile%2B%25E2%2580%2593%2BMicha%25C5%2582%2BCzo%25C5%2582ombitko%2B%25E2%2580%2593%2BBialystok%2BUniversity%2Bof%2BTechnology&lang=en";
2025-01-05 12:19:59 [knowledge_scraper.pipelines] INFO: Validation: set field to null - ScientistItem - validate_and_null: value corresponding to key "email" is None. Nothing to do -> identifier: "5ce25d69-f08d-507c-afed-dda9e7394391"; name: "MSc Michał Czołombitko"; profile_url: "https://bazawiedzy.pb.edu.pl/info/author/BUT497bf78c06834183baa293dbef35d745?r=author&tab=&title=Person%2Bprofile%2B%25E2%2580%2593%2BMicha%25C5%2582%2BCzo%25C5%2582ombitko%2B%25E2%2580%2593%2BBialystok%2BUniversity%2Bof%2BTechnology&lang=en";
2025-01-05 12:20:03 [knowledge_scraper.pipelines] INFO: Validation: set field to null - ScientistItem - validate_and_null: value corresponding to key "position" is None. Nothing to do -> identifier: "d80bfc03-4091-52a6-af3e-42ab3ddb8feb"; name: "PhD Iwona Zaborowska"; profile_url: "https://bazawiedzy.pb.edu.pl/info/author/BUT243f69571ac74f1cb2f7de14a3cc3b54?r=author&tab=&title=Person%2Bprofile%2B%25E2%2580%2593%2BIwona%2BZaborowska%2B%25E2%2580%2593%2BBialystok%2BUniversity%2Bof%2BTechnology&lang=en";
2025-01-05 12:20:03 [knowledge_scraper.pipelines] INFO: Validation: set field to null - ScientistItem - validate_and_null: value corresponding to key "email" is None. Nothing to do -> identifier: "d80bfc03-4091-52a6-af3e-42ab3ddb8feb"; name: "PhD Iwona Zaborowska"; profile_url: "https://bazawiedzy.pb.edu.pl/info/author/BUT243f69571ac74f1cb2f7de14a3cc3b54?r=author&tab=&title=Person%2Bprofile%2B%25E2%2580%2593%2BIwona%2BZaborowska%2B%25E2%2580%2593%2BBialystok%2BUniversity%2Bof%2BTechnology&lang=en";
2025-01-05 12:20:08 [knowledge_scraper.pipelines] INFO: Validation: set field to null - ScientistItem - validate_and_null: value corresponding to key "position" is None. Nothing to do -> identifier: "fcc4c5da-6f49-51b5-ade0-b94194201cba"; name: "PhD Paweł Kondzior"; profile_url: "https://bazawiedzy.pb.edu.pl/info/author/BUT1ca0fd47e7894a6cbd532677b893cf60?r=author&tab=&title=Person%2Bprofile%2B%25E2%2580%2593%2BPawe%25C5%2582%2BKondzior%2B%25E2%2580%2593%2BBialystok%2BUniversity%2Bof%2BTechnology&lang=en";
2025-01-05 12:20:10 [pb] INFO: get_page_count: total page count could no be found - assuming it's 1
2025-01-05 12:20:15 [pb] INFO: get_page_count: total page count could no be found - assuming it's 1
2025-01-05 12:20:18 [pb] INFO: get_page_count: total page count could no be found - assuming it's 1
2025-01-05 12:20:18 [knowledge_scraper.pipelines] INFO: Validation: set field to null - PublicationItem - validate_and_null: provided key "journal" is not in item -> identifier: "c51bfed0-b43c-5ec7-aeae-30545186c8f2"; title: "Regional Branding for Attracting Talents"; scientist_id: "6563e089-c3bf-51a4-835e-d450546d048f";
2025-01-05 12:20:18 [knowledge_scraper.pipelines] INFO: Validation: set field to null - PublicationItem - validate_and_null: provided key "publisher" is not in item -> identifier: "c51bfed0-b43c-5ec7-aeae-30545186c8f2"; title: "Regional Branding for Attracting Talents"; scientist_id: "6563e089-c3bf-51a4-835e-d450546d048f";
2025-01-05 12:20:18 [knowledge_scraper.pipelines] INFO: Validation: set field to null - PublicationItem - validate_and_null: provided key "ministerial_score" is not in item -> identifier: "c51bfed0-b43c-5ec7-aeae-30545186c8f2"; title: "Regional Branding for Attracting Talents"; scientist_id: "6563e089-c3bf-51a4-835e-d450546d048f";
2025-01-05 12:20:22 [pb] INFO: get_page_count: total page count could no be found - assuming it's 1
2025-01-05 12:20:27 [pb] INFO: get_page_count: total page count could no be found - assuming it's 1
2025-01-05 12:20:30 [pb] INFO: get_page_count: total page count could no be found - assuming it's 1
2025-01-05 12:20:30 [knowledge_scraper.pipelines] INFO: Validation: set field to null - PublicationItem - validate_and_null: provided key "journal" is not in item -> identifier: "4913f1b2-283a-552f-a5e0-b4b60e4acff1"; title: "Assessment of Indoor Air Quality in Childbirth from the Point of View of Pregnant Women - Case Study"; scientist_id: "2219cf0c-7a09-5ddf-82f8-a9a300bebcd1";
2025-01-05 12:20:30 [knowledge_scraper.pipelines] INFO: Validation: set field to null - PublicationItem - validate_and_null: provided key "publisher" is not in item -> identifier: "4913f1b2-283a-552f-a5e0-b4b60e4acff1"; title: "Assessment of Indoor Air Quality in Childbirth from the Point of View of Pregnant Women - Case Study"; scientist_id: "2219cf0c-7a09-5ddf-82f8-a9a300bebcd1";
2025-01-05 12:20:30 [knowledge_scraper.pipelines] INFO: Validation: set field to null - PublicationItem - validate_and_null: provided key "ministerial_score" is not in item -> identifier: "4913f1b2-283a-552f-a5e0-b4b60e4acff1"; title: "Assessment of Indoor Air Quality in Childbirth from the Point of View of Pregnant Women - Case Study"; scientist_id: "2219cf0c-7a09-5ddf-82f8-a9a300bebcd1";
2025-01-05 12:20:33 [pb] INFO: get_page_count: total page count could no be found - assuming it's 1
2025-01-05 12:20:37 [pb] INFO: get_page_count: total page count could no be found - assuming it's 1
2025-01-05 12:20:40 [pb] INFO: get_page_count: total page count could no be found - assuming it's 1
2025-01-05 12:20:47 [pb] INFO: get_page_count: total page count could no be found - assuming it's 1
2025-01-05 12:20:51 [pb] INFO: get_page_count: total page count could no be found - assuming it's 1
2025-01-05 12:20:58 [scrapy.extensions.logstats] INFO: Crawled 1211 pages (at 16 pages/min), scraped 1257 items (at 8 items/min)
2025-01-05 12:20:59 [pb] INFO: get_page_count: total page count could no be found - assuming it's 1
2025-01-05 12:22:47 [scrapy.extensions.logstats] INFO: Crawled 1213 pages (at 2 pages/min), scraped 1257 items (at 0 items/min)
2025-01-05 12:22:47 [pb] INFO: get_page_count: total page count could no be found - assuming it's 1
2025-01-05 12:22:56 [knowledge_scraper.pipelines] INFO: Validation: set field to null - PublicationItem - validate_and_null: provided key "publisher" is not in item -> identifier: "529acbc5-f9d7-5833-9d30-3b520716b573"; title: "Research on the Development of Technologies for the Production of Granulated Activated Carbons Using Various Binders"; scientist_id: "b2ab1f04-f716-58ca-9b89-de4a04716590";
2025-01-05 12:22:58 [scrapy.extensions.logstats] INFO: Crawled 1215 pages (at 2 pages/min), scraped 1258 items (at 1 items/min)
2025-01-05 12:22:58 [knowledge_scraper.pipelines] INFO: Validation: set field to null - PublicationItem - validate_and_null: provided key "publisher" is not in item -> identifier: "0fa12d9c-9749-558e-b963-0bb14245e0ee"; title: "Young People in the EU - National and Regional Dimensions"; scientist_id: "6563e089-c3bf-51a4-835e-d450546d048f";
2025-01-05 12:23:00 [knowledge_scraper.pipelines] INFO: Validation: set field to null - PublicationItem - validate_and_null: provided key "publisher" is not in item -> identifier: "a0670506-30f9-5412-b7b3-be888514fa69"; title: "Direct torque and flux control of PMSM drive using a new DTC-3A method"; scientist_id: "73cf216b-b58d-5b55-85dd-ba56082c118a";
2025-01-05 12:23:02 [knowledge_scraper.pipelines] INFO: Validation: set field to null - PublicationItem - validate_and_null: provided key "journal" is not in item -> identifier: "289a160d-f4ca-53a5-807e-8224a7c876a4"; title: "Fiber optic illumination sensorn"; scientist_id: "869daa61-4193-5ff1-84d0-9f99db2ccd99";
2025-01-05 12:23:02 [knowledge_scraper.pipelines] INFO: Validation: set field to null - PublicationItem - validate_and_null: provided key "publisher" is not in item -> identifier: "289a160d-f4ca-53a5-807e-8224a7c876a4"; title: "Fiber optic illumination sensorn"; scientist_id: "869daa61-4193-5ff1-84d0-9f99db2ccd99";
2025-01-05 12:23:02 [knowledge_scraper.pipelines] INFO: Validation: set field to null - PublicationItem - validate_and_null: provided key "publisher" is not in item -> identifier: "c78b80f8-be9e-506d-ac44-23440e5f2d9b"; title: "Porównanie wybranych technologii wykorzystywania energii słonecznej"; scientist_id: "2219cf0c-7a09-5ddf-82f8-a9a300bebcd1";
2025-01-05 12:23:03 [knowledge_scraper.pipelines] INFO: Validation: set field to null - PublicationItem - validate_and_null: provided key "publisher" is not in item -> identifier: "de64cbc4-1c75-5996-aceb-88c160d9c732"; title: "Analiza tekstury obrazów radiologicznych RVG w procesie gojenia po utracie masy kostnej"; scientist_id: "24f26606-b55b-5dd4-b98b-082cbdf6553f";
2025-01-05 12:23:03 [knowledge_scraper.pipelines] INFO: Validation: set field to null - PublicationItem - validate_and_null: provided key "journal" is not in item -> identifier: "c7ab4ba4-5fb3-5f41-a000-16d664d60356"; title: "On stress analysis of normal pressure load problem for microperiodic composite with slant lamination"; scientist_id: "b0fa0803-8bd9-5c97-abaf-0643cb696a4b";
2025-01-05 12:23:03 [knowledge_scraper.pipelines] INFO: Validation: set field to null - PublicationItem - validate_and_null: provided key "publisher" is not in item -> identifier: "c7ab4ba4-5fb3-5f41-a000-16d664d60356"; title: "On stress analysis of normal pressure load problem for microperiodic composite with slant lamination"; scientist_id: "b0fa0803-8bd9-5c97-abaf-0643cb696a4b";
2025-01-05 12:23:03 [knowledge_scraper.pipelines] INFO: Validation: set field to null - PublicationItem - validate_and_null: provided key "publisher" is not in item -> identifier: "68e99267-9806-5064-8920-26ef1f7244d8"; title: "Projektowanie - prakseologia, heurystyka, działanie"; scientist_id: "a82ce27f-a7ac-5e11-b53a-abf9cc8eaf10";
2025-01-05 12:23:04 [knowledge_scraper.pipelines] INFO: Validation: set field to null - PublicationItem - validate_and_null: provided key "journal" is not in item -> identifier: "7980c8ad-5eb0-52dd-b24f-db4f596d803c"; title: "Innovative materials used in the additive technologies"; scientist_id: "47d7f1d6-008c-53e3-915a-f93cb1627e50";
2025-01-05 12:23:04 [knowledge_scraper.pipelines] INFO: Validation: set field to null - PublicationItem - validate_and_null: provided key "publisher" is not in item -> identifier: "7980c8ad-5eb0-52dd-b24f-db4f596d803c"; title: "Innovative materials used in the additive technologies"; scientist_id: "47d7f1d6-008c-53e3-915a-f93cb1627e50";
2025-01-05 12:23:05 [knowledge_scraper.pipelines] INFO: Validation: set field to null - PublicationItem - validate_and_null: provided key "journal" is not in item -> identifier: "e03e8e27-810c-52ed-967e-d784a9e358a3"; title: "Wykorzystanie biomasy typu cow dung do celów energetycznych"; scientist_id: "28da5de2-6b49-5f6e-a1d2-0baa7c725a9d";
2025-01-05 12:23:05 [knowledge_scraper.pipelines] INFO: Validation: set field to null - PublicationItem - validate_and_null: provided key "publisher" is not in item -> identifier: "e03e8e27-810c-52ed-967e-d784a9e358a3"; title: "Wykorzystanie biomasy typu cow dung do celów energetycznych"; scientist_id: "28da5de2-6b49-5f6e-a1d2-0baa7c725a9d";
2025-01-05 12:23:06 [knowledge_scraper.pipelines] INFO: Validation: set field to null - PublicationItem - validate_and_null: provided key "journal" is not in item -> identifier: "7a7150eb-f667-5f30-b4bb-8392883cea0c"; title: "Generating core based on discernibility measure and MapReduce"; scientist_id: "5ce25d69-f08d-507c-afed-dda9e7394391";
2025-01-05 12:23:06 [knowledge_scraper.pipelines] INFO: Validation: set field to null - PublicationItem - validate_and_null: provided key "publisher" is not in item -> identifier: "7a7150eb-f667-5f30-b4bb-8392883cea0c"; title: "Generating core based on discernibility measure and MapReduce"; scientist_id: "5ce25d69-f08d-507c-afed-dda9e7394391";
2025-01-05 12:23:07 [knowledge_scraper.pipelines] INFO: Validation: set field to null - PublicationItem - validate_and_null: provided key "journal" is not in item -> identifier: "7ed23064-91ef-55f6-993b-4c36d2e142e2"; title: "Analysis of EHG signals to prediction of preterm labor using joint recurrence plots"; scientist_id: "d80bfc03-4091-52a6-af3e-42ab3ddb8feb";
2025-01-05 12:23:07 [knowledge_scraper.pipelines] INFO: Validation: set field to null - PublicationItem - validate_and_null: provided key "publisher" is not in item -> identifier: "7ed23064-91ef-55f6-993b-4c36d2e142e2"; title: "Analysis of EHG signals to prediction of preterm labor using joint recurrence plots"; scientist_id: "d80bfc03-4091-52a6-af3e-42ab3ddb8feb";
2025-01-05 12:23:10 [knowledge_scraper.pipelines] INFO: Validation: set field to null - PublicationItem - validate_and_null: provided key "journal" is not in item -> identifier: "5ffd549d-fa7b-5903-81c1-c372a9cbec01"; title: "Analysis of EHG signals in order to predict preterm labor using nonlinear dynamics methods"; scientist_id: "d80bfc03-4091-52a6-af3e-42ab3ddb8feb";
2025-01-05 12:23:10 [knowledge_scraper.pipelines] INFO: Validation: set field to null - PublicationItem - validate_and_null: provided key "publisher" is not in item -> identifier: "5ffd549d-fa7b-5903-81c1-c372a9cbec01"; title: "Analysis of EHG signals in order to predict preterm labor using nonlinear dynamics methods"; scientist_id: "d80bfc03-4091-52a6-af3e-42ab3ddb8feb";
2025-01-05 12:23:13 [knowledge_scraper.pipelines] INFO: Validation: set field to null - PublicationItem - validate_and_null: provided key "publisher" is not in item -> identifier: "42e04cdf-8ff9-5cf7-817f-9eb0e8a78cc3"; title: "Identifying synchronization between flow boiling inside two parallel minichannels using joint recurrence plots"; scientist_id: "d80bfc03-4091-52a6-af3e-42ab3ddb8feb";
2025-01-05 12:23:15 [knowledge_scraper.pipelines] INFO: Validation: set field to null - PublicationItem - validate_and_null: provided key "journal" is not in item -> identifier: "9450c828-7886-5b19-9972-9354317eed57"; title: "Identifying synchronization between flow boiling inside two parallel minichannels using joint recurrence plots"; scientist_id: "d80bfc03-4091-52a6-af3e-42ab3ddb8feb";
2025-01-05 12:23:15 [knowledge_scraper.pipelines] INFO: Validation: set field to null - PublicationItem - validate_and_null: provided key "publisher" is not in item -> identifier: "9450c828-7886-5b19-9972-9354317eed57"; title: "Identifying synchronization between flow boiling inside two parallel minichannels using joint recurrence plots"; scientist_id: "d80bfc03-4091-52a6-af3e-42ab3ddb8feb";
2025-01-05 12:23:17 [knowledge_scraper.pipelines] INFO: Validation: set field to null - PublicationItem - validate_and_null: provided key "journal" is not in item -> identifier: "fe6ba729-dacf-5fe5-9668-2ba63df34b13"; title: "Identification of flow patterns in boiling using RQA method"; scientist_id: "d80bfc03-4091-52a6-af3e-42ab3ddb8feb";
2025-01-05 12:23:17 [knowledge_scraper.pipelines] INFO: Validation: set field to null - PublicationItem - validate_and_null: provided key "publisher" is not in item -> identifier: "fe6ba729-dacf-5fe5-9668-2ba63df34b13"; title: "Identification of flow patterns in boiling using RQA method"; scientist_id: "d80bfc03-4091-52a6-af3e-42ab3ddb8feb";
2025-01-05 12:23:17 [knowledge_scraper.pipelines] INFO: Validation: set field to null - PublicationItem - validate_and_null: provided key "publisher" is not in item -> identifier: "009ca96f-59df-5986-9644-6d2db4f33fed"; title: "Modelling of non-stationary pressure fluctuations during boiling in a minichannel"; scientist_id: "d80bfc03-4091-52a6-af3e-42ab3ddb8feb";
2025-01-05 12:23:18 [knowledge_scraper.pipelines] INFO: Validation: set field to null - PublicationItem - validate_and_null: provided key "publisher" is not in item -> identifier: "008d7a55-b506-5719-b5cf-996bd4bda8dc"; title: "Epilepsy identification based on EEG signal using RQA method"; scientist_id: "d80bfc03-4091-52a6-af3e-42ab3ddb8feb";
2025-01-05 12:23:18 [knowledge_scraper.pipelines] INFO: Validation: set field to null - PublicationItem - validate_and_null: provided key "journal" is not in item -> identifier: "2a65d275-bfe0-542d-a3a3-e9761d16e7e7"; title: "Identification the chaotic pressure drop oscilations using SOM network"; scientist_id: "d80bfc03-4091-52a6-af3e-42ab3ddb8feb";
2025-01-05 12:23:18 [knowledge_scraper.pipelines] INFO: Validation: set field to null - PublicationItem - validate_and_null: provided key "publisher" is not in item -> identifier: "2a65d275-bfe0-542d-a3a3-e9761d16e7e7"; title: "Identification the chaotic pressure drop oscilations using SOM network"; scientist_id: "d80bfc03-4091-52a6-af3e-42ab3ddb8feb";
2025-01-05 12:23:19 [knowledge_scraper.pipelines] INFO: Validation: set field to null - PublicationItem - validate_and_null: provided key "publisher" is not in item -> identifier: "76356424-0821-563e-aaec-e413a9822986"; title: "Boiling Flow Pattern Identification Using a Self-Organizing Map"; scientist_id: "d80bfc03-4091-52a6-af3e-42ab3ddb8feb";
2025-01-05 12:23:19 [knowledge_scraper.pipelines] INFO: Validation: set field to null - PublicationItem - validate_and_null: provided key "publisher" is not in item -> identifier: "dda64bb9-4219-50f8-a105-67b2aada5495"; title: "Boiling Synchronization in Two Parallel Minichannels—Image Analysis"; scientist_id: "d80bfc03-4091-52a6-af3e-42ab3ddb8feb";
2025-01-05 12:23:20 [knowledge_scraper.pipelines] INFO: Validation: set field to null - PublicationItem - validate_and_null: provided key "publisher" is not in item -> identifier: "1e86db26-efb5-5b2a-8174-8a6f91640bb2"; title: "Boiling dynamics in parallel minichannel system with different inlet solutions"; scientist_id: "d80bfc03-4091-52a6-af3e-42ab3ddb8feb";
2025-01-05 12:23:21 [knowledge_scraper.pipelines] INFO: Validation: set field to null - PublicationItem - validate_and_null: provided key "publisher" is not in item -> identifier: "7a2de954-21d2-5de3-8509-58fbf08a5639"; title: "Classification of two-phase flow patterns using multifractal analysis of pressure oscillations"; scientist_id: "d80bfc03-4091-52a6-af3e-42ab3ddb8feb";
2025-01-05 12:23:21 [knowledge_scraper.pipelines] INFO: Validation: set field to null - PublicationItem - validate_and_null: provided key "publisher" is not in item -> identifier: "be42e656-4bb5-5b77-8140-65fb0e3e0a0f"; title: "Application of RQA and SOM for identification of two-phase flow patterns during boiling in horizontal minichannel"; scientist_id: "d80bfc03-4091-52a6-af3e-42ab3ddb8feb";
2025-01-05 12:23:22 [knowledge_scraper.pipelines] INFO: Validation: set field to null - PublicationItem - validate_and_null: provided key "journal" is not in item -> identifier: "df4ee292-9276-551b-837c-01c63f3acc88"; title: "Stability of Micromembrane Enhanced Boiling in Minichannel"; scientist_id: "d80bfc03-4091-52a6-af3e-42ab3ddb8feb";
2025-01-05 12:23:22 [knowledge_scraper.pipelines] INFO: Validation: set field to null - PublicationItem - validate_and_null: provided key "publisher" is not in item -> identifier: "df4ee292-9276-551b-837c-01c63f3acc88"; title: "Stability of Micromembrane Enhanced Boiling in Minichannel"; scientist_id: "d80bfc03-4091-52a6-af3e-42ab3ddb8feb";
2025-01-05 12:23:22 [knowledge_scraper.pipelines] INFO: Validation: set field to null - PublicationItem - validate_and_null: provided key "publisher" is not in item -> identifier: "60a07157-b4b6-5d7d-99c9-00929715a7b1"; title: "Recurrence analysis of coefficient of friction oscillations in DLC-coated and non-coated Ti6Al4V titanium alloy"; scientist_id: "d80bfc03-4091-52a6-af3e-42ab3ddb8feb";
2025-01-05 12:23:23 [knowledge_scraper.pipelines] INFO: Validation: set field to null - PublicationItem - validate_and_null: provided key "journal" is not in item -> identifier: "0fdebabf-e591-5405-bd2b-0c3fe7e85fde"; title: "Variant strengthening of road embankment"; scientist_id: "61b2f41d-ed85-5e24-a777-70f6ce937de2";
2025-01-05 12:23:23 [knowledge_scraper.pipelines] INFO: Validation: set field to null - PublicationItem - validate_and_null: provided key "publisher" is not in item -> identifier: "0fdebabf-e591-5405-bd2b-0c3fe7e85fde"; title: "Variant strengthening of road embankment"; scientist_id: "61b2f41d-ed85-5e24-a777-70f6ce937de2";
2025-01-05 12:23:24 [knowledge_scraper.pipelines] INFO: Validation: set field to null - PublicationItem - validate_and_null: provided key "journal" is not in item -> identifier: "1194a21f-598a-5bd8-9de4-e89afac25177"; title: "Aplikacja "Całościowa Ocena Geriatryczka""; scientist_id: "d80bfc03-4091-52a6-af3e-42ab3ddb8feb";
2025-01-05 12:23:24 [knowledge_scraper.pipelines] INFO: Validation: set field to null - PublicationItem - validate_and_null: provided key "publisher" is not in item -> identifier: "1194a21f-598a-5bd8-9de4-e89afac25177"; title: "Aplikacja "Całościowa Ocena Geriatryczka""; scientist_id: "d80bfc03-4091-52a6-af3e-42ab3ddb8feb";
2025-01-05 12:23:24 [knowledge_scraper.pipelines] INFO: Validation: set field to null - PublicationItem - validate_and_null: provided key "journal" is not in item -> identifier: "9e39fe37-3731-5447-9f29-17d70958056f"; title: "Periodicity of liquid movement inside glass nozzle"; scientist_id: "d80bfc03-4091-52a6-af3e-42ab3ddb8feb";
2025-01-05 12:23:24 [knowledge_scraper.pipelines] INFO: Validation: set field to null - PublicationItem - validate_and_null: provided key "publisher" is not in item -> identifier: "9e39fe37-3731-5447-9f29-17d70958056f"; title: "Periodicity of liquid movement inside glass nozzle"; scientist_id: "d80bfc03-4091-52a6-af3e-42ab3ddb8feb";
2025-01-05 12:23:24 [knowledge_scraper.pipelines] INFO: Validation: set field to null - PublicationItem - validate_and_null: provided key "journal" is not in item -> identifier: "04e17ee9-6d69-5f5d-9b70-4818ba57e807"; title: "Nonlinear analysis of pressure-drop instability during flow boiling inside minichannel"; scientist_id: "d80bfc03-4091-52a6-af3e-42ab3ddb8feb";
2025-01-05 12:23:24 [knowledge_scraper.pipelines] INFO: Validation: set field to null - PublicationItem - validate_and_null: provided key "publisher" is not in item -> identifier: "04e17ee9-6d69-5f5d-9b70-4818ba57e807"; title: "Nonlinear analysis of pressure-drop instability during flow boiling inside minichannel"; scientist_id: "d80bfc03-4091-52a6-af3e-42ab3ddb8feb";
2025-01-05 12:23:25 [knowledge_scraper.pipelines] INFO: Validation: set field to null - PublicationItem - validate_and_null: provided key "journal" is not in item -> identifier: "ff6b3abe-28fb-55e5-9966-b9adc4c89759"; title: "Design and numerical analysis of the robot end-effector in the form of human hand"; scientist_id: "d80bfc03-4091-52a6-af3e-42ab3ddb8feb";
2025-01-05 12:23:25 [knowledge_scraper.pipelines] INFO: Validation: set field to null - PublicationItem - validate_and_null: provided key "publisher" is not in item -> identifier: "ff6b3abe-28fb-55e5-9966-b9adc4c89759"; title: "Design and numerical analysis of the robot end-effector in the form of human hand"; scientist_id: "d80bfc03-4091-52a6-af3e-42ab3ddb8feb";
2025-01-05 12:23:27 [knowledge_scraper.pipelines] INFO: Validation: set field to null - PublicationItem - validate_and_null: provided key "publisher" is not in item -> identifier: "161e495a-a634-54c2-8303-56d730bd99a3"; title: "Modelowanie natężenia oświetlenia dziennego w programie DIALux"; scientist_id: "61b2f41d-ed85-5e24-a777-70f6ce937de2";
2025-01-05 12:23:29 [knowledge_scraper.pipelines] INFO: Validation: set field to null - PublicationItem - validate_and_null: provided key "journal" is not in item -> identifier: "6b1a1dca-1332-5845-a691-faf2b9e60f0e"; title: "Wykorzystanie rozkładów luminacji nieboskłonów do projektowania oświetlenia wnętrz światłem dziennym"; scientist_id: "61b2f41d-ed85-5e24-a777-70f6ce937de2";
2025-01-05 12:23:29 [knowledge_scraper.pipelines] INFO: Validation: set field to null - PublicationItem - validate_and_null: provided key "publisher" is not in item -> identifier: "6b1a1dca-1332-5845-a691-faf2b9e60f0e"; title: "Wykorzystanie rozkładów luminacji nieboskłonów do projektowania oświetlenia wnętrz światłem dziennym"; scientist_id: "61b2f41d-ed85-5e24-a777-70f6ce937de2";
2025-01-05 12:23:30 [knowledge_scraper.pipelines] INFO: Validation: set field to null - PublicationItem - validate_and_null: provided key "journal" is not in item -> identifier: "bc6ad5c4-7bf0-5eb4-8d5b-6d50650dd270"; title: "Modernizacja infrastruktury budynków a ich właściwości środowiskowe i energetyczne"; scientist_id: "61b2f41d-ed85-5e24-a777-70f6ce937de2";
2025-01-05 12:23:30 [knowledge_scraper.pipelines] INFO: Validation: set field to null - PublicationItem - validate_and_null: provided key "publisher" is not in item -> identifier: "bc6ad5c4-7bf0-5eb4-8d5b-6d50650dd270"; title: "Modernizacja infrastruktury budynków a ich właściwości środowiskowe i energetyczne"; scientist_id: "61b2f41d-ed85-5e24-a777-70f6ce937de2";
2025-01-05 12:23:30 [knowledge_scraper.pipelines] INFO: Validation: set field to null - PublicationItem - validate_and_null: provided key "journal" is not in item -> identifier: "d85b2c0a-b764-5b56-a7d9-40ba35a59168"; title: "Zastosowania wybranych numerycznych narzędzi inżynierskich do modelowania oświetlenia światłem dziennym w budynku użyteczności publicznej"; scientist_id: "61b2f41d-ed85-5e24-a777-70f6ce937de2";
2025-01-05 12:23:30 [knowledge_scraper.pipelines] INFO: Validation: set field to null - PublicationItem - validate_and_null: provided key "publisher" is not in item -> identifier: "d85b2c0a-b764-5b56-a7d9-40ba35a59168"; title: "Zastosowania wybranych numerycznych narzędzi inżynierskich do modelowania oświetlenia światłem dziennym w budynku użyteczności publicznej"; scientist_id: "61b2f41d-ed85-5e24-a777-70f6ce937de2";
2025-01-05 12:23:31 [knowledge_scraper.pipelines] INFO: Validation: set field to null - PublicationItem - validate_and_null: provided key "journal" is not in item -> identifier: "4ad0bd24-a536-5033-b102-01517a77f155"; title: "Bilans energetyczny stolarki okiennej w budynkach mieszkalnych"; scientist_id: "3d3ae90c-f2f1-5148-94cd-25f966fc3c17";
2025-01-05 12:23:31 [knowledge_scraper.pipelines] INFO: Validation: set field to null - PublicationItem - validate_and_null: provided key "publisher" is not in item -> identifier: "4ad0bd24-a536-5033-b102-01517a77f155"; title: "Bilans energetyczny stolarki okiennej w budynkach mieszkalnych"; scientist_id: "3d3ae90c-f2f1-5148-94cd-25f966fc3c17";
2025-01-05 12:23:31 [knowledge_scraper.pipelines] INFO: Validation: set field to null - PublicationItem - validate_and_null: provided key "publisher" is not in item -> identifier: "0a8838c2-090d-5474-9a94-9e66a254299a"; title: "Współczynnik przenikania ciepła stolarki okiennej o zmiennej konfiguracji"; scientist_id: "3d3ae90c-f2f1-5148-94cd-25f966fc3c17";
2025-01-05 12:23:32 [knowledge_scraper.pipelines] INFO: Validation: set field to null - PublicationItem - validate_and_null: provided key "publisher" is not in item -> identifier: "1cf334d6-7a9e-5820-b290-66617104c379"; title: "Parametry cieplne wieloskrzydłowej stolarki okiennej w budynkach mieszkalnych"; scientist_id: "3d3ae90c-f2f1-5148-94cd-25f966fc3c17";
2025-01-05 12:23:32 [knowledge_scraper.pipelines] INFO: Validation: set field to null - PublicationItem - validate_and_null: provided key "publisher" is not in item -> identifier: "06cbc779-e9d2-539b-bc1b-bcee3fcc22d2"; title: "Analiza parametrów cieplnych współczesnej stolarki okiennej"; scientist_id: "3d3ae90c-f2f1-5148-94cd-25f966fc3c17";
2025-01-05 12:23:33 [knowledge_scraper.pipelines] INFO: Validation: set field to null - PublicationItem - validate_and_null: provided key "publisher" is not in item -> identifier: "f12e2396-e8a2-5f55-a36f-28d48c4471d0"; title: "Model matematyczny bilansu energetycznego okien w budynkach mieszkalnych"; scientist_id: "3d3ae90c-f2f1-5148-94cd-25f966fc3c17";
2025-01-05 12:23:33 [knowledge_scraper.pipelines] INFO: Validation: set field to null - PublicationItem - validate_and_null: provided key "journal" is not in item -> identifier: "c33dd50c-5b8b-55b0-a642-f0591f0e6b38"; title: "Wpływ wybranych parametrów na izolacyjność termiczną stolarki okiennej"; scientist_id: "3d3ae90c-f2f1-5148-94cd-25f966fc3c17";
2025-01-05 12:23:33 [knowledge_scraper.pipelines] INFO: Validation: set field to null - PublicationItem - validate_and_null: provided key "publisher" is not in item -> identifier: "c33dd50c-5b8b-55b0-a642-f0591f0e6b38"; title: "Wpływ wybranych parametrów na izolacyjność termiczną stolarki okiennej"; scientist_id: "3d3ae90c-f2f1-5148-94cd-25f966fc3c17";
2025-01-05 12:23:33 [knowledge_scraper.pipelines] INFO: Validation: set field to null - PublicationItem - validate_and_null: provided key "journal" is not in item -> identifier: "769669cb-9b33-5be9-b25f-a8c3e1e26fa6"; title: "Model matematyczny współczynnika przenikania ciepła okien o zmiennej powierzchni w zależności od parametrów fizykalnych"; scientist_id: "3d3ae90c-f2f1-5148-94cd-25f966fc3c17";
2025-01-05 12:23:33 [knowledge_scraper.pipelines] INFO: Validation: set field to null - PublicationItem - validate_and_null: provided key "publisher" is not in item -> identifier: "769669cb-9b33-5be9-b25f-a8c3e1e26fa6"; title: "Model matematyczny współczynnika przenikania ciepła okien o zmiennej powierzchni w zależności od parametrów fizykalnych"; scientist_id: "3d3ae90c-f2f1-5148-94cd-25f966fc3c17";
2025-01-05 12:23:34 [knowledge_scraper.pipelines] INFO: Validation: set field to null - PublicationItem - validate_and_null: provided key "journal" is not in item -> identifier: "f8fd46f0-797a-5bb8-9a76-bcf3f948ab92"; title: "Wybór optymalnego wariantu okna w budynkach mieszkalnych przy wykorzystaniu wielokryterialnej analizy porównawczej"; scientist_id: "3d3ae90c-f2f1-5148-94cd-25f966fc3c17";
2025-01-05 12:23:34 [knowledge_scraper.pipelines] INFO: Validation: set field to null - PublicationItem - validate_and_null: provided key "publisher" is not in item -> identifier: "f8fd46f0-797a-5bb8-9a76-bcf3f948ab92"; title: "Wybór optymalnego wariantu okna w budynkach mieszkalnych przy wykorzystaniu wielokryterialnej analizy porównawczej"; scientist_id: "3d3ae90c-f2f1-5148-94cd-25f966fc3c17";
2025-01-05 12:23:34 [knowledge_scraper.pipelines] INFO: Validation: set field to null - PublicationItem - validate_and_null: provided key "journal" is not in item -> identifier: "1aeccade-ad50-5c12-a95c-ecf1fb8c3d28"; title: "Wielokryterialna analiza porównawcza jako skuteczne narzędzie do oceny i wyboru najlepszego wariantu rozwiązania projektowego stolarki okiennej w budynkach mieszkalnych"; scientist_id: "3d3ae90c-f2f1-5148-94cd-25f966fc3c17";
2025-01-05 12:23:34 [knowledge_scraper.pipelines] INFO: Validation: set field to null - PublicationItem - validate_and_null: provided key "publisher" is not in item -> identifier: "1aeccade-ad50-5c12-a95c-ecf1fb8c3d28"; title: "Wielokryterialna analiza porównawcza jako skuteczne narzędzie do oceny i wyboru najlepszego wariantu rozwiązania projektowego stolarki okiennej w budynkach mieszkalnych"; scientist_id: "3d3ae90c-f2f1-5148-94cd-25f966fc3c17";
2025-01-05 12:23:35 [knowledge_scraper.pipelines] INFO: Validation: set field to null - PublicationItem - validate_and_null: provided key "journal" is not in item -> identifier: "f9dfa12b-bd54-5465-965f-c2e18e069abb"; title: "Sposoby montażu stolarki okiennej w ścianie zewnętrznej"; scientist_id: "3d3ae90c-f2f1-5148-94cd-25f966fc3c17";
2025-01-05 12:23:35 [knowledge_scraper.pipelines] INFO: Validation: set field to null - PublicationItem - validate_and_null: provided key "publisher" is not in item -> identifier: "f9dfa12b-bd54-5465-965f-c2e18e069abb"; title: "Sposoby montażu stolarki okiennej w ścianie zewnętrznej"; scientist_id: "3d3ae90c-f2f1-5148-94cd-25f966fc3c17";
2025-01-05 12:23:35 [knowledge_scraper.pipelines] INFO: Validation: set field to null - PublicationItem - validate_and_null: provided key "journal" is not in item -> identifier: "f83f4eed-43da-54f4-b8ed-30142351d67d"; title: "Safe mounting of the windows in the curtain wall"; scientist_id: "3d3ae90c-f2f1-5148-94cd-25f966fc3c17";
2025-01-05 12:23:35 [knowledge_scraper.pipelines] INFO: Validation: set field to null - PublicationItem - validate_and_null: provided key "publisher" is not in item -> identifier: "f83f4eed-43da-54f4-b8ed-30142351d67d"; title: "Safe mounting of the windows in the curtain wall"; scientist_id: "3d3ae90c-f2f1-5148-94cd-25f966fc3c17";
2025-01-05 12:23:36 [knowledge_scraper.pipelines] INFO: Validation: set field to null - PublicationItem - validate_and_null: provided key "journal" is not in item -> identifier: "aa98a1c7-e5b9-552b-b8d4-e793b5e1de36"; title: "Próby optymalizacji parametrów energetycznych okien. Cz 1. Wybór i charakterystyka parametrów"; scientist_id: "3d3ae90c-f2f1-5148-94cd-25f966fc3c17";
2025-01-05 12:23:36 [knowledge_scraper.pipelines] INFO: Validation: set field to null - PublicationItem - validate_and_null: provided key "publisher" is not in item -> identifier: "aa98a1c7-e5b9-552b-b8d4-e793b5e1de36"; title: "Próby optymalizacji parametrów energetycznych okien. Cz 1. Wybór i charakterystyka parametrów"; scientist_id: "3d3ae90c-f2f1-5148-94cd-25f966fc3c17";
2025-01-05 12:23:36 [knowledge_scraper.pipelines] INFO: Validation: set field to null - PublicationItem - validate_and_null: provided key "publisher" is not in item -> identifier: "ee952671-997b-56b2-8524-3a12c21a2038"; title: "Czy jest to prawdziwa optymalizacja parametrów stolarki okiennej?"; scientist_id: "3d3ae90c-f2f1-5148-94cd-25f966fc3c17";
2025-01-05 12:23:37 [knowledge_scraper.pipelines] INFO: Validation: set field to null - PublicationItem - validate_and_null: provided key "publisher" is not in item -> identifier: "bf2042fd-2318-5815-b0cf-441aea541e4c"; title: "Wpływ rodzaju paliwa na wartość wskaźnika energii pierwotnej w budynkach mieszkalnych jednorodzinnych"; scientist_id: "3d3ae90c-f2f1-5148-94cd-25f966fc3c17";
2025-01-05 12:23:37 [knowledge_scraper.pipelines] INFO: Validation: set field to null - PublicationItem - validate_and_null: provided key "journal" is not in item -> identifier: "e023e353-1928-55ad-a0e8-b56c7b45349d"; title: "Stan badań parametrów cieplnych stolarki okiennej oraz próby ich zoptymalizowania"; scientist_id: "3d3ae90c-f2f1-5148-94cd-25f966fc3c17";
2025-01-05 12:23:37 [knowledge_scraper.pipelines] INFO: Validation: set field to null - PublicationItem - validate_and_null: provided key "publisher" is not in item -> identifier: "e023e353-1928-55ad-a0e8-b56c7b45349d"; title: "Stan badań parametrów cieplnych stolarki okiennej oraz próby ich zoptymalizowania"; scientist_id: "3d3ae90c-f2f1-5148-94cd-25f966fc3c17";
2025-01-05 12:23:38 [knowledge_scraper.pipelines] INFO: Validation: set field to null - PublicationItem - validate_and_null: provided key "journal" is not in item -> identifier: "06adadc1-dd50-5218-b380-42a16f220378"; title: "Próby optymalizacji parametrów energetycznych okien. Cz 2. Dotychczas wykonane próby optymalizacji i autorski plan eksperymentu"; scientist_id: "3d3ae90c-f2f1-5148-94cd-25f966fc3c17";
2025-01-05 12:23:38 [knowledge_scraper.pipelines] INFO: Validation: set field to null - PublicationItem - validate_and_null: provided key "publisher" is not in item -> identifier: "06adadc1-dd50-5218-b380-42a16f220378"; title: "Próby optymalizacji parametrów energetycznych okien. Cz 2. Dotychczas wykonane próby optymalizacji i autorski plan eksperymentu"; scientist_id: "3d3ae90c-f2f1-5148-94cd-25f966fc3c17";
2025-01-05 12:23:38 [knowledge_scraper.pipelines] INFO: Validation: set field to null - PublicationItem - validate_and_null: provided key "journal" is not in item -> identifier: "6e714162-7e1a-5bac-8f19-a8df66679faa"; title: "Safe installation of the windows"; scientist_id: "3d3ae90c-f2f1-5148-94cd-25f966fc3c17";
2025-01-05 12:23:38 [knowledge_scraper.pipelines] INFO: Validation: set field to null - PublicationItem - validate_and_null: provided key "publisher" is not in item -> identifier: "6e714162-7e1a-5bac-8f19-a8df66679faa"; title: "Safe installation of the windows"; scientist_id: "3d3ae90c-f2f1-5148-94cd-25f966fc3c17";
2025-01-05 12:23:38 [knowledge_scraper.pipelines] INFO: Validation: set field to null - PublicationItem - validate_and_null: provided key "journal" is not in item -> identifier: "593df829-86a0-5a7b-9532-a8b75cdd33a5"; title: "Parametry termiczne stolarki okiennej"; scientist_id: "3d3ae90c-f2f1-5148-94cd-25f966fc3c17";
2025-01-05 12:23:38 [knowledge_scraper.pipelines] INFO: Validation: set field to null - PublicationItem - validate_and_null: provided key "publisher" is not in item -> identifier: "593df829-86a0-5a7b-9532-a8b75cdd33a5"; title: "Parametry termiczne stolarki okiennej"; scientist_id: "3d3ae90c-f2f1-5148-94cd-25f966fc3c17";
2025-01-05 12:23:39 [knowledge_scraper.pipelines] INFO: Validation: set field to null - PublicationItem - validate_and_null: provided key "journal" is not in item -> identifier: "7d3aa129-a3fa-5185-bb2c-2e85c3e7554c"; title: "Parametry termiczne nowoczesnej stolarki okiennej"; scientist_id: "3d3ae90c-f2f1-5148-94cd-25f966fc3c17";
2025-01-05 12:23:39 [knowledge_scraper.pipelines] INFO: Validation: set field to null - PublicationItem - validate_and_null: provided key "publisher" is not in item -> identifier: "7d3aa129-a3fa-5185-bb2c-2e85c3e7554c"; title: "Parametry termiczne nowoczesnej stolarki okiennej"; scientist_id: "3d3ae90c-f2f1-5148-94cd-25f966fc3c17";
2025-01-05 12:23:39 [knowledge_scraper.pipelines] INFO: Validation: set field to null - PublicationItem - validate_and_null: provided key "journal" is not in item -> identifier: "466f62cb-679a-5172-aca5-6b233bf7bfa4"; title: "Optymalizacja wpływu parametrów fizyczno-technicznych na współczynnik przenikania ciepła stolarki okiennej"; scientist_id: "3d3ae90c-f2f1-5148-94cd-25f966fc3c17";
2025-01-05 12:23:39 [knowledge_scraper.pipelines] INFO: Validation: set field to null - PublicationItem - validate_and_null: provided key "publisher" is not in item -> identifier: "466f62cb-679a-5172-aca5-6b233bf7bfa4"; title: "Optymalizacja wpływu parametrów fizyczno-technicznych na współczynnik przenikania ciepła stolarki okiennej"; scientist_id: "3d3ae90c-f2f1-5148-94cd-25f966fc3c17";
2025-01-05 12:23:40 [knowledge_scraper.pipelines] INFO: Validation: set field to null - PublicationItem - validate_and_null: provided key "journal" is not in item -> identifier: "f5426d7d-5a1c-5dc3-a6c3-fd46e00ba15f"; title: "Izolacyjność termiczna współczesnej stolarki okiennej"; scientist_id: "3d3ae90c-f2f1-5148-94cd-25f966fc3c17";
2025-01-05 12:23:40 [knowledge_scraper.pipelines] INFO: Validation: set field to null - PublicationItem - validate_and_null: provided key "publisher" is not in item -> identifier: "f5426d7d-5a1c-5dc3-a6c3-fd46e00ba15f"; title: "Izolacyjność termiczna współczesnej stolarki okiennej"; scientist_id: "3d3ae90c-f2f1-5148-94cd-25f966fc3c17";
2025-01-05 12:23:40 [knowledge_scraper.pipelines] INFO: Validation: set field to null - PublicationItem - validate_and_null: provided key "journal" is not in item -> identifier: "6a7308fe-d61f-59bb-a852-9c113635ebde"; title: "Badania termoizolacyjne w ocenie jakości okien"; scientist_id: "3d3ae90c-f2f1-5148-94cd-25f966fc3c17";
2025-01-05 12:23:40 [knowledge_scraper.pipelines] INFO: Validation: set field to null - PublicationItem - validate_and_null: provided key "publisher" is not in item -> identifier: "6a7308fe-d61f-59bb-a852-9c113635ebde"; title: "Badania termoizolacyjne w ocenie jakości okien"; scientist_id: "3d3ae90c-f2f1-5148-94cd-25f966fc3c17";
2025-01-05 12:23:40 [knowledge_scraper.pipelines] INFO: Validation: set field to null - PublicationItem - validate_and_null: provided key "journal" is not in item -> identifier: "a81a3b39-337b-5017-8515-1f2d5a373181"; title: "Badania symulacyjne w ocenie jakości termicznej stolarki okiennej"; scientist_id: "3d3ae90c-f2f1-5148-94cd-25f966fc3c17";
2025-01-05 12:23:40 [knowledge_scraper.pipelines] INFO: Validation: set field to null - PublicationItem - validate_and_null: provided key "publisher" is not in item -> identifier: "a81a3b39-337b-5017-8515-1f2d5a373181"; title: "Badania symulacyjne w ocenie jakości termicznej stolarki okiennej"; scientist_id: "3d3ae90c-f2f1-5148-94cd-25f966fc3c17";
2025-01-05 12:23:41 [knowledge_scraper.pipelines] INFO: Validation: set field to null - PublicationItem - validate_and_null: provided key "publisher" is not in item -> identifier: "0c3bd7ec-97b4-5dd5-8ccb-2c3b21f4a854"; title: "Wpływ sposobu połączenia szyby z ramą na przenoszenie ciepła w ścianie osłonowej z oknem wieloskrzydłowym"; scientist_id: "3d3ae90c-f2f1-5148-94cd-25f966fc3c17";
2025-01-05 12:23:41 [knowledge_scraper.pipelines] INFO: Validation: set field to null - PublicationItem - validate_and_null: provided key "publisher" is not in item -> identifier: "8a6dfe37-831f-57ae-993d-e6ad1e84d72a"; title: "Wpływ sposobu osadzania stolarki okiennej na współczynnik przenoszenia ciepła ściany osłonowej z oknem"; scientist_id: "3d3ae90c-f2f1-5148-94cd-25f966fc3c17";
2025-01-05 12:23:41 [knowledge_scraper.pipelines] INFO: Validation: set field to null - PublicationItem - validate_and_null: provided key "publisher" is not in item -> identifier: "bb9a3f57-9db5-5e66-b13f-6ddf6e5efe04"; title: "JRP analysis of synchronization loss between signals recording during bubble departures"; scientist_id: "d80bfc03-4091-52a6-af3e-42ab3ddb8feb";
2025-01-05 12:23:42 [knowledge_scraper.pipelines] INFO: Validation: set field to null - PublicationItem - validate_and_null: provided key "journal" is not in item -> identifier: "997342d7-5c8f-538a-a27e-ebb3a8b2a6f6"; title: "Stability of micromembrane enhanced boiling in minichannel assessment using the composite multiscale sample entropy"; scientist_id: "d80bfc03-4091-52a6-af3e-42ab3ddb8feb";
2025-01-05 12:23:42 [knowledge_scraper.pipelines] INFO: Validation: set field to null - PublicationItem - validate_and_null: provided key "publisher" is not in item -> identifier: "997342d7-5c8f-538a-a27e-ebb3a8b2a6f6"; title: "Stability of micromembrane enhanced boiling in minichannel assessment using the composite multiscale sample entropy"; scientist_id: "d80bfc03-4091-52a6-af3e-42ab3ddb8feb";
2025-01-05 12:23:42 [knowledge_scraper.pipelines] INFO: Validation: set field to null - PublicationItem - validate_and_null: provided key "publisher" is not in item -> identifier: "76a13c38-e773-5a71-bbf1-3c8637409122"; title: "Recurrence analysis of phase distribution changes during boiling flow in parallel minichannels"; scientist_id: "d80bfc03-4091-52a6-af3e-42ab3ddb8feb";
2025-01-05 12:23:43 [knowledge_scraper.pipelines] INFO: Validation: set field to null - PublicationItem - validate_and_null: provided key "journal" is not in item -> identifier: "622ae36a-2098-5e23-9cf8-7ccc610181bc"; title: "Analiza złożoności dynamiki przepływów dwufazowych"; scientist_id: "d80bfc03-4091-52a6-af3e-42ab3ddb8feb";
2025-01-05 12:23:43 [knowledge_scraper.pipelines] INFO: Validation: set field to null - PublicationItem - validate_and_null: provided key "publisher" is not in item -> identifier: "622ae36a-2098-5e23-9cf8-7ccc610181bc"; title: "Analiza złożoności dynamiki przepływów dwufazowych"; scientist_id: "d80bfc03-4091-52a6-af3e-42ab3ddb8feb";
2025-01-05 12:23:43 [knowledge_scraper.pipelines] INFO: Validation: set field to null - PublicationItem - validate_and_null: provided key "publisher" is not in item -> identifier: "a04de207-9caa-5de9-921e-e05bf12b4341"; title: "Complexity of two-phase flow dynamics using the recurrence and high speed video analysis"; scientist_id: "d80bfc03-4091-52a6-af3e-42ab3ddb8feb";
2025-01-05 12:23:44 [knowledge_scraper.pipelines] INFO: Validation: set field to null - PublicationItem - validate_and_null: provided key "journal" is not in item -> identifier: "ec361e96-96c6-54ca-8a17-0da4d58ecae2"; title: "Attribute Reduction Based on MapReduce Model and Discernibility Measure"; scientist_id: "5ce25d69-f08d-507c-afed-dda9e7394391";
2025-01-05 12:23:44 [knowledge_scraper.pipelines] INFO: Validation: set field to null - PublicationItem - validate_and_null: provided key "publisher" is not in item -> identifier: "ec361e96-96c6-54ca-8a17-0da4d58ecae2"; title: "Attribute Reduction Based on MapReduce Model and Discernibility Measure"; scientist_id: "5ce25d69-f08d-507c-afed-dda9e7394391";
2025-01-05 12:23:44 [knowledge_scraper.pipelines] INFO: Validation: set field to null - PublicationItem - validate_and_null: provided key "journal" is not in item -> identifier: "7b3e8f16-9f79-5bc5-aa97-60e772ef60d1"; title: "Scalable Maximal Discernibility Discretization for Big Data"; scientist_id: "5ce25d69-f08d-507c-afed-dda9e7394391";
2025-01-05 12:23:44 [knowledge_scraper.pipelines] INFO: Validation: set field to null - PublicationItem - validate_and_null: provided key "publisher" is not in item -> identifier: "7b3e8f16-9f79-5bc5-aa97-60e772ef60d1"; title: "Scalable Maximal Discernibility Discretization for Big Data"; scientist_id: "5ce25d69-f08d-507c-afed-dda9e7394391";
2025-01-05 12:23:45 [knowledge_scraper.pipelines] INFO: Validation: set field to null - PublicationItem - validate_and_null: provided key "journal" is not in item -> identifier: "4b070c4f-8b75-5dc3-a8ad-0df5a8605abc"; title: "Development of Digital Competences of Elementary School Teachers with a Life-Long Learning Approach"; scientist_id: "5ce25d69-f08d-507c-afed-dda9e7394391";
2025-01-05 12:23:45 [knowledge_scraper.pipelines] INFO: Validation: set field to null - PublicationItem - validate_and_null: provided key "publisher" is not in item -> identifier: "4b070c4f-8b75-5dc3-a8ad-0df5a8605abc"; title: "Development of Digital Competences of Elementary School Teachers with a Life-Long Learning Approach"; scientist_id: "5ce25d69-f08d-507c-afed-dda9e7394391";
2025-01-05 12:23:45 [knowledge_scraper.pipelines] INFO: Validation: set field to null - PublicationItem - validate_and_null: provided key "journal" is not in item -> identifier: "ac835a2e-4ec6-5afc-a951-8660b4bec916"; title: "The sky luminance Distribution as Daylight factor"; scientist_id: "61b2f41d-ed85-5e24-a777-70f6ce937de2";
2025-01-05 12:23:45 [knowledge_scraper.pipelines] INFO: Validation: set field to null - PublicationItem - validate_and_null: provided key "publisher" is not in item -> identifier: "ac835a2e-4ec6-5afc-a951-8660b4bec916"; title: "The sky luminance Distribution as Daylight factor"; scientist_id: "61b2f41d-ed85-5e24-a777-70f6ce937de2";
2025-01-05 12:23:45 [knowledge_scraper.pipelines] INFO: Validation: set field to null - PublicationItem - validate_and_null: provided key "journal" is not in item -> identifier: "95cbb0a8-c5d7-50ca-b681-6e1b09311b2e"; title: "Konstruowanie symulatora sztucznego nieboskłonu na potrzeby obliczeń energetyki budynków"; scientist_id: "61b2f41d-ed85-5e24-a777-70f6ce937de2";
2025-01-05 12:23:45 [knowledge_scraper.pipelines] INFO: Validation: set field to null - PublicationItem - validate_and_null: provided key "publisher" is not in item -> identifier: "95cbb0a8-c5d7-50ca-b681-6e1b09311b2e"; title: "Konstruowanie symulatora sztucznego nieboskłonu na potrzeby obliczeń energetyki budynków"; scientist_id: "61b2f41d-ed85-5e24-a777-70f6ce937de2";
2025-01-05 12:23:46 [knowledge_scraper.pipelines] INFO: Validation: set field to null - PublicationItem - validate_and_null: provided key "journal" is not in item -> identifier: "d06b54b3-3aa3-5d19-9a6a-c4e30afacadb"; title: "Analiza zastosowania wybranych inżynierskich narzędzi symulacyjnych do modelowania światła dziennego"; scientist_id: "61b2f41d-ed85-5e24-a777-70f6ce937de2";
2025-01-05 12:23:46 [knowledge_scraper.pipelines] INFO: Validation: set field to null - PublicationItem - validate_and_null: provided key "publisher" is not in item -> identifier: "d06b54b3-3aa3-5d19-9a6a-c4e30afacadb"; title: "Analiza zastosowania wybranych inżynierskich narzędzi symulacyjnych do modelowania światła dziennego"; scientist_id: "61b2f41d-ed85-5e24-a777-70f6ce937de2";
2025-01-05 12:23:46 [knowledge_scraper.pipelines] INFO: Validation: set field to null - PublicationItem - validate_and_null: provided key "publisher" is not in item -> identifier: "0cbb4b0c-2d5c-5457-b3a4-d380fe004db5"; title: "Energy consumption of buildings depends on the daylight"; scientist_id: "61b2f41d-ed85-5e24-a777-70f6ce937de2";
2025-01-05 12:23:47 [knowledge_scraper.pipelines] INFO: Validation: set field to null - PublicationItem - validate_and_null: provided key "publisher" is not in item -> identifier: "fb3ab6a1-5a7c-5e33-bada-d182d81bea47"; title: "Analiza zastosowania wybranych inżynierskich narzędzi symulacyjnych do modelowania światła dziennego"; scientist_id: "61b2f41d-ed85-5e24-a777-70f6ce937de2";
2025-01-05 12:23:47 [knowledge_scraper.pipelines] INFO: Validation: set field to null - PublicationItem - validate_and_null: provided key "publisher" is not in item -> identifier: "12db9152-d9cf-5090-bcf4-6ceec2381af8"; title: "Analiza obwodów w aspekcie pochodnych ułamkowego rzędu i układów dodatnich"; scientist_id: "61b2f41d-ed85-5e24-a777-70f6ce937de2";
2025-01-05 12:23:47 [knowledge_scraper.pipelines] INFO: Validation: set field to null - PublicationItem - validate_and_null: provided key "journal" is not in item -> identifier: "e863c009-1e3e-5b8f-aa2c-1df188985155"; title: "Zastosowania wybranych numerycznych narzędzi inżynierskich do modelowania oświetlenia światłem dziennym w budynku użyteczności publicznej"; scientist_id: "61b2f41d-ed85-5e24-a777-70f6ce937de2";
2025-01-05 12:23:47 [knowledge_scraper.pipelines] INFO: Validation: set field to null - PublicationItem - validate_and_null: provided key "publisher" is not in item -> identifier: "e863c009-1e3e-5b8f-aa2c-1df188985155"; title: "Zastosowania wybranych numerycznych narzędzi inżynierskich do modelowania oświetlenia światłem dziennym w budynku użyteczności publicznej"; scientist_id: "61b2f41d-ed85-5e24-a777-70f6ce937de2";
2025-01-05 12:23:48 [knowledge_scraper.pipelines] INFO: Validation: set field to null - PublicationItem - validate_and_null: provided key "journal" is not in item -> identifier: "474aa564-af8b-5bf0-b4f3-03b56d1247a0"; title: "Konstruowanie Symulatora Sztucznego Nieboskłonu na potrzeby obliczeń energetyki Budynków"; scientist_id: "61b2f41d-ed85-5e24-a777-70f6ce937de2";
2025-01-05 12:23:48 [knowledge_scraper.pipelines] INFO: Validation: set field to null - PublicationItem - validate_and_null: provided key "publisher" is not in item -> identifier: "474aa564-af8b-5bf0-b4f3-03b56d1247a0"; title: "Konstruowanie Symulatora Sztucznego Nieboskłonu na potrzeby obliczeń energetyki Budynków"; scientist_id: "61b2f41d-ed85-5e24-a777-70f6ce937de2";
2025-01-05 12:23:48 [knowledge_scraper.pipelines] INFO: Validation: set field to null - PublicationItem - validate_and_null: provided key "publisher" is not in item -> identifier: "efb96e9e-a43f-5bc8-8713-a16b90a50e8d"; title: "Analysis the Conformable Fractional Derivative and Caputo definitions in the action of an electric circuit containing a supercapacitor"; scientist_id: "61b2f41d-ed85-5e24-a777-70f6ce937de2";
2025-01-05 12:23:49 [knowledge_scraper.pipelines] INFO: Validation: set field to null - PublicationItem - validate_and_null: provided key "publisher" is not in item -> identifier: "b84627c8-aa1a-5444-b3b4-aa6f1ea0b123"; title: "Positive continuous - time linear electrical circuit"; scientist_id: "61b2f41d-ed85-5e24-a777-70f6ce937de2";
2025-01-05 12:23:49 [knowledge_scraper.pipelines] INFO: Validation: set field to null - PublicationItem - validate_and_null: provided key "publisher" is not in item -> identifier: "0b2183f9-eb4b-528a-b7a8-e2a5ed6a5024"; title: "Analysis of linear continuous-time systems by the use of the conformable fractional calculus and Caputo"; scientist_id: "61b2f41d-ed85-5e24-a777-70f6ce937de2";
2025-01-05 12:23:49 [knowledge_scraper.pipelines] INFO: Validation: set field to null - PublicationItem - validate_and_null: provided key "publisher" is not in item -> identifier: "22a2ed88-f762-5af7-a9de-1a54fca5f6b2"; title: "Analysis of fractional electrical circuit with rectangular input signal using Caputo and conformable derivative definitions"; scientist_id: "61b2f41d-ed85-5e24-a777-70f6ce937de2";
2025-01-05 12:23:50 [knowledge_scraper.pipelines] INFO: Validation: set field to null - PublicationItem - validate_and_null: provided key "publisher" is not in item -> identifier: "cf81ca5a-d17e-5c39-82c0-ebf23cfc764c"; title: "Analiza rozkładów luminancji wybranych nieboskłonów"; scientist_id: "61b2f41d-ed85-5e24-a777-70f6ce937de2";
2025-01-05 12:23:50 [knowledge_scraper.pipelines] INFO: Validation: set field to null - PublicationItem - validate_and_null: provided key "journal" is not in item -> identifier: "2c4e7cdf-e163-5730-a7ee-80adbe37c3c0"; title: "Analysis of fractional capacitor and coil by the use of the Conformable Fractional Derivative and Caputo definitions"; scientist_id: "61b2f41d-ed85-5e24-a777-70f6ce937de2";
2025-01-05 12:23:50 [knowledge_scraper.pipelines] INFO: Validation: set field to null - PublicationItem - validate_and_null: provided key "publisher" is not in item -> identifier: "2c4e7cdf-e163-5730-a7ee-80adbe37c3c0"; title: "Analysis of fractional capacitor and coil by the use of the Conformable Fractional Derivative and Caputo definitions"; scientist_id: "61b2f41d-ed85-5e24-a777-70f6ce937de2";
2025-01-05 12:23:50 [knowledge_scraper.pipelines] INFO: Validation: set field to null - PublicationItem - validate_and_null: provided key "publisher" is not in item -> identifier: "101bbe86-67b2-5313-b25d-c023b3dacf4d"; title: "Analysis of Fractional Electrical Circuit with Sinusoidal Input Signal Using Caputo And Conformable Derivative Definitions"; scientist_id: "61b2f41d-ed85-5e24-a777-70f6ce937de2";
2025-01-05 12:23:51 [knowledge_scraper.pipelines] INFO: Validation: set field to null - PublicationItem - validate_and_null: provided key "journal" is not in item -> identifier: "d0dd7297-4bc8-5d08-9ccd-1489fce69999"; title: "Analysis of Fractional Electrical Circuit Using Caputo and Conformable Derivative Definitions"; scientist_id: "61b2f41d-ed85-5e24-a777-70f6ce937de2";
2025-01-05 12:23:51 [knowledge_scraper.pipelines] INFO: Validation: set field to null - PublicationItem - validate_and_null: provided key "publisher" is not in item -> identifier: "d0dd7297-4bc8-5d08-9ccd-1489fce69999"; title: "Analysis of Fractional Electrical Circuit Using Caputo and Conformable Derivative Definitions"; scientist_id: "61b2f41d-ed85-5e24-a777-70f6ce937de2";
2025-01-05 12:23:51 [knowledge_scraper.pipelines] INFO: Validation: set field to null - PublicationItem - validate_and_null: provided key "publisher" is not in item -> identifier: "1b11ebed-3e58-5b18-aa81-007db5d53cb4"; title: "PROBLEMS WITH MODELING OF FRACTIONAL ELECTRICAL CIRCUITS CONTAINING SUPERCAPACITORS "; scientist_id: "61b2f41d-ed85-5e24-a777-70f6ce937de2";
2025-01-05 12:23:52 [knowledge_scraper.pipelines] INFO: Validation: set field to null - PublicationItem - validate_and_null: provided key "journal" is not in item -> identifier: "1d836929-597d-5e58-8b17-1d866569875e"; title: "Using the conformable fractional derivative in Caputo sense operator to describe the behavior of an RC electrical circuit containing a supercapacitor"; scientist_id: "61b2f41d-ed85-5e24-a777-70f6ce937de2";
2025-01-05 12:23:52 [knowledge_scraper.pipelines] INFO: Validation: set field to null - PublicationItem - validate_and_null: provided key "publisher" is not in item -> identifier: "1d836929-597d-5e58-8b17-1d866569875e"; title: "Using the conformable fractional derivative in Caputo sense operator to describe the behavior of an RC electrical circuit containing a supercapacitor"; scientist_id: "61b2f41d-ed85-5e24-a777-70f6ce937de2";
2025-01-05 12:23:52 [knowledge_scraper.pipelines] INFO: Validation: set field to null - PublicationItem - validate_and_null: provided key "publisher" is not in item -> identifier: "3b265104-889d-5adf-b845-602c8c20ebfb"; title: "Time-Domain Analysis of Fractional Electrical Circuit Containing Two Ladder Elements"; scientist_id: "61b2f41d-ed85-5e24-a777-70f6ce937de2";
2025-01-05 12:23:52 [knowledge_scraper.pipelines] INFO: Validation: set field to null - PublicationItem - validate_and_null: provided key "publisher" is not in item -> identifier: "bcc74025-2367-5f56-acc6-d7556ce28912"; title: "Analysis of an Electrical Circuit Using Two-Parameter Conformable Operator in the Caputo Sense"; scientist_id: "61b2f41d-ed85-5e24-a777-70f6ce937de2";
2025-01-05 12:23:53 [knowledge_scraper.pipelines] INFO: Validation: set field to null - PublicationItem - validate_and_null: provided key "journal" is not in item -> identifier: "349ec0ec-a785-5524-a13f-779bd6225fa9"; title: "Optymalizacja procesu spalania biomasy typu "cow dung""; scientist_id: "28da5de2-6b49-5f6e-a1d2-0baa7c725a9d";
2025-01-05 12:23:53 [knowledge_scraper.pipelines] INFO: Validation: set field to null - PublicationItem - validate_and_null: provided key "publisher" is not in item -> identifier: "349ec0ec-a785-5524-a13f-779bd6225fa9"; title: "Optymalizacja procesu spalania biomasy typu "cow dung""; scientist_id: "28da5de2-6b49-5f6e-a1d2-0baa7c725a9d";
2025-01-05 12:23:53 [knowledge_scraper.pipelines] INFO: Validation: set field to null - PublicationItem - validate_and_null: provided key "publisher" is not in item -> identifier: "7a1f60c2-6a88-5d04-ae5d-4c056532e773"; title: "Ocena energetycznych właściwości odchodów zwierzęcych cow dung"; scientist_id: "28da5de2-6b49-5f6e-a1d2-0baa7c725a9d";
2025-01-05 12:23:53 [knowledge_scraper.pipelines] INFO: Validation: set field to null - PublicationItem - validate_and_null: provided key "journal" is not in item -> identifier: "567e171b-7dff-50b6-a500-b6bb75405596"; title: "The use of cow dung biomass for energy production"; scientist_id: "28da5de2-6b49-5f6e-a1d2-0baa7c725a9d";
2025-01-05 12:23:53 [knowledge_scraper.pipelines] INFO: Validation: set field to null - PublicationItem - validate_and_null: provided key "publisher" is not in item -> identifier: "567e171b-7dff-50b6-a500-b6bb75405596"; title: "The use of cow dung biomass for energy production"; scientist_id: "28da5de2-6b49-5f6e-a1d2-0baa7c725a9d";
2025-01-05 12:23:54 [knowledge_scraper.pipelines] INFO: Validation: set field to null - PublicationItem - validate_and_null: provided key "journal" is not in item -> identifier: "025be40a-27da-529f-95d0-641a8eff2090"; title: "Ocena parametrów energetycznych odchodów zwierzęcych "cow dung""; scientist_id: "28da5de2-6b49-5f6e-a1d2-0baa7c725a9d";
2025-01-05 12:23:54 [knowledge_scraper.pipelines] INFO: Validation: set field to null - PublicationItem - validate_and_null: provided key "publisher" is not in item -> identifier: "025be40a-27da-529f-95d0-641a8eff2090"; title: "Ocena parametrów energetycznych odchodów zwierzęcych "cow dung""; scientist_id: "28da5de2-6b49-5f6e-a1d2-0baa7c725a9d";
2025-01-05 12:23:54 [knowledge_scraper.pipelines] INFO: Validation: set field to null - PublicationItem - validate_and_null: provided key "journal" is not in item -> identifier: "c70045ea-56b8-5842-a6cb-7e9326c28691"; title: "Ocena energetycznych właściwości odchodów zwierzęcych "cow dung""; scientist_id: "28da5de2-6b49-5f6e-a1d2-0baa7c725a9d";
2025-01-05 12:23:54 [knowledge_scraper.pipelines] INFO: Validation: set field to null - PublicationItem - validate_and_null: provided key "publisher" is not in item -> identifier: "c70045ea-56b8-5842-a6cb-7e9326c28691"; title: "Ocena energetycznych właściwości odchodów zwierzęcych "cow dung""; scientist_id: "28da5de2-6b49-5f6e-a1d2-0baa7c725a9d";
2025-01-05 12:23:55 [knowledge_scraper.pipelines] INFO: Validation: set field to null - PublicationItem - validate_and_null: provided key "publisher" is not in item -> identifier: "d09cd179-c036-50b1-8167-664347753293"; title: "The Effect of Moisture and Ash on the Calorific Value of Cow Dung Biomass"; scientist_id: "28da5de2-6b49-5f6e-a1d2-0baa7c725a9d";
2025-01-05 12:23:55 [knowledge_scraper.pipelines] INFO: Validation: set field to null - PublicationItem - validate_and_null: provided key "publisher" is not in item -> identifier: "15d944a5-1efc-51f3-8132-2d7774e3418c"; title: "Characteristics of Ashes from the Combustion of Cow Dung Biomass"; scientist_id: "28da5de2-6b49-5f6e-a1d2-0baa7c725a9d";
2025-01-05 12:23:56 [knowledge_scraper.pipelines] INFO: Validation: set field to null - PublicationItem - validate_and_null: provided key "journal" is not in item -> identifier: "5d47f6f9-bd0e-557d-8570-d0075fc5d09e"; title: "Charakterystyka popiołów ze spalania biomasy cow dung"; scientist_id: "28da5de2-6b49-5f6e-a1d2-0baa7c725a9d";
2025-01-05 12:23:56 [knowledge_scraper.pipelines] INFO: Validation: set field to null - PublicationItem - validate_and_null: provided key "publisher" is not in item -> identifier: "5d47f6f9-bd0e-557d-8570-d0075fc5d09e"; title: "Charakterystyka popiołów ze spalania biomasy cow dung"; scientist_id: "28da5de2-6b49-5f6e-a1d2-0baa7c725a9d";
2025-01-05 12:23:56 [knowledge_scraper.pipelines] INFO: Validation: set field to null - PublicationItem - validate_and_null: provided key "publisher" is not in item -> identifier: "f9f5ee6a-9874-5e52-8bc5-fc53d40b5d00"; title: "Assessment of Cow Dung Pellets as a Renewable Solid Fuel in Direct Combustion Technologies"; scientist_id: "28da5de2-6b49-5f6e-a1d2-0baa7c725a9d";
2025-01-05 12:23:57 [knowledge_scraper.pipelines] INFO: Validation: set field to null - PublicationItem - validate_and_null: provided key "publisher" is not in item -> identifier: "467d1fe9-a0a5-5e95-8cec-175aa2b29cc0"; title: "The influence of cow dung and mixed straw ashes on steel corrosion"; scientist_id: "28da5de2-6b49-5f6e-a1d2-0baa7c725a9d";
2025-01-05 12:23:57 [knowledge_scraper.pipelines] INFO: Validation: set field to null - PublicationItem - validate_and_null: provided key "publisher" is not in item -> identifier: "3fc36092-1039-5a85-9ba2-5d2537192403"; title: "Simulaton of Processes Occurring in the Extrusion Head Used in Additive Manufacturing Technology"; scientist_id: "47d7f1d6-008c-53e3-915a-f93cb1627e50";
2025-01-05 12:23:58 [scrapy.extensions.logstats] INFO: Crawled 1317 pages (at 102 pages/min), scraped 1356 items (at 98 items/min)
2025-01-05 12:23:58 [knowledge_scraper.pipelines] INFO: Validation: set field to null - PublicationItem - validate_and_null: provided key "journal" is not in item -> identifier: "91f73926-4932-5a8c-a75d-9575f65e1844"; title: "Symulacja procesów zachodzących w głowicy wytłaczającej używanej w przyrostowych technologiach wytwarzania"; scientist_id: "47d7f1d6-008c-53e3-915a-f93cb1627e50";
2025-01-05 12:23:58 [knowledge_scraper.pipelines] INFO: Validation: set field to null - PublicationItem - validate_and_null: provided key "publisher" is not in item -> identifier: "91f73926-4932-5a8c-a75d-9575f65e1844"; title: "Symulacja procesów zachodzących w głowicy wytłaczającej używanej w przyrostowych technologiach wytwarzania"; scientist_id: "47d7f1d6-008c-53e3-915a-f93cb1627e50";
2025-01-05 12:23:58 [knowledge_scraper.pipelines] INFO: Validation: set field to null - PublicationItem - validate_and_null: provided key "publisher" is not in item -> identifier: "c0b25341-f0e3-5319-8c40-b065750ee5ff"; title: "Structure Control in Fiber Reinforced Polymer Composites in Additive Manufacturing Technologies"; scientist_id: "47d7f1d6-008c-53e3-915a-f93cb1627e50";
2025-01-05 12:23:59 [knowledge_scraper.pipelines] INFO: Validation: set field to null - PublicationItem - validate_and_null: provided key "journal" is not in item -> identifier: "6529140d-a887-5246-a565-74577baaab41"; title: "Sterowanie strukturą włókien w kompozytach z wykorzystaniem głowicy wytłaczającej w przyrostowych technologiach wytwarzania"; scientist_id: "47d7f1d6-008c-53e3-915a-f93cb1627e50";
2025-01-05 12:23:59 [knowledge_scraper.pipelines] INFO: Validation: set field to null - PublicationItem - validate_and_null: provided key "publisher" is not in item -> identifier: "6529140d-a887-5246-a565-74577baaab41"; title: "Sterowanie strukturą włókien w kompozytach z wykorzystaniem głowicy wytłaczającej w przyrostowych technologiach wytwarzania"; scientist_id: "47d7f1d6-008c-53e3-915a-f93cb1627e50";
2025-01-05 12:24:00 [knowledge_scraper.pipelines] INFO: Validation: set field to null - PublicationItem - validate_and_null: provided key "journal" is not in item -> identifier: "8dd1fe0f-6fad-5f07-8766-919ee22a829c"; title: "Sterowanie strukturą ułożenia włókien w kompozytach z wykorzystywaniem głowicy wytłaczającej w additive manufacturing "; scientist_id: "47d7f1d6-008c-53e3-915a-f93cb1627e50";
2025-01-05 12:24:00 [knowledge_scraper.pipelines] INFO: Validation: set field to null - PublicationItem - validate_and_null: provided key "publisher" is not in item -> identifier: "8dd1fe0f-6fad-5f07-8766-919ee22a829c"; title: "Sterowanie strukturą ułożenia włókien w kompozytach z wykorzystywaniem głowicy wytłaczającej w additive manufacturing "; scientist_id: "47d7f1d6-008c-53e3-915a-f93cb1627e50";
2025-01-05 12:24:00 [knowledge_scraper.pipelines] INFO: Validation: set field to null - PublicationItem - validate_and_null: provided key "journal" is not in item -> identifier: "39192675-5603-52f3-8f30-195178e180c1"; title: "Analysis of FDM extrusion head design as application reinforced composite materials productions"; scientist_id: "47d7f1d6-008c-53e3-915a-f93cb1627e50";
2025-01-05 12:24:00 [knowledge_scraper.pipelines] INFO: Validation: set field to null - PublicationItem - validate_and_null: provided key "publisher" is not in item -> identifier: "39192675-5603-52f3-8f30-195178e180c1"; title: "Analysis of FDM extrusion head design as application reinforced composite materials productions"; scientist_id: "47d7f1d6-008c-53e3-915a-f93cb1627e50";
2025-01-05 12:24:01 [knowledge_scraper.pipelines] INFO: Validation: set field to null - PublicationItem - validate_and_null: provided key "publisher" is not in item -> identifier: "2b43a281-e8e5-5e17-ae87-2e77f8b9182a"; title: "Tribological Behaviour of Additively Manufactured Fiber-Reinforced Thermoplastic Composites in Various Environments"; scientist_id: "47d7f1d6-008c-53e3-915a-f93cb1627e50";
2025-01-05 12:24:01 [knowledge_scraper.pipelines] INFO: Validation: set field to null - PublicationItem - validate_and_null: provided key "publisher" is not in item -> identifier: "5b242ee6-d65a-576b-ae6b-5fe6685f350c"; title: "Investigation of Tribological and Strength Properties of ABS/CF Fibrous Composites Formed in Fused Deposition Modeling"; scientist_id: "47d7f1d6-008c-53e3-915a-f93cb1627e50";
2025-01-05 12:24:02 [knowledge_scraper.pipelines] INFO: Validation: set field to null - PublicationItem - validate_and_null: provided key "journal" is not in item -> identifier: "cb545b06-3d79-59ba-ae47-84f20fcdb180"; title: "Methods of effectively forming fiber composites in Fused Deposition Modeling"; scientist_id: "47d7f1d6-008c-53e3-915a-f93cb1627e50";
2025-01-05 12:24:02 [knowledge_scraper.pipelines] INFO: Validation: set field to null - PublicationItem - validate_and_null: provided key "publisher" is not in item -> identifier: "cb545b06-3d79-59ba-ae47-84f20fcdb180"; title: "Methods of effectively forming fiber composites in Fused Deposition Modeling"; scientist_id: "47d7f1d6-008c-53e3-915a-f93cb1627e50";
2025-01-05 12:24:02 [knowledge_scraper.pipelines] INFO: Validation: set field to null - PublicationItem - validate_and_null: provided key "publisher" is not in item -> identifier: "70419d2f-99ee-5ea9-8cfa-42944939c5cf"; title: "Wpływ parametrów fizykalnych elementów stolarki okiennej na współczynnik przenikania ciepła okien"; scientist_id: "3d3ae90c-f2f1-5148-94cd-25f966fc3c17";
2025-01-05 12:24:03 [knowledge_scraper.pipelines] INFO: Validation: set field to null - PublicationItem - validate_and_null: provided key "publisher" is not in item -> identifier: "174351bb-659b-5ae8-8052-b313f93d7997"; title: "Wpływ osłony przeciwsłonecznej na współczynnik przenikania ciepła okna"; scientist_id: "3d3ae90c-f2f1-5148-94cd-25f966fc3c17";
2025-01-05 12:24:03 [knowledge_scraper.pipelines] INFO: Validation: set field to null - PublicationItem - validate_and_null: provided key "publisher" is not in item -> identifier: "dd5696e2-6eba-558d-a523-19cc2ca11f0c"; title: "Właściwości cieplne wieloskrzydłowych okien o zmiennych parametrach geometrycznych"; scientist_id: "3d3ae90c-f2f1-5148-94cd-25f966fc3c17";
2025-01-05 12:24:04 [knowledge_scraper.pipelines] INFO: Validation: set field to null - PublicationItem - validate_and_null: provided key "publisher" is not in item -> identifier: "d0cb61fd-e5b9-5bf7-a41c-61f8fc326e63"; title: "Wieloskrzydłowa stolarka okienna w budynkach mieszkalnych i jej właściwości cieplne"; scientist_id: "3d3ae90c-f2f1-5148-94cd-25f966fc3c17";
2025-01-05 12:24:04 [knowledge_scraper.pipelines] INFO: Validation: set field to null - PublicationItem - validate_and_null: provided key "publisher" is not in item -> identifier: "92032eed-485d-5f75-92d8-c7aa77989b97"; title: "Model matematyczny współczynnika przenikania ciepła ściany osłonowej z oknem z uwzględnieniem powierzchni elementów składowych"; scientist_id: "3d3ae90c-f2f1-5148-94cd-25f966fc3c17";
2025-01-05 12:24:05 [knowledge_scraper.pipelines] INFO: Validation: set field to null - PublicationItem - validate_and_null: provided key "publisher" is not in item -> identifier: "8a71492b-4a6a-5ae7-a72a-e780ed823d24"; title: "Analiza współczynnika przenoszenia ciepła fragmentu ściany zewnętrznej z oknem"; scientist_id: "3d3ae90c-f2f1-5148-94cd-25f966fc3c17";
2025-01-05 12:24:05 [knowledge_scraper.pipelines] INFO: Validation: set field to null - PublicationItem - validate_and_null: provided key "publisher" is not in item -> identifier: "ec9d952d-ef4c-5322-a865-6a60b5b4ef7a"; title: "Analiza warunków dopływu energii słonecznej przez wieloskrzydłowe okna o zmiennej konfiguracji"; scientist_id: "3d3ae90c-f2f1-5148-94cd-25f966fc3c17";
2025-01-05 12:24:06 [knowledge_scraper.pipelines] INFO: Validation: set field to null - PublicationItem - validate_and_null: provided key "publisher" is not in item -> identifier: "f6690aea-356a-59d4-97f5-b6d123ae76e4"; title: "Analiza przenikania ciepła w ścianie osłonowej z oknem wieloskrzydłowym"; scientist_id: "3d3ae90c-f2f1-5148-94cd-25f966fc3c17";
2025-01-05 12:24:06 [knowledge_scraper.pipelines] INFO: Validation: set field to null - PublicationItem - validate_and_null: provided key "publisher" is not in item -> identifier: "be02ed36-d9d1-5c4e-bf60-1389b175d115"; title: "Analiza przenikania ciepła przez ścianę osłonową z oknem"; scientist_id: "3d3ae90c-f2f1-5148-94cd-25f966fc3c17";
2025-01-05 12:24:06 [knowledge_scraper.pipelines] INFO: Validation: set field to null - PublicationItem - validate_and_null: provided key "publisher" is not in item -> identifier: "369399df-93ff-5535-bccd-25b0987b2af0"; title: "Analiza bilansu cieplnego fragmentu ściany osłonowej z oknem w budynku mieszkalnym"; scientist_id: "3d3ae90c-f2f1-5148-94cd-25f966fc3c17";
2025-01-05 12:24:07 [knowledge_scraper.pipelines] INFO: Validation: set field to null - PublicationItem - validate_and_null: provided key "publisher" is not in item -> identifier: "249f6278-295d-5338-b098-5d9f0cf2c0ab"; title: "Heat parameters of multi-sash windows in residential buildings"; scientist_id: "3d3ae90c-f2f1-5148-94cd-25f966fc3c17";
2025-01-05 12:24:07 [knowledge_scraper.pipelines] INFO: Validation: set field to null - PublicationItem - validate_and_null: provided key "journal" is not in item -> identifier: "8d18c5d5-3d73-50e0-8ba0-d23c20ac958d"; title: "Model matematyczny współczynnika przenikania ciepła okien o zmiennej powierzchni w zależności od parametrów fizykalnych"; scientist_id: "3d3ae90c-f2f1-5148-94cd-25f966fc3c17";
2025-01-05 12:24:07 [knowledge_scraper.pipelines] INFO: Validation: set field to null - PublicationItem - validate_and_null: provided key "publisher" is not in item -> identifier: "8d18c5d5-3d73-50e0-8ba0-d23c20ac958d"; title: "Model matematyczny współczynnika przenikania ciepła okien o zmiennej powierzchni w zależności od parametrów fizykalnych"; scientist_id: "3d3ae90c-f2f1-5148-94cd-25f966fc3c17";
2025-01-05 12:24:07 [knowledge_scraper.pipelines] INFO: Validation: set field to null - PublicationItem - validate_and_null: provided key "journal" is not in item -> identifier: "567d4fce-017b-55f9-8101-56a86dfaf760"; title: "Zastosowanie nanotechnologii w powłokach elewacyjnych i szkłach"; scientist_id: "3d3ae90c-f2f1-5148-94cd-25f966fc3c17";
2025-01-05 12:24:07 [knowledge_scraper.pipelines] INFO: Validation: set field to null - PublicationItem - validate_and_null: provided key "publisher" is not in item -> identifier: "567d4fce-017b-55f9-8101-56a86dfaf760"; title: "Zastosowanie nanotechnologii w powłokach elewacyjnych i szkłach"; scientist_id: "3d3ae90c-f2f1-5148-94cd-25f966fc3c17";
2025-01-05 12:24:08 [knowledge_scraper.pipelines] INFO: Validation: set field to null - PublicationItem - validate_and_null: provided key "journal" is not in item -> identifier: "e8fd9b9d-8d79-5322-b342-093dec86db80"; title: "Ochrona cieplna budynku mieszkalnego z pustaków ceramicznych na zaprawie poliuretanowej"; scientist_id: "3d3ae90c-f2f1-5148-94cd-25f966fc3c17";
2025-01-05 12:24:08 [knowledge_scraper.pipelines] INFO: Validation: set field to null - PublicationItem - validate_and_null: provided key "publisher" is not in item -> identifier: "e8fd9b9d-8d79-5322-b342-093dec86db80"; title: "Ochrona cieplna budynku mieszkalnego z pustaków ceramicznych na zaprawie poliuretanowej"; scientist_id: "3d3ae90c-f2f1-5148-94cd-25f966fc3c17";
2025-01-05 12:24:08 [knowledge_scraper.pipelines] INFO: Validation: set field to null - PublicationItem - validate_and_null: provided key "publisher" is not in item -> identifier: "973cc577-45ea-575b-a144-37944ffa0426"; title: "Wpływ parametrów fizykalnych na współczynnik przenikania ciepła okien wieloskrzydłowych"; scientist_id: "3d3ae90c-f2f1-5148-94cd-25f966fc3c17";
2025-01-05 12:24:09 [knowledge_scraper.pipelines] INFO: Validation: set field to null - PublicationItem - validate_and_null: provided key "journal" is not in item -> identifier: "d9714a5a-d76d-53f0-87df-a5cf3bf4fdc7"; title: "Window construction and its main features"; scientist_id: "3d3ae90c-f2f1-5148-94cd-25f966fc3c17";
2025-01-05 12:24:09 [knowledge_scraper.pipelines] INFO: Validation: set field to null - PublicationItem - validate_and_null: provided key "publisher" is not in item -> identifier: "d9714a5a-d76d-53f0-87df-a5cf3bf4fdc7"; title: "Window construction and its main features"; scientist_id: "3d3ae90c-f2f1-5148-94cd-25f966fc3c17";
2025-01-05 12:24:09 [knowledge_scraper.pipelines] INFO: Validation: set field to null - PublicationItem - validate_and_null: provided key "publisher" is not in item -> identifier: "92e42412-d4e4-5c3f-a7bd-0104f0f35279"; title: "Przenoszenie ciepła w ścianie z oknem z osłoną przeciwsłoneczną"; scientist_id: "3d3ae90c-f2f1-5148-94cd-25f966fc3c17";
2025-01-05 12:24:09 [knowledge_scraper.pipelines] INFO: Validation: set field to null - PublicationItem - validate_and_null: provided key "publisher" is not in item -> identifier: "a5ec8240-4f23-563b-820d-43709f60cffd"; title: "Bilans cieplny fragmentu ściany osłonowej z oknem przy różnej orientacji"; scientist_id: "3d3ae90c-f2f1-5148-94cd-25f966fc3c17";
2025-01-05 12:24:10 [knowledge_scraper.pipelines] INFO: Validation: set field to null - PublicationItem - validate_and_null: provided key "publisher" is not in item -> identifier: "7f84ba1c-42fe-5b9d-9dee-4b72566cf7c2"; title: "Analiza współczynnika przenikania ciepła okna z osłoną przeciwsłoneczną"; scientist_id: "3d3ae90c-f2f1-5148-94cd-25f966fc3c17";
2025-01-05 12:24:10 [knowledge_scraper.pipelines] INFO: Validation: set field to null - PublicationItem - validate_and_null: provided key "publisher" is not in item -> identifier: "1a3a82f5-dcc9-5122-a374-6ac19fefbb58"; title: "Standardy okien według WT 2021"; scientist_id: "3d3ae90c-f2f1-5148-94cd-25f966fc3c17";
2025-01-05 12:24:11 [knowledge_scraper.pipelines] INFO: Validation: set field to null - PublicationItem - validate_and_null: provided key "journal" is not in item -> identifier: "98be4162-5d5a-5ec4-83b5-08637c8ce15b"; title: "Zapis przestrzeni jest przestrzenią"; scientist_id: "a82ce27f-a7ac-5e11-b53a-abf9cc8eaf10";
2025-01-05 12:24:11 [knowledge_scraper.pipelines] INFO: Validation: set field to null - PublicationItem - validate_and_null: provided key "publisher" is not in item -> identifier: "98be4162-5d5a-5ec4-83b5-08637c8ce15b"; title: "Zapis przestrzeni jest przestrzenią"; scientist_id: "a82ce27f-a7ac-5e11-b53a-abf9cc8eaf10";
2025-01-05 12:24:11 [knowledge_scraper.pipelines] INFO: Validation: set field to null - PublicationItem - validate_and_null: provided key "publisher" is not in item -> identifier: "5a067ea9-220b-53d3-9935-31fef99cef87"; title: "The phenomenology and philosophy of simulacra influence on the VR"; scientist_id: "a82ce27f-a7ac-5e11-b53a-abf9cc8eaf10";
2025-01-05 12:24:11 [knowledge_scraper.pipelines] INFO: Validation: set field to null - PublicationItem - validate_and_null: provided key "journal" is not in item -> identifier: "f924c3cc-54e0-59d0-9411-9ad1120f6b9b"; title: "Museum 2.0 - Implementation of 3D Digital tools"; scientist_id: "a82ce27f-a7ac-5e11-b53a-abf9cc8eaf10";
2025-01-05 12:24:11 [knowledge_scraper.pipelines] INFO: Validation: set field to null - PublicationItem - validate_and_null: provided key "publisher" is not in item -> identifier: "f924c3cc-54e0-59d0-9411-9ad1120f6b9b"; title: "Museum 2.0 - Implementation of 3D Digital tools"; scientist_id: "a82ce27f-a7ac-5e11-b53a-abf9cc8eaf10";
2025-01-05 12:24:12 [knowledge_scraper.pipelines] INFO: Validation: set field to null - PublicationItem - validate_and_null: provided key "journal" is not in item -> identifier: "a57701d1-4b72-5828-a1ab-723260a4b799"; title: "Digital Architectural Composition - 30 years of experience and experimentation"; scientist_id: "a82ce27f-a7ac-5e11-b53a-abf9cc8eaf10";
2025-01-05 12:24:12 [knowledge_scraper.pipelines] INFO: Validation: set field to null - PublicationItem - validate_and_null: provided key "publisher" is not in item -> identifier: "a57701d1-4b72-5828-a1ab-723260a4b799"; title: "Digital Architectural Composition - 30 years of experience and experimentation"; scientist_id: "a82ce27f-a7ac-5e11-b53a-abf9cc8eaf10";
2025-01-05 12:24:12 [knowledge_scraper.pipelines] INFO: Validation: set field to null - PublicationItem - validate_and_null: provided key "journal" is not in item -> identifier: "73b9aeed-6449-5189-8486-5a4f81e5013d"; title: "Parametric design. Tool, medium or new paradigm?"; scientist_id: "a82ce27f-a7ac-5e11-b53a-abf9cc8eaf10";
2025-01-05 12:24:12 [knowledge_scraper.pipelines] INFO: Validation: set field to null - PublicationItem - validate_and_null: provided key "publisher" is not in item -> identifier: "73b9aeed-6449-5189-8486-5a4f81e5013d"; title: "Parametric design. Tool, medium or new paradigm?"; scientist_id: "a82ce27f-a7ac-5e11-b53a-abf9cc8eaf10";
2025-01-05 12:24:12 [knowledge_scraper.pipelines] INFO: Validation: set field to null - PublicationItem - validate_and_null: provided key "journal" is not in item -> identifier: "2fdb9849-52ab-5e84-8d16-c819a11e6827"; title: "Digital Architectural Composition in Virtual Space"; scientist_id: "a82ce27f-a7ac-5e11-b53a-abf9cc8eaf10";
2025-01-05 12:24:12 [knowledge_scraper.pipelines] INFO: Validation: set field to null - PublicationItem - validate_and_null: provided key "publisher" is not in item -> identifier: "2fdb9849-52ab-5e84-8d16-c819a11e6827"; title: "Digital Architectural Composition in Virtual Space"; scientist_id: "a82ce27f-a7ac-5e11-b53a-abf9cc8eaf10";
2025-01-05 12:24:13 [knowledge_scraper.pipelines] INFO: Validation: set field to null - PublicationItem - validate_and_null: provided key "publisher" is not in item -> identifier: "f7683ed1-2e09-5718-a52c-76953dc56f67"; title: "The maximum tensile stress in a micro-periodic composite half-space with slant layering under frictional contact on its surface"; scientist_id: "b0fa0803-8bd9-5c97-abaf-0643cb696a4b";
2025-01-05 12:24:13 [knowledge_scraper.pipelines] INFO: Validation: set field to null - PublicationItem - validate_and_null: provided key "publisher" is not in item -> identifier: "4ced8070-96a6-5023-9daa-41445dc52b5f"; title: "On stress analysis of load for microperiodic composite half-plane with slant lamination"; scientist_id: "b0fa0803-8bd9-5c97-abaf-0643cb696a4b";
2025-01-05 12:24:14 [knowledge_scraper.pipelines] INFO: Validation: set field to null - PublicationItem - validate_and_null: provided key "publisher" is not in item -> identifier: "80c9c44d-6e51-52c3-a912-6def7228b087"; title: "Axisymmetric stationary heat conduction problem for half-space with temperature-dependent properties"; scientist_id: "b0fa0803-8bd9-5c97-abaf-0643cb696a4b";
2025-01-05 12:24:14 [knowledge_scraper.pipelines] INFO: Validation: set field to null - PublicationItem - validate_and_null: provided key "journal" is not in item -> identifier: "d6b420c5-40cb-5f86-bec5-07f46b5144e8"; title: "On plane contact problem for microperiodic composite half-space with slant lamination "; scientist_id: "b0fa0803-8bd9-5c97-abaf-0643cb696a4b";
2025-01-05 12:24:14 [knowledge_scraper.pipelines] INFO: Validation: set field to null - PublicationItem - validate_and_null: provided key "publisher" is not in item -> identifier: "d6b420c5-40cb-5f86-bec5-07f46b5144e8"; title: "On plane contact problem for microperiodic composite half-space with slant lamination "; scientist_id: "b0fa0803-8bd9-5c97-abaf-0643cb696a4b";
2025-01-05 12:24:14 [knowledge_scraper.pipelines] INFO: Validation: set field to null - PublicationItem - validate_and_null: provided key "journal" is not in item -> identifier: "0e0aec0b-d872-5402-acd2-741c0605fc2e"; title: "On a plane contact problem for a microperiodic composite half-space with slant lamination"; scientist_id: "b0fa0803-8bd9-5c97-abaf-0643cb696a4b";
2025-01-05 12:24:14 [knowledge_scraper.pipelines] INFO: Validation: set field to null - PublicationItem - validate_and_null: provided key "publisher" is not in item -> identifier: "0e0aec0b-d872-5402-acd2-741c0605fc2e"; title: "On a plane contact problem for a microperiodic composite half-space with slant lamination"; scientist_id: "b0fa0803-8bd9-5c97-abaf-0643cb696a4b";
2025-01-05 12:24:15 [knowledge_scraper.pipelines] INFO: Validation: set field to null - PublicationItem - validate_and_null: provided key "journal" is not in item -> identifier: "6871ad8d-b3a3-5018-9d0a-d225f7f52eb1"; title: "Green functions for a microperiodic composite half-space with slant layering"; scientist_id: "b0fa0803-8bd9-5c97-abaf-0643cb696a4b";
2025-01-05 12:24:15 [knowledge_scraper.pipelines] INFO: Validation: set field to null - PublicationItem - validate_and_null: provided key "publisher" is not in item -> identifier: "6871ad8d-b3a3-5018-9d0a-d225f7f52eb1"; title: "Green functions for a microperiodic composite half-space with slant layering"; scientist_id: "b0fa0803-8bd9-5c97-abaf-0643cb696a4b";
2025-01-05 12:24:15 [knowledge_scraper.pipelines] INFO: Validation: set field to null - PublicationItem - validate_and_null: provided key "publisher" is not in item -> identifier: "057fc676-2b98-5516-bfdc-afde11edb57e"; title: "On contact problem for the microperiodic composite half-plane with slant layering"; scientist_id: "b0fa0803-8bd9-5c97-abaf-0643cb696a4b";
2025-01-05 12:24:15 [knowledge_scraper.pipelines] INFO: Validation: set field to null - PublicationItem - validate_and_null: provided key "publisher" is not in item -> identifier: "6af00b4d-bba7-5faf-9fee-5c47464874be"; title: "On elastic contact problems of microperiodic slant layered composite pressed by a rigid punch with parabolic or rectangular shape"; scientist_id: "b0fa0803-8bd9-5c97-abaf-0643cb696a4b";
2025-01-05 12:24:16 [knowledge_scraper.pipelines] INFO: Validation: set field to null - PublicationItem - validate_and_null: provided key "journal" is not in item -> identifier: "f710dd11-55cd-59b9-bae4-0db42002eab8"; title: "Analytical and Numerical Solutions of Contact Problem for the Microperiodic Slant Layered Composite Body in A Plane Strain State"; scientist_id: "b0fa0803-8bd9-5c97-abaf-0643cb696a4b";
2025-01-05 12:24:16 [knowledge_scraper.pipelines] INFO: Validation: set field to null - PublicationItem - validate_and_null: provided key "publisher" is not in item -> identifier: "f710dd11-55cd-59b9-bae4-0db42002eab8"; title: "Analytical and Numerical Solutions of Contact Problem for the Microperiodic Slant Layered Composite Body in A Plane Strain State"; scientist_id: "b0fa0803-8bd9-5c97-abaf-0643cb696a4b";
2025-01-05 12:24:16 [knowledge_scraper.pipelines] INFO: Validation: set field to null - PublicationItem - validate_and_null: provided key "publisher" is not in item -> identifier: "5420f028-8caa-59a3-8206-f737142b288d"; title: "The Maximum Tensile Stress in a Microperiodic Composite Half Space with Slant Layering Under Frictional Contact on Its Surface"; scientist_id: "b0fa0803-8bd9-5c97-abaf-0643cb696a4b";
2025-01-05 12:24:17 [knowledge_scraper.pipelines] INFO: Validation: set field to null - PublicationItem - validate_and_null: provided key "journal" is not in item -> identifier: "b7f51c82-bdd9-5528-b13d-158c186de98a"; title: "Zastosowanie metod analizy fraktalnej do analizy obrazów medycznych"; scientist_id: "24f26606-b55b-5dd4-b98b-082cbdf6553f";
2025-01-05 12:24:17 [knowledge_scraper.pipelines] INFO: Validation: set field to null - PublicationItem - validate_and_null: provided key "publisher" is not in item -> identifier: "b7f51c82-bdd9-5528-b13d-158c186de98a"; title: "Zastosowanie metod analizy fraktalnej do analizy obrazów medycznych"; scientist_id: "24f26606-b55b-5dd4-b98b-082cbdf6553f";
2025-01-05 12:24:17 [knowledge_scraper.pipelines] INFO: Validation: set field to null - PublicationItem - validate_and_null: provided key "journal" is not in item -> identifier: "d657be9d-5447-5a57-820d-655d95ee6b19"; title: "Fraktale w diagnostyce obrazów medycznych"; scientist_id: "24f26606-b55b-5dd4-b98b-082cbdf6553f";
2025-01-05 12:24:17 [knowledge_scraper.pipelines] INFO: Validation: set field to null - PublicationItem - validate_and_null: provided key "publisher" is not in item -> identifier: "d657be9d-5447-5a57-820d-655d95ee6b19"; title: "Fraktale w diagnostyce obrazów medycznych"; scientist_id: "24f26606-b55b-5dd4-b98b-082cbdf6553f";
2025-01-05 12:24:17 [knowledge_scraper.pipelines] INFO: Validation: set field to null - PublicationItem - validate_and_null: provided key "journal" is not in item -> identifier: "93ed837a-9804-5c0d-8ca5-5c09668450a2"; title: "Fractal dimensions in the texture analysis of MRI liver images"; scientist_id: "24f26606-b55b-5dd4-b98b-082cbdf6553f";
2025-01-05 12:24:17 [knowledge_scraper.pipelines] INFO: Validation: set field to null - PublicationItem - validate_and_null: provided key "publisher" is not in item -> identifier: "93ed837a-9804-5c0d-8ca5-5c09668450a2"; title: "Fractal dimensions in the texture analysis of MRI liver images"; scientist_id: "24f26606-b55b-5dd4-b98b-082cbdf6553f";
2025-01-05 12:24:18 [knowledge_scraper.pipelines] INFO: Validation: set field to null - PublicationItem - validate_and_null: provided key "journal" is not in item -> identifier: "cd0e7727-8fbd-55ec-8d80-39acd705aed4"; title: "Cechy tekstury obrazów wątroby w obrazowaniu medycznym"; scientist_id: "24f26606-b55b-5dd4-b98b-082cbdf6553f";
2025-01-05 12:24:18 [knowledge_scraper.pipelines] INFO: Validation: set field to null - PublicationItem - validate_and_null: provided key "publisher" is not in item -> identifier: "cd0e7727-8fbd-55ec-8d80-39acd705aed4"; title: "Cechy tekstury obrazów wątroby w obrazowaniu medycznym"; scientist_id: "24f26606-b55b-5dd4-b98b-082cbdf6553f";
2025-01-05 12:24:18 [knowledge_scraper.pipelines] INFO: Validation: set field to null - PublicationItem - validate_and_null: provided key "journal" is not in item -> identifier: "87115f65-48ec-585d-8b91-8b749ed8ea58"; title: "Analiza cech teksturalnych wątroby dla różnych wielkości obszaru zainteresowania"; scientist_id: "24f26606-b55b-5dd4-b98b-082cbdf6553f";
2025-01-05 12:24:18 [knowledge_scraper.pipelines] INFO: Validation: set field to null - PublicationItem - validate_and_null: provided key "publisher" is not in item -> identifier: "87115f65-48ec-585d-8b91-8b749ed8ea58"; title: "Analiza cech teksturalnych wątroby dla różnych wielkości obszaru zainteresowania"; scientist_id: "24f26606-b55b-5dd4-b98b-082cbdf6553f";
2025-01-05 12:24:18 [knowledge_scraper.pipelines] INFO: Validation: set field to null - PublicationItem - validate_and_null: provided key "publisher" is not in item -> identifier: "824a0d91-241f-517f-86dc-fb39efb93c6b"; title: "Multifractal characterization of healing process after bone loss"; scientist_id: "24f26606-b55b-5dd4-b98b-082cbdf6553f";
2025-01-05 12:24:19 [knowledge_scraper.pipelines] INFO: Validation: set field to null - PublicationItem - validate_and_null: provided key "journal" is not in item -> identifier: "f09526d5-01cb-5a8a-899b-d54db3131be2"; title: "Fractal Dimension Analysis of PET-MRI Liver Images for Various ROI’s Sizes"; scientist_id: "24f26606-b55b-5dd4-b98b-082cbdf6553f";
2025-01-05 12:24:19 [knowledge_scraper.pipelines] INFO: Validation: set field to null - PublicationItem - validate_and_null: provided key "publisher" is not in item -> identifier: "f09526d5-01cb-5a8a-899b-d54db3131be2"; title: "Fractal Dimension Analysis of PET-MRI Liver Images for Various ROI’s Sizes"; scientist_id: "24f26606-b55b-5dd4-b98b-082cbdf6553f";
2025-01-05 12:24:19 [knowledge_scraper.pipelines] INFO: Validation: set field to null - PublicationItem - validate_and_null: provided key "journal" is not in item -> identifier: "e0366f20-bb72-5747-9100-2427be399afd"; title: "Fractal Dimension Analysis of PET-MRI Liver Images for Various ROI’s Sizes"; scientist_id: "24f26606-b55b-5dd4-b98b-082cbdf6553f";
2025-01-05 12:24:19 [knowledge_scraper.pipelines] INFO: Validation: set field to null - PublicationItem - validate_and_null: provided key "publisher" is not in item -> identifier: "e0366f20-bb72-5747-9100-2427be399afd"; title: "Fractal Dimension Analysis of PET-MRI Liver Images for Various ROI’s Sizes"; scientist_id: "24f26606-b55b-5dd4-b98b-082cbdf6553f";
2025-01-05 12:24:20 [knowledge_scraper.pipelines] INFO: Validation: set field to null - PublicationItem - validate_and_null: provided key "publisher" is not in item -> identifier: "be908496-b7b6-5e24-887d-ad5e1c332f06"; title: "Machine-learning-based classification of the histological subtype of non-small-cell lung cancer using MRI texture analysis"; scientist_id: "24f26606-b55b-5dd4-b98b-082cbdf6553f";
2025-01-05 12:24:20 [knowledge_scraper.pipelines] INFO: Validation: set field to null - PublicationItem - validate_and_null: provided key "journal" is not in item -> identifier: "ef9d34f7-bec9-5220-9564-4d7d312887d3"; title: "Multifractal detrended fluctuation analysis of heart rate variability"; scientist_id: "24f26606-b55b-5dd4-b98b-082cbdf6553f";
2025-01-05 12:24:20 [knowledge_scraper.pipelines] INFO: Validation: set field to null - PublicationItem - validate_and_null: provided key "publisher" is not in item -> identifier: "ef9d34f7-bec9-5220-9564-4d7d312887d3"; title: "Multifractal detrended fluctuation analysis of heart rate variability"; scientist_id: "24f26606-b55b-5dd4-b98b-082cbdf6553f";
2025-01-05 12:24:21 [knowledge_scraper.pipelines] INFO: Validation: set field to null - PublicationItem - validate_and_null: provided key "journal" is not in item -> identifier: "599d7e79-824b-5fd7-aa31-0d1bb43b267b"; title: "Porównanie wybranych technologii wykorzystujących energię słoneczną"; scientist_id: "2219cf0c-7a09-5ddf-82f8-a9a300bebcd1";
2025-01-05 12:24:21 [knowledge_scraper.pipelines] INFO: Validation: set field to null - PublicationItem - validate_and_null: provided key "publisher" is not in item -> identifier: "599d7e79-824b-5fd7-aa31-0d1bb43b267b"; title: "Porównanie wybranych technologii wykorzystujących energię słoneczną"; scientist_id: "2219cf0c-7a09-5ddf-82f8-a9a300bebcd1";
2025-01-05 12:24:21 [knowledge_scraper.pipelines] INFO: Validation: set field to null - PublicationItem - validate_and_null: provided key "journal" is not in item -> identifier: "6817d15a-101a-512a-bbfd-cd4e85d8442c"; title: "Measurements of carbon dioxide concentration and temperature in dormitory rooms in Poland and Spain - a case study"; scientist_id: "2219cf0c-7a09-5ddf-82f8-a9a300bebcd1";
2025-01-05 12:24:21 [knowledge_scraper.pipelines] INFO: Validation: set field to null - PublicationItem - validate_and_null: provided key "publisher" is not in item -> identifier: "6817d15a-101a-512a-bbfd-cd4e85d8442c"; title: "Measurements of carbon dioxide concentration and temperature in dormitory rooms in Poland and Spain - a case study"; scientist_id: "2219cf0c-7a09-5ddf-82f8-a9a300bebcd1";
2025-01-05 12:24:22 [knowledge_scraper.pipelines] INFO: Validation: set field to null - PublicationItem - validate_and_null: provided key "publisher" is not in item -> identifier: "76d19988-69e1-577f-9c16-67cb863b85b6"; title: "Relative Humidity during Antenatal Classes—A Case Study"; scientist_id: "2219cf0c-7a09-5ddf-82f8-a9a300bebcd1";
2025-01-05 12:24:22 [knowledge_scraper.pipelines] INFO: Validation: set field to null - PublicationItem - validate_and_null: provided key "publisher" is not in item -> identifier: "7bf5e8cb-4180-5daa-a724-91d37ed7afd2"; title: "Measurements of carbon dioxide concentration and temperature in dormitory rooms in Poland and Spain – a case study"; scientist_id: "2219cf0c-7a09-5ddf-82f8-a9a300bebcd1";
2025-01-05 12:24:23 [knowledge_scraper.pipelines] INFO: Validation: set field to null - PublicationItem - validate_and_null: provided key "publisher" is not in item -> identifier: "3210ea18-79ff-52eb-9514-6413e21b8847"; title: "Preliminary studies of the water solar collector"; scientist_id: "2219cf0c-7a09-5ddf-82f8-a9a300bebcd1";
2025-01-05 12:24:23 [knowledge_scraper.pipelines] INFO: Validation: set field to null - PublicationItem - validate_and_null: provided key "journal" is not in item -> identifier: "db51571a-453f-53f9-b083-96b71da53a94"; title: "Preliminary study on indoor air quality in the antenatal classes"; scientist_id: "2219cf0c-7a09-5ddf-82f8-a9a300bebcd1";
2025-01-05 12:24:23 [knowledge_scraper.pipelines] INFO: Validation: set field to null - PublicationItem - validate_and_null: provided key "publisher" is not in item -> identifier: "db51571a-453f-53f9-b083-96b71da53a94"; title: "Preliminary study on indoor air quality in the antenatal classes"; scientist_id: "2219cf0c-7a09-5ddf-82f8-a9a300bebcd1";
2025-01-05 12:24:23 [knowledge_scraper.pipelines] INFO: Validation: set field to null - PublicationItem - validate_and_null: provided key "journal" is not in item -> identifier: "786305eb-d0f2-5fb2-850c-32d58422f511"; title: "Monthly energy balance of a flat-water solar collector in Polish climate"; scientist_id: "2219cf0c-7a09-5ddf-82f8-a9a300bebcd1";
2025-01-05 12:24:23 [knowledge_scraper.pipelines] INFO: Validation: set field to null - PublicationItem - validate_and_null: provided key "publisher" is not in item -> identifier: "786305eb-d0f2-5fb2-850c-32d58422f511"; title: "Monthly energy balance of a flat-water solar collector in Polish climate"; scientist_id: "2219cf0c-7a09-5ddf-82f8-a9a300bebcd1";
2025-01-05 12:24:24 [knowledge_scraper.pipelines] INFO: Validation: set field to null - PublicationItem - validate_and_null: provided key "journal" is not in item -> identifier: "9d9d46d0-19ac-5313-99cd-8e7d74a6ed67"; title: "Miesięczny bilans energetyczny płaskiego wodnego kolektora słonecznego w warunkach klimatycznych Polski"; scientist_id: "2219cf0c-7a09-5ddf-82f8-a9a300bebcd1";
2025-01-05 12:24:24 [knowledge_scraper.pipelines] INFO: Validation: set field to null - PublicationItem - validate_and_null: provided key "publisher" is not in item -> identifier: "9d9d46d0-19ac-5313-99cd-8e7d74a6ed67"; title: "Miesięczny bilans energetyczny płaskiego wodnego kolektora słonecznego w warunkach klimatycznych Polski"; scientist_id: "2219cf0c-7a09-5ddf-82f8-a9a300bebcd1";
2025-01-05 12:24:24 [knowledge_scraper.pipelines] INFO: Validation: set field to null - PublicationItem - validate_and_null: provided key "publisher" is not in item -> identifier: "8a8b506c-c854-500e-8853-47bfd493794f"; title: "Comparison of the Efficiency of Solar Collectors in Terms of the Working Medium—Review of Selected Technical Solutions"; scientist_id: "2219cf0c-7a09-5ddf-82f8-a9a300bebcd1";
2025-01-05 12:24:24 [knowledge_scraper.pipelines] INFO: Validation: set field to null - PublicationItem - validate_and_null: provided key "journal" is not in item -> identifier: "6f7c0abf-8c3a-52f5-a8b1-7c0091995947"; title: "Technical and economic assessment of selected heating systems for a single-family building based on lcc (life cycle cost)"; scientist_id: "2219cf0c-7a09-5ddf-82f8-a9a300bebcd1";
2025-01-05 12:24:24 [knowledge_scraper.pipelines] INFO: Validation: set field to null - PublicationItem - validate_and_null: provided key "publisher" is not in item -> identifier: "6f7c0abf-8c3a-52f5-a8b1-7c0091995947"; title: "Technical and economic assessment of selected heating systems for a single-family building based on lcc (life cycle cost)"; scientist_id: "2219cf0c-7a09-5ddf-82f8-a9a300bebcd1";
2025-01-05 12:24:25 [knowledge_scraper.pipelines] INFO: Validation: set field to null - PublicationItem - validate_and_null: provided key "publisher" is not in item -> identifier: "803a65a9-8879-5817-a0d5-638771f13171"; title: "Assessment of Indoor Air Quality in Childbirth from the Point of View of Pregnant Women - Case Study"; scientist_id: "2219cf0c-7a09-5ddf-82f8-a9a300bebcd1";
2025-01-05 12:24:25 [knowledge_scraper.pipelines] INFO: Validation: set field to null - PublicationItem - validate_and_null: provided key "journal" is not in item -> identifier: "9fa2d69b-6ae4-54b3-b284-b12185ba55ac"; title: "Fiber optic illumination sensor"; scientist_id: "869daa61-4193-5ff1-84d0-9f99db2ccd99";
2025-01-05 12:24:25 [knowledge_scraper.pipelines] INFO: Validation: set field to null - PublicationItem - validate_and_null: provided key "publisher" is not in item -> identifier: "9fa2d69b-6ae4-54b3-b284-b12185ba55ac"; title: "Fiber optic illumination sensor"; scientist_id: "869daa61-4193-5ff1-84d0-9f99db2ccd99";
2025-01-05 12:24:26 [knowledge_scraper.pipelines] INFO: Validation: set field to null - PublicationItem - validate_and_null: provided key "journal" is not in item -> identifier: "730bbe3b-95bc-55b2-8f88-1147101cd839"; title: "Illumination optical fiber sensor"; scientist_id: "869daa61-4193-5ff1-84d0-9f99db2ccd99";
2025-01-05 12:24:26 [knowledge_scraper.pipelines] INFO: Validation: set field to null - PublicationItem - validate_and_null: provided key "publisher" is not in item -> identifier: "730bbe3b-95bc-55b2-8f88-1147101cd839"; title: "Illumination optical fiber sensor"; scientist_id: "869daa61-4193-5ff1-84d0-9f99db2ccd99";
2025-01-05 12:24:26 [knowledge_scraper.pipelines] INFO: Validation: set field to null - PublicationItem - validate_and_null: provided key "publisher" is not in item -> identifier: "355a1d1f-3b09-5d24-bde4-f4bd7fc08656"; title: "A new DTC control for PMSM with torque ripple minimization and constant switching frequency"; scientist_id: "73cf216b-b58d-5b55-85dd-ba56082c118a";
2025-01-05 12:24:27 [knowledge_scraper.pipelines] INFO: Validation: set field to null - PublicationItem - validate_and_null: provided key "publisher" is not in item -> identifier: "62fe1221-b47a-5064-9de3-f3c4728ece7d"; title: "Predykcyjne algorytmy sterowania trójfazowym przekształtnikiem AC/DC"; scientist_id: "73cf216b-b58d-5b55-85dd-ba56082c118a";
2025-01-05 12:24:27 [knowledge_scraper.pipelines] INFO: Validation: set field to null - PublicationItem - validate_and_null: provided key "publisher" is not in item -> identifier: "1f91e360-794f-5863-9447-412cc6fe4a8e"; title: "Sterowanie trójfazowym filtrem aktywnym przy wykorzystaniu predykcyjnej metody regulacji prądu"; scientist_id: "73cf216b-b58d-5b55-85dd-ba56082c118a";
2025-01-05 12:24:27 [knowledge_scraper.pipelines] INFO: Validation: set field to null - PublicationItem - validate_and_null: provided key "journal" is not in item -> identifier: "ec801bd0-04f6-5bf7-89af-e191da8cb9b0"; title: "Predykcyjny algorytm sterowania przekształtnikiem zasilającym silnik synchroniczny z magnesami stałymi"; scientist_id: "73cf216b-b58d-5b55-85dd-ba56082c118a";
2025-01-05 12:24:27 [knowledge_scraper.pipelines] INFO: Validation: set field to null - PublicationItem - validate_and_null: provided key "publisher" is not in item -> identifier: "ec801bd0-04f6-5bf7-89af-e191da8cb9b0"; title: "Predykcyjny algorytm sterowania przekształtnikiem zasilającym silnik synchroniczny z magnesami stałymi"; scientist_id: "73cf216b-b58d-5b55-85dd-ba56082c118a";
2025-01-05 12:24:28 [knowledge_scraper.pipelines] INFO: Validation: set field to null - PublicationItem - validate_and_null: provided key "journal" is not in item -> identifier: "f295005c-6c7c-587a-beb4-8071a056608b"; title: "A new perspective DTC strategy for a DC/AC inverter-fed Permanent Magnet Synchronous Machine"; scientist_id: "73cf216b-b58d-5b55-85dd-ba56082c118a";
2025-01-05 12:24:28 [knowledge_scraper.pipelines] INFO: Validation: set field to null - PublicationItem - validate_and_null: provided key "publisher" is not in item -> identifier: "f295005c-6c7c-587a-beb4-8071a056608b"; title: "A new perspective DTC strategy for a DC/AC inverter-fed Permanent Magnet Synchronous Machine"; scientist_id: "73cf216b-b58d-5b55-85dd-ba56082c118a";
2025-01-05 12:24:28 [knowledge_scraper.pipelines] INFO: Validation: set field to null - PublicationItem - validate_and_null: provided key "journal" is not in item -> identifier: "cce05418-a22d-530b-93c4-67acdb985585"; title: "Predictive control of the AC/DC converter"; scientist_id: "73cf216b-b58d-5b55-85dd-ba56082c118a";
2025-01-05 12:24:28 [knowledge_scraper.pipelines] INFO: Validation: set field to null - PublicationItem - validate_and_null: provided key "publisher" is not in item -> identifier: "cce05418-a22d-530b-93c4-67acdb985585"; title: "Predictive control of the AC/DC converter"; scientist_id: "73cf216b-b58d-5b55-85dd-ba56082c118a";
2025-01-05 12:24:29 [knowledge_scraper.pipelines] INFO: Validation: set field to null - PublicationItem - validate_and_null: provided key "publisher" is not in item -> identifier: "eb6bdb50-3517-50be-b4c4-8b7b2456b069"; title: "Predykcyjny algorytm sterowania przekształtnikiem zasilającym silnik synchroniczny z magnesami trwałymi"; scientist_id: "73cf216b-b58d-5b55-85dd-ba56082c118a";
2025-01-05 12:24:29 [knowledge_scraper.pipelines] INFO: Validation: set field to null - PublicationItem - validate_and_null: provided key "journal" is not in item -> identifier: "612d91bb-73ca-555b-860b-a64234991928"; title: "Predykcyjny algorytm DTC-3V z minimalizacją tętnień momentu i stałą częstotliwością przełączeń"; scientist_id: "73cf216b-b58d-5b55-85dd-ba56082c118a";
2025-01-05 12:24:29 [knowledge_scraper.pipelines] INFO: Validation: set field to null - PublicationItem - validate_and_null: provided key "publisher" is not in item -> identifier: "612d91bb-73ca-555b-860b-a64234991928"; title: "Predykcyjny algorytm DTC-3V z minimalizacją tętnień momentu i stałą częstotliwością przełączeń"; scientist_id: "73cf216b-b58d-5b55-85dd-ba56082c118a";
2025-01-05 12:24:29 [knowledge_scraper.pipelines] INFO: Validation: set field to null - PublicationItem - validate_and_null: provided key "publisher" is not in item -> identifier: "3a760ef9-d9cd-592d-9ff1-9cb70a050a01"; title: "Predykcyjny algorytm DTC-3V z minimalizacją tętnień momentu i stałą częstotliwością przełączeń"; scientist_id: "73cf216b-b58d-5b55-85dd-ba56082c118a";
2025-01-05 12:24:30 [knowledge_scraper.pipelines] INFO: Validation: set field to null - PublicationItem - validate_and_null: provided key "publisher" is not in item -> identifier: "cb1137bc-8fe6-53d2-8f5d-defdefd959cd"; title: "Predictive and look-up table control methods of a three-level AC-DC converter under distorted grid voltage"; scientist_id: "73cf216b-b58d-5b55-85dd-ba56082c118a";
2025-01-05 12:24:30 [knowledge_scraper.pipelines] INFO: Validation: set field to null - PublicationItem - validate_and_null: provided key "journal" is not in item -> identifier: "a6756b2b-f794-5c8d-893e-ebe98b1ef202"; title: "Predictive Control of Three-Level DC/AC Inverter Fed PMSM with Torque Ripple Minimization and Constant Switching Frequency"; scientist_id: "73cf216b-b58d-5b55-85dd-ba56082c118a";
2025-01-05 12:24:30 [knowledge_scraper.pipelines] INFO: Validation: set field to null - PublicationItem - validate_and_null: provided key "publisher" is not in item -> identifier: "a6756b2b-f794-5c8d-893e-ebe98b1ef202"; title: "Predictive Control of Three-Level DC/AC Inverter Fed PMSM with Torque Ripple Minimization and Constant Switching Frequency"; scientist_id: "73cf216b-b58d-5b55-85dd-ba56082c118a";
2025-01-05 12:24:31 [knowledge_scraper.pipelines] INFO: Validation: set field to null - PublicationItem - validate_and_null: provided key "journal" is not in item -> identifier: "ba68dcc8-04de-5288-8d0a-e7d50aa8ebf1"; title: "Advanced Predictive Control Methods of Three-Level AC/DC Rectifier"; scientist_id: "73cf216b-b58d-5b55-85dd-ba56082c118a";
2025-01-05 12:24:31 [knowledge_scraper.pipelines] INFO: Validation: set field to null - PublicationItem - validate_and_null: provided key "publisher" is not in item -> identifier: "ba68dcc8-04de-5288-8d0a-e7d50aa8ebf1"; title: "Advanced Predictive Control Methods of Three-Level AC/DC Rectifier"; scientist_id: "73cf216b-b58d-5b55-85dd-ba56082c118a";
2025-01-05 12:24:31 [knowledge_scraper.pipelines] INFO: Validation: set field to null - PublicationItem - validate_and_null: provided key "publisher" is not in item -> identifier: "f1c24b90-211f-59d4-9465-fb47912be776"; title: "One-page strategic plan: the case of Aarong company from Bangladesh"; scientist_id: "6563e089-c3bf-51a4-835e-d450546d048f";
2025-01-05 12:24:31 [knowledge_scraper.pipelines] INFO: Validation: set field to null - PublicationItem - validate_and_null: provided key "publisher" is not in item -> identifier: "e3ef83f9-cd8a-5ae1-b83c-b7cc177749e2"; title: "Labour Immigration to Poland from Eastern European Countries – Podlaskie Voivodship Case Study"; scientist_id: "6563e089-c3bf-51a4-835e-d450546d048f";
2025-01-05 12:24:32 [knowledge_scraper.pipelines] INFO: Validation: set field to null - PublicationItem - validate_and_null: provided key "journal" is not in item -> identifier: "480fd681-9877-5256-b947-90dd430d77da"; title: "One-page strategy plan as a tool for designing marketing activities on the example of AARONG company from Bangladesh"; scientist_id: "6563e089-c3bf-51a4-835e-d450546d048f";
2025-01-05 12:24:32 [knowledge_scraper.pipelines] INFO: Validation: set field to null - PublicationItem - validate_and_null: provided key "publisher" is not in item -> identifier: "480fd681-9877-5256-b947-90dd430d77da"; title: "One-page strategy plan as a tool for designing marketing activities on the example of AARONG company from Bangladesh"; scientist_id: "6563e089-c3bf-51a4-835e-d450546d048f";
2025-01-05 12:24:32 [knowledge_scraper.pipelines] INFO: Validation: set field to null - PublicationItem - validate_and_null: provided key "journal" is not in item -> identifier: "ac0d9591-a2af-5e95-98ab-928d11bf35f2"; title: "A strategic planning approach of the company joining non-profit and commercial activities – a case study from Bangladesh"; scientist_id: "6563e089-c3bf-51a4-835e-d450546d048f";
2025-01-05 12:24:32 [knowledge_scraper.pipelines] INFO: Validation: set field to null - PublicationItem - validate_and_null: provided key "publisher" is not in item -> identifier: "ac0d9591-a2af-5e95-98ab-928d11bf35f2"; title: "A strategic planning approach of the company joining non-profit and commercial activities – a case study from Bangladesh"; scientist_id: "6563e089-c3bf-51a4-835e-d450546d048f";
2025-01-05 12:24:33 [knowledge_scraper.pipelines] INFO: Validation: set field to null - PublicationItem - validate_and_null: provided key "publisher" is not in item -> identifier: "731e95b2-5407-599f-90df-1a299ed52950"; title: "Strategic and Operational Levels of CSR Marketing Communication for Sustainable Orientation of a Company : A Case Study from Bangladesh"; scientist_id: "6563e089-c3bf-51a4-835e-d450546d048f";
2025-01-05 12:24:33 [knowledge_scraper.pipelines] INFO: Validation: set field to null - PublicationItem - validate_and_null: provided key "publisher" is not in item -> identifier: "582abd96-b4e9-5341-9e69-fe05b710a238"; title: "Competencies of talents: bibliometric analysis"; scientist_id: "6563e089-c3bf-51a4-835e-d450546d048f";
2025-01-05 12:24:34 [knowledge_scraper.pipelines] INFO: Validation: set field to null - PublicationItem - validate_and_null: provided key "journal" is not in item -> identifier: "32dbacc0-03de-5de5-ae7d-cc3833fa6448"; title: "Cooperation of Entities of Tourism Economy for Creating the Brand of the Region"; scientist_id: "6563e089-c3bf-51a4-835e-d450546d048f";
2025-01-05 12:24:34 [knowledge_scraper.pipelines] INFO: Validation: set field to null - PublicationItem - validate_and_null: provided key "publisher" is not in item -> identifier: "32dbacc0-03de-5de5-ae7d-cc3833fa6448"; title: "Cooperation of Entities of Tourism Economy for Creating the Brand of the Region"; scientist_id: "6563e089-c3bf-51a4-835e-d450546d048f";
2025-01-05 12:24:34 [knowledge_scraper.pipelines] INFO: Validation: set field to null - PublicationItem - validate_and_null: provided key "journal" is not in item -> identifier: "d40a48a8-3cb6-53dc-b567-320938a80839"; title: "THE CONCEPT OF “TALENT” IN THE LITERATURE - THE BIBLIOMETRIC ANALYSIS"; scientist_id: "6563e089-c3bf-51a4-835e-d450546d048f";
2025-01-05 12:24:34 [knowledge_scraper.pipelines] INFO: Validation: set field to null - PublicationItem - validate_and_null: provided key "publisher" is not in item -> identifier: "d40a48a8-3cb6-53dc-b567-320938a80839"; title: "THE CONCEPT OF “TALENT” IN THE LITERATURE - THE BIBLIOMETRIC ANALYSIS"; scientist_id: "6563e089-c3bf-51a4-835e-d450546d048f";
2025-01-05 12:24:35 [knowledge_scraper.pipelines] INFO: Validation: set field to null - PublicationItem - validate_and_null: provided key "journal" is not in item -> identifier: "9dd6ff40-bc8d-5e78-9920-2f48bbeb3662"; title: "The Concept of ‘Talent’ in the Labour Management Perspective  - the Bibliometric Analysis of Literature"; scientist_id: "6563e089-c3bf-51a4-835e-d450546d048f";
2025-01-05 12:24:35 [knowledge_scraper.pipelines] INFO: Validation: set field to null - PublicationItem - validate_and_null: provided key "publisher" is not in item -> identifier: "9dd6ff40-bc8d-5e78-9920-2f48bbeb3662"; title: "The Concept of ‘Talent’ in the Labour Management Perspective  - the Bibliometric Analysis of Literature"; scientist_id: "6563e089-c3bf-51a4-835e-d450546d048f";
2025-01-05 12:24:35 [knowledge_scraper.pipelines] INFO: Validation: set field to null - PublicationItem - validate_and_null: provided key "publisher" is not in item -> identifier: "288863ec-2ca1-56e8-9be1-e2ee9f06435c"; title: "Marketing and branding-oriented goals for the development of Functional Urban Areas: evidence from Poland"; scientist_id: "6563e089-c3bf-51a4-835e-d450546d048f";
2025-01-05 12:24:36 [knowledge_scraper.pipelines] INFO: Validation: set field to null - PublicationItem - validate_and_null: provided key "publisher" is not in item -> identifier: "f5ecd11d-931a-53fc-98f0-6ceb8b423ac4"; title: "Benefits and barriers to cooperation in the process of building a place’s brand: perspective of tourist region stakeholders in Poland"; scientist_id: "6563e089-c3bf-51a4-835e-d450546d048f";
2025-01-05 12:24:36 [knowledge_scraper.pipelines] INFO: Validation: set field to null - PublicationItem - validate_and_null: provided key "publisher" is not in item -> identifier: "fecb38be-fafc-5da1-a6f9-38ea676a5679"; title: "The concept of ‘talent’ in the labor management perspective - the bibliometric analysis of literature"; scientist_id: "6563e089-c3bf-51a4-835e-d450546d048f";
2025-01-05 12:24:37 [knowledge_scraper.pipelines] INFO: Validation: set field to null - PublicationItem - validate_and_null: provided key "publisher" is not in item -> identifier: "db74987a-d513-5718-a8c8-8f1b734fb8dc"; title: "Tourism as an Aspect of City Branding in Functional Urban Areas"; scientist_id: "6563e089-c3bf-51a4-835e-d450546d048f";
2025-01-05 12:24:37 [knowledge_scraper.pipelines] INFO: Validation: set field to null - PublicationItem - validate_and_null: provided key "publisher" is not in item -> identifier: "0352fd1e-d010-55a1-856a-faf3b6f67dfc"; title: "Preparation of Granular Activated Carbons Using Various Binders"; scientist_id: "b2ab1f04-f716-58ca-9b89-de4a04716590";
2025-01-05 12:24:38 [knowledge_scraper.pipelines] INFO: Validation: set field to null - PublicationItem - validate_and_null: provided key "journal" is not in item -> identifier: "260fbc36-3689-54a3-b777-9f2ffbf61084"; title: "Analiza i ocena metod wytwarzania węgli aktywnych z różnych surowców"; scientist_id: "b2ab1f04-f716-58ca-9b89-de4a04716590";
2025-01-05 12:24:38 [knowledge_scraper.pipelines] INFO: Validation: set field to null - PublicationItem - validate_and_null: provided key "publisher" is not in item -> identifier: "260fbc36-3689-54a3-b777-9f2ffbf61084"; title: "Analiza i ocena metod wytwarzania węgli aktywnych z różnych surowców"; scientist_id: "b2ab1f04-f716-58ca-9b89-de4a04716590";
2025-01-05 12:24:38 [knowledge_scraper.pipelines] INFO: Validation: set field to null - PublicationItem - validate_and_null: provided key "publisher" is not in item -> identifier: "2f01e50a-a253-54c2-bc46-a8190a03404a"; title: "Impact of chemical activation on selected adsorption features of powdered activated carbon"; scientist_id: "b2ab1f04-f716-58ca-9b89-de4a04716590";
2025-01-05 12:24:38 [knowledge_scraper.pipelines] INFO: Validation: set field to null - PublicationItem - validate_and_null: provided key "publisher" is not in item -> identifier: "50a35c16-426e-5714-8f17-a272ca02a899"; title: "Research on Powdered Activated Carbon Modification Using Chosen Chemical Methods"; scientist_id: "b2ab1f04-f716-58ca-9b89-de4a04716590";
2025-01-05 12:24:39 [knowledge_scraper.pipelines] INFO: Validation: set field to null - PublicationItem - validate_and_null: provided key "journal" is not in item -> identifier: "faae45da-26e6-5a24-9093-9d1c3acfe349"; title: "Przegląd i porównanie zastosowania węgla aktywnego w zależności od jego właściwości"; scientist_id: "b2ab1f04-f716-58ca-9b89-de4a04716590";
2025-01-05 12:24:39 [knowledge_scraper.pipelines] INFO: Validation: set field to null - PublicationItem - validate_and_null: provided key "publisher" is not in item -> identifier: "faae45da-26e6-5a24-9093-9d1c3acfe349"; title: "Przegląd i porównanie zastosowania węgla aktywnego w zależności od jego właściwości"; scientist_id: "b2ab1f04-f716-58ca-9b89-de4a04716590";
2025-01-05 12:24:39 [knowledge_scraper.pipelines] INFO: Validation: set field to null - PublicationItem - validate_and_null: provided key "publisher" is not in item -> identifier: "6283186e-1842-5762-bb2e-e487f8fb6a80"; title: "Use of Sugar Cane Fibers as Raw Material for the Production of Activated Carbon"; scientist_id: "b2ab1f04-f716-58ca-9b89-de4a04716590";
2025-01-05 12:24:40 [knowledge_scraper.pipelines] INFO: Validation: set field to null - PublicationItem - validate_and_null: provided key "journal" is not in item -> identifier: "6d58fc7d-3388-5538-9664-b6e853beecb1"; title: "Metody badań właściwości fizyko-chemicznych węgli aktywnych"; scientist_id: "b2ab1f04-f716-58ca-9b89-de4a04716590";
2025-01-05 12:24:40 [knowledge_scraper.pipelines] INFO: Validation: set field to null - PublicationItem - validate_and_null: provided key "publisher" is not in item -> identifier: "6d58fc7d-3388-5538-9664-b6e853beecb1"; title: "Metody badań właściwości fizyko-chemicznych węgli aktywnych"; scientist_id: "b2ab1f04-f716-58ca-9b89-de4a04716590";
2025-01-05 12:24:40 [knowledge_scraper.pipelines] INFO: Validation: set field to null - PublicationItem - validate_and_null: provided key "publisher" is not in item -> identifier: "5bc3f73f-1f76-5f02-8282-953fe295c745"; title: "Tests on the Application of Various Types of Biomass for Activated Carbon Production"; scientist_id: "b2ab1f04-f716-58ca-9b89-de4a04716590";
2025-01-05 12:24:41 [knowledge_scraper.pipelines] INFO: Validation: set field to null - PublicationItem - validate_and_null: provided key "publisher" is not in item -> identifier: "27c580f4-d58c-54b8-9463-6d669038d0fb"; title: "Manufacturing Options for Activated Carbons with Selected Synthetic Polymers as Binders"; scientist_id: "b2ab1f04-f716-58ca-9b89-de4a04716590";
2025-01-05 12:24:41 [knowledge_scraper.pipelines] INFO: Validation: set field to null - PublicationItem - validate_and_null: provided key "journal" is not in item -> identifier: "735e190a-656e-5e11-8204-a6afed82ce94"; title: "Comparison of natural and synthetic binders applied for activated carbon formation"; scientist_id: "b2ab1f04-f716-58ca-9b89-de4a04716590";
2025-01-05 12:24:41 [knowledge_scraper.pipelines] INFO: Validation: set field to null - PublicationItem - validate_and_null: provided key "publisher" is not in item -> identifier: "735e190a-656e-5e11-8204-a6afed82ce94"; title: "Comparison of natural and synthetic binders applied for activated carbon formation"; scientist_id: "b2ab1f04-f716-58ca-9b89-de4a04716590";
2025-01-05 12:24:42 [knowledge_scraper.pipelines] INFO: Validation: set field to null - PublicationItem - validate_and_null: provided key "journal" is not in item -> identifier: "87d5bada-444d-5055-8d20-9ef60717ed2d"; title: "CanSat Mini-Satellite Project, Test Procedure and Mission Implementation"; scientist_id: "04c117fe-c629-517e-91a5-8a44dda7d7f4";
2025-01-05 12:24:42 [knowledge_scraper.pipelines] INFO: Validation: set field to null - PublicationItem - validate_and_null: provided key "publisher" is not in item -> identifier: "87d5bada-444d-5055-8d20-9ef60717ed2d"; title: "CanSat Mini-Satellite Project, Test Procedure and Mission Implementation"; scientist_id: "04c117fe-c629-517e-91a5-8a44dda7d7f4";
2025-01-05 12:24:42 [knowledge_scraper.pipelines] INFO: Validation: set field to null - PublicationItem - validate_and_null: provided key "journal" is not in item -> identifier: "e46d37b7-2535-5b2d-92d9-4081ac2448b4"; title: "Analysis of data collected while CanSat mission"; scientist_id: "04c117fe-c629-517e-91a5-8a44dda7d7f4";
2025-01-05 12:24:42 [knowledge_scraper.pipelines] INFO: Validation: set field to null - PublicationItem - validate_and_null: provided key "publisher" is not in item -> identifier: "e46d37b7-2535-5b2d-92d9-4081ac2448b4"; title: "Analysis of data collected while CanSat mission"; scientist_id: "04c117fe-c629-517e-91a5-8a44dda7d7f4";
2025-01-05 12:24:43 [knowledge_scraper.pipelines] INFO: Validation: set field to null - PublicationItem - validate_and_null: provided key "journal" is not in item -> identifier: "75c0b53c-83a3-521c-a8d0-f58b77996121"; title: "Cascade classifier as a tool for quick camera calibration "; scientist_id: "04c117fe-c629-517e-91a5-8a44dda7d7f4";
2025-01-05 12:24:43 [knowledge_scraper.pipelines] INFO: Validation: set field to null - PublicationItem - validate_and_null: provided key "publisher" is not in item -> identifier: "75c0b53c-83a3-521c-a8d0-f58b77996121"; title: "Cascade classifier as a tool for quick camera calibration "; scientist_id: "04c117fe-c629-517e-91a5-8a44dda7d7f4";
2025-01-05 12:24:43 [knowledge_scraper.pipelines] INFO: Validation: set field to null - PublicationItem - validate_and_null: provided key "journal" is not in item -> identifier: "bb599265-1cf7-59bd-a270-312a18d75752"; title: "Comparison of suspension systems and chassis of selected Mars Rovers analogs with a focus on introduced improvement"; scientist_id: "04c117fe-c629-517e-91a5-8a44dda7d7f4";
2025-01-05 12:24:43 [knowledge_scraper.pipelines] INFO: Validation: set field to null - PublicationItem - validate_and_null: provided key "publisher" is not in item -> identifier: "bb599265-1cf7-59bd-a270-312a18d75752"; title: "Comparison of suspension systems and chassis of selected Mars Rovers analogs with a focus on introduced improvement"; scientist_id: "04c117fe-c629-517e-91a5-8a44dda7d7f4";
2025-01-05 12:24:43 [knowledge_scraper.pipelines] INFO: Validation: set field to null - PublicationItem - validate_and_null: provided key "journal" is not in item -> identifier: "28e6f2ea-3027-5216-a14c-ddb82c1fb877"; title: "Optimal design of the double inverted pendulum"; scientist_id: "04c117fe-c629-517e-91a5-8a44dda7d7f4";
2025-01-05 12:24:43 [knowledge_scraper.pipelines] INFO: Validation: set field to null - PublicationItem - validate_and_null: provided key "publisher" is not in item -> identifier: "28e6f2ea-3027-5216-a14c-ddb82c1fb877"; title: "Optimal design of the double inverted pendulum"; scientist_id: "04c117fe-c629-517e-91a5-8a44dda7d7f4";
2025-01-05 12:24:43 [scrapy.core.engine] INFO: Closing spider (finished)
2025-01-05 12:24:43 [scrapy.extensions.feedexport] INFO: Stored json feed (1463 items) in: output.json
2025-01-05 12:24:43 [scrapy.statscollectors] INFO: Dumping Scrapy stats:
{'downloader/exception_count': 2,
 'downloader/exception_type_count/twisted.internet.error.NoRouteError': 2,
 'downloader/request_bytes': 1215560,
 'downloader/request_count': 1426,
 'downloader/request_method_count/GET': 1426,
 'downloader/response_bytes': 53349325,
 'downloader/response_count': 1424,
 'downloader/response_status_count/200': 1424,
 'dupefilter/filtered': 34,
 'elapsed_time_seconds': 1305.713076,
 'feedexport/success_count/FileFeedStorage': 1,
 'finish_reason': 'finished',
 'finish_time': datetime.datetime(2025, 1, 5, 11, 24, 43, 916922, tzinfo=datetime.timezone.utc),
 'httpcompression/response_bytes': 97447975,
 'httpcompression/response_count': 1255,
 'item_scraped_count': 1463,
 'items_per_minute': None,
 'log_count/INFO': 2118,
 'log_count/WARNING': 35,
 'memusage/max': 155783168,
 'memusage/startup': 73306112,
 'playwright/browser_count': 1,
 'playwright/context_count': 1,
 'playwright/context_count/max_concurrent': 1,
 'playwright/context_count/persistent/False': 1,
 'playwright/context_count/remote/False': 1,
 'playwright/page_count': 169,
 'playwright/page_count/closed': 169,
 'playwright/page_count/max_concurrent': 8,
 'playwright/request_count': 11331,
 'playwright/request_count/aborted': 1414,
 'playwright/request_count/method/GET': 10922,
 'playwright/request_count/method/POST': 409,
 'playwright/request_count/navigation': 169,
 'playwright/request_count/resource_type/document': 169,
 'playwright/request_count/resource_type/fetch': 2,
 'playwright/request_count/resource_type/font': 2127,
 'playwright/request_count/resource_type/image': 1414,
 'playwright/request_count/resource_type/script': 4129,
 'playwright/request_count/resource_type/stylesheet': 2988,
 'playwright/request_count/resource_type/xhr': 502,
 'playwright/response_count': 9915,
 'playwright/response_count/method/GET': 9508,
 'playwright/response_count/method/POST': 407,
 'playwright/response_count/resource_type/document': 169,
 'playwright/response_count/resource_type/fetch': 1,
 'playwright/response_count/resource_type/font': 2127,
 'playwright/response_count/resource_type/script': 4129,
 'playwright/response_count/resource_type/stylesheet': 2988,
 'playwright/response_count/resource_type/xhr': 501,
 'request_depth_max': 9,
 'response_received_count': 1424,
 'responses_per_minute': None,
 'retry/count': 2,
 'retry/reason_count/twisted.internet.error.NoRouteError': 2,
 'scheduler/dequeued': 1426,
 'scheduler/dequeued/memory': 1426,
 'scheduler/enqueued': 1426,
 'scheduler/enqueued/memory': 1426,
 'start_time': datetime.datetime(2025, 1, 5, 11, 2, 58, 203846, tzinfo=datetime.timezone.utc)}
2025-01-05 12:24:43 [scrapy.core.engine] INFO: Spider closed (finished)
2025-01-05 12:24:43 [scrapy-playwright] INFO: Closing download handler
2025-01-05 12:24:43 [scrapy-playwright] INFO: Closing download handler
2025-01-05 12:24:43 [scrapy-playwright] INFO: Closing browser
